observed_at,ticker,close_time,minutes_remaining,strike,btc,yes_bid,yes_bid_size,yes_ask,yes_ask_size,yes_depth_5c,no_depth_5c,yes_depth_10c,no_depth_10c,yes_total,no_total,imbalance_touch,imbalance_5c,weighted_mid,mid,spread,n_yes_levels,n_no_levels,volume,open_interest,outcome
2026-08-25T04:34:47.303268+00:00,KXBTC15M-26AUG250045-45,2026-08-25T04:45:00Z,10.21,80258.47,80255.16,,0.0,,0.0,0,0,0,0,0,0,,,,,,0,0,574815.55,212385.15,
2026-08-25T04:35:07.562425+00:00,KXBTC15M-26AUG250045-45,2026-08-25T04:45:00Z,9.88,80258.47,80286.92,,0.0,,0.0,0,0,0,0,0,0,,,,,,0,0,574815.55,212385.15,
2026-08-25T04:35:27.798255+00:00,KXBTC15M-26AUG250045-45,2026-08-25T04:45:00Z,9.54,80258.47,80296.44,,0.0,,0.0,0,0,0,0,0,0,,,,,,0,0,615366.76,219290.12,
2026-08-25T04:35:48.106982+00:00,KXBTC15M-26AUG250045-45,2026-08-25T04:45:00Z,9.2,80258.47,80315.45,,0.0,,0.0,0,0,0,0,0,0,,,,,,0,0,670559.20,242746.93,
2026-08-25T04:36:08.314854+00:00,KXBTC15M-26AUG250045-45,2026-08-25T04:45:00Z,8.86,80258.47,80362.92,,0.0,,0.0,0,0,0,0,0,0,,,,,,0,0,670559.20,242746.93,
2026-08-25T04:36:28.570674+00:00,KXBTC15M-26AUG250045-45,2026-08-25T04:45:00Z,8.53,80258.47,80325.01,,0.0,,0.0,0,0,0,0,0,0,,,,,,0,0,763649.03,258529.00,
2026-08-25T04:36:48.837472+00:00,KXBTC15M-26AUG250045-45,2026-08-25T04:45:00Z,8.19,80258.47,80327.93,,0.0,,0.0,0,0,0,0,0,0,,,,,,0,0,809136.50,276449.66,
2026-08-25T04:37:09.057703+00:00,KXBTC15M-26AUG250045-45,2026-08-25T04:45:00Z,7.85,80258.47,80305.97,,0.0,,0.0,0,0,0,0,0,0,,,,,,0,0,809136.50,276449.66,
2026-08-25T04:37:29.331789+00:00,KXBTC15M-26AUG250045-45,2026-08-25T04:45:00Z,7.51,80258.47,80302.56,,0.0,,0.0,0,0,0,0,0,0,,,,,,0,0,854384.29,291714.59,
2026-08-25T04:37:49.551785+00:00,KXBTC15M-26AUG250045-45,2026-08-25T04:45:00Z,7.18,80258.47,80300.73,,0.0,,0.0,0,0,0,0,0,0,,,,,,0,0,854384.29,291714.59,
2026-08-25T04:38:09.742826+00:00,KXBTC15M-26AUG250045-45,2026-08-25T04:45:00Z,6.84,80258.47,80326.24,,0.0,,0.0,0,0,0,0,0,0,,,,,,0,0,888435.19,300232.55,
2026-08-25T04:38:29.965779+00:00,KXBTC15M-26AUG250045-45,2026-08-25T04:45:00Z,6.5,80258.47,80348.7,,0.0,,0.0,0,0,0,0,0,0,,,,,,0,0,888435.19,300232.55,
2026-08-25T04:38:50.266139+00:00,KXBTC15M-26AUG250045-45,2026-08-25T04:45:00Z,6.16,80258.47,80347.7,,0.0,,0.0,0,0,0,0,0,0,,,,,,0,0,921568.78,306953.94,
2026-08-25T04:39:10.543805+00:00,KXBTC15M-26AUG250045-45,2026-08-25T04:45:00Z,5.83,80258.47,80358.32,,0.0,,0.0,0,0,0,0,0,0,,,,,,0,0,995149.18,325883.25,
2026-08-25T04:39:30.841522+00:00,KXBTC15M-26AUG250045-45,2026-08-25T04:45:00Z,5.49,80258.47,80289.06,,0.0,,0.0,0,0,0,0,0,0,,,,,,0,0,995149.18,325883.25,
2026-08-25T04:39:51.167578+00:00,KXBTC15M-26AUG250045-45,2026-08-25T04:45:00Z,5.15,80258.47,80310.73,,0.0,,0.0,0,0,0,0,0,0,,,,,,0,0,1036704.30,330582.91,
2026-08-25T04:40:11.493235+00:00,KXBTC15M-26AUG250045-45,2026-08-25T04:45:00Z,4.81,80258.47,80283.23,,0.0,,0.0,0,0,0,0,0,0,,,,,,0,0,1078473.70,338188.53,
2026-08-25T04:40:31.705147+00:00,KXBTC15M-26AUG250045-45,2026-08-25T04:45:00Z,4.47,80258.47,80281.25,,0.0,,0.0,0,0,0,0,0,0,,,,,,0,0,1078473.70,338188.53,
2026-08-25T04:40:52.008149+00:00,KXBTC15M-26AUG250045-45,2026-08-25T04:45:00Z,4.14,80258.47,80315.46,,0.0,,0.0,0,0,0,0,0,0,,,,,,0,0,1138994.75,331163.98,
2026-08-25T04:41:12.260542+00:00,KXBTC15M-26AUG250045-45,2026-08-25T04:45:00Z,3.8,80258.47,80286.93,,0.0,,0.0,0,0,0,0,0,0,,,,,,0,0,1138994.75,331163.98,
2026-08-25T04:41:32.488828+00:00,KXBTC15M-26AUG250045-45,2026-08-25T04:45:00Z,3.46,80258.47,80216.89,,0.0,,0.0,0,0,0,0,0,0,,,,,,0,0,1180793.62,345242.97,
2026-08-25T04:41:52.727904+00:00,KXBTC15M-26AUG250045-45,2026-08-25T04:45:00Z,3.12,80258.47,80234.56,,0.0,,0.0,0,0,0,0,0,0,,,,,,0,0,1371592.40,256618.48,
2026-08-25T04:42:12.938588+00:00,KXBTC15M-26AUG250045-45,2026-08-25T04:45:00Z,2.79,80258.47,80244.08,,0.0,,0.0,0,0,0,0,0,0,,,,,,0,0,1371592.40,256618.48,
2026-08-25T04:42:33.155652+00:00,KXBTC15M-26AUG250045-45,2026-08-25T04:45:00Z,2.45,80258.47,80215.54,,0.0,,0.0,0,0,0,0,0,0,,,,,,0,0,1457441.90,272401.59,
2026-08-25T04:42:53.507619+00:00,KXBTC15M-26AUG250045-45,2026-08-25T04:45:00Z,2.11,80258.47,80197.61,,0.0,,0.0,0,0,0,0,0,0,,,,,,0,0,1568243.37,271977.59,
2026-08-25T04:43:13.819666+00:00,KXBTC15M-26AUG250045-45,2026-08-25T04:45:00Z,1.77,80258.47,80191.73,,0.0,,0.0,0,0,0,0,0,0,,,,,,0,0,1568243.37,271977.59,
2026-08-25T04:43:34.041901+00:00,KXBTC15M-26AUG250045-45,2026-08-25T04:45:00Z,1.43,80258.47,80207.41,,0.0,,0.0,0,0,0,0,0,0,,,,,,0,0,1733411.93,304691.42,
2026-08-25T04:43:54.341891+00:00,KXBTC15M-26AUG250045-45,2026-08-25T04:45:00Z,1.1,80258.47,80208.83,,0.0,,0.0,0,0,0,0,0,0,,,,,,0,0,1733411.93,304691.42,
2026-08-25T04:44:14.584089+00:00,KXBTC15M-26AUG250045-45,2026-08-25T04:45:00Z,0.76,80258.47,80204.14,,0.0,,0.0,0,0,0,0,0,0,,,,,,0,0,1882073.00,301014.19,
2026-08-25T04:44:34.836056+00:00,KXBTC15M-26AUG250045-45,2026-08-25T04:45:00Z,0.42,80258.47,80201.25,,0.0,,0.0,0,0,0,0,0,0,,,,,,0,0,1882073.00,301014.19,
2026-08-25T04:45:15.158637+00:00,KXBTC15M-26AUG250100-00,2026-08-25T05:00:00Z,14.75,80207.2,80225.05,,0.0,,0.0,0,0,0,0,0,0,,,,,,0,0,5425.57,4913.90,
2026-08-25T04:45:35.377993+00:00,KXBTC15M-26AUG250100-00,2026-08-25T05:00:00Z,14.41,80207.2,80220.29,,0.0,,0.0,0,0,0,0,0,0,,,,,,0,0,5425.57,4913.90,
2026-08-25T04:45:55.610275+00:00,KXBTC15M-26AUG250100-00,2026-08-25T05:00:00Z,14.07,80207.2,80258.32,,0.0,,0.0,0,0,0,0,0,0,,,,,,0,0,87957.27,62656.23,
2026-08-25T04:46:15.816928+00:00,KXBTC15M-26AUG250100-00,2026-08-25T05:00:00Z,13.74,80207.2,80277.4,,0.0,,0.0,0,0,0,0,0,0,,,,,,0,0,87957.27,62656.23,
2026-08-25T04:46:36.020610+00:00,KXBTC15M-26AUG250100-00,2026-08-25T05:00:00Z,13.4,80207.2,80291.51,,0.0,,0.0,0,0,0,0,0,0,,,,,,0,0,185948.57,91828.69,
2026-08-25T04:46:56.268188+00:00,KXBTC15M-26AUG250100-00,2026-08-25T05:00:00Z,13.06,80207.2,80308.71,,0.0,,0.0,0,0,0,0,0,0,,,,,,0,0,262266.49,135082.94,
2026-08-25T04:47:16.565140+00:00,KXBTC15M-26AUG250100-00,2026-08-25T05:00:00Z,12.73,80207.2,80324.79,,0.0,,0.0,0,0,0,0,0,0,,,,,,0,0,262266.49,135082.94,
2026-08-25T04:47:36.773935+00:00,KXBTC15M-26AUG250100-00,2026-08-25T05:00:00Z,12.39,80207.2,80271.03,,0.0,,0.0,0,0,0,0,0,0,,,,,,0,0,321681.78,177197.19,
2026-08-25T04:47:57.065834+00:00,KXBTC15M-26AUG250100-00,2026-08-25T05:00:00Z,12.05,80207.2,80282.14,,0.0,,0.0,0,0,0,0,0,0,,,,,,0,0,379050.23,204362.58,
2026-08-25T04:48:17.304946+00:00,KXBTC15M-26AUG250100-00,2026-08-25T05:00:00Z,11.71,80207.2,80236.54,,0.0,,0.0,0,0,0,0,0,0,,,,,,0,0,379050.23,204362.58,
2026-08-25T04:48:37.611500+00:00,KXBTC15M-26AUG250100-00,2026-08-25T05:00:00Z,11.38,80207.2,80269.57,,0.0,,0.0,0,0,0,0,0,0,,,,,,0,0,440495.24,216755.52,
2026-08-25T04:48:57.927608+00:00,KXBTC15M-26AUG250100-00,2026-08-25T05:00:00Z,11.04,80207.2,80266.6,,0.0,,0.0,0,0,0,0,0,0,,,,,,0,0,440495.24,216755.52,
2026-08-25T04:49:18.141418+00:00,KXBTC15M-26AUG250100-00,2026-08-25T05:00:00Z,10.7,80207.2,80263.46,,0.0,,0.0,0,0,0,0,0,0,,,,,,0,0,496357.66,225506.32,
2026-08-25T04:49:38.420273+00:00,KXBTC15M-26AUG250100-00,2026-08-25T05:00:00Z,10.36,80207.2,80267.8,,0.0,,0.0,0,0,0,0,0,0,,,,,,0,0,496357.66,225506.32,
2026-08-25T04:49:58.649767+00:00,KXBTC15M-26AUG250100-00,2026-08-25T05:00:00Z,10.02,80207.2,80281.22,,0.0,,0.0,0,0,0,0,0,0,,,,,,0,0,540546.73,244147.10,
2026-08-25T04:50:18.957927+00:00,KXBTC15M-26AUG250100-00,2026-08-25T05:00:00Z,9.69,80207.2,80292.29,,0.0,,0.0,0,0,0,0,0,0,,,,,,0,0,572692.23,262794.36,
2026-08-25T04:50:39.196843+00:00,KXBTC15M-26AUG250100-00,2026-08-25T05:00:00Z,9.35,80207.2,80300.0,,0.0,,0.0,0,0,0,0,0,0,,,,,,0,0,572692.23,262794.36,
2026-08-25T04:50:59.430750+00:00,KXBTC15M-26AUG250100-00,2026-08-25T05:00:00Z,9.01,80207.2,80300.16,,0.0,,0.0,0,0,0,0,0,0,,,,,,0,0,630958.66,289845.84,
2026-08-25T04:51:19.768711+00:00,KXBTC15M-26AUG250100-00,2026-08-25T05:00:00Z,8.67,80207.2,80296.79,,0.0,,0.0,0,0,0,0,0,0,,,,,,0,0,630958.66,289845.84,
2026-08-25T04:51:40.027537+00:00,KXBTC15M-26AUG250100-00,2026-08-25T05:00:00Z,8.33,80207.2,80299.54,,0.0,,0.0,0,0,0,0,0,0,,,,,,0,0,673643.51,312175.55,
2026-08-25T04:52:00.263539+00:00,KXBTC15M-26AUG250100-00,2026-08-25T05:00:00Z,8.0,80207.2,80310.71,,0.0,,0.0,0,0,0,0,0,0,,,,,,0,0,716240.30,329801.30,
2026-08-25T04:52:20.519592+00:00,KXBTC15M-26AUG250100-00,2026-08-25T05:00:00Z,7.66,80207.2,80279.31,,0.0,,0.0,0,0,0,0,0,0,,,,,,0,0,716240.30,329801.30,
2026-08-25T04:52:40.762792+00:00,KXBTC15M-26AUG250100-00,2026-08-25T05:00:00Z,7.32,80207.2,80290.32,,0.0,,0.0,0,0,0,0,0,0,,,,,,0,0,757803.19,338706.84,
2026-08-25T04:53:01.000046+00:00,KXBTC15M-26AUG250100-00,2026-08-25T05:00:00Z,6.99,80207.2,80284.93,,0.0,,0.0,0,0,0,0,0,0,,,,,,0,0,757803.19,338706.84,
2026-08-25T04:53:21.272656+00:00,KXBTC15M-26AUG250100-00,2026-08-25T05:00:00Z,6.65,80207.2,80266.76,,0.0,,0.0,0,0,0,0,0,0,,,,,,0,0,786550.71,351365.98,
2026-08-25T04:53:41.510514+00:00,KXBTC15M-26AUG250100-00,2026-08-25T05:00:00Z,6.31,80207.2,80272.64,,0.0,,0.0,0,0,0,0,0,0,,,,,,0,0,855596.97,338858.64,
2026-08-25T04:54:01.781264+00:00,KXBTC15M-26AUG250100-00,2026-08-25T05:00:00Z,5.97,80207.2,80243.08,,0.0,,0.0,0,0,0,0,0,0,,,,,,0,0,855596.97,338858.64,
2026-08-25T04:54:22.094463+00:00,KXBTC15M-26AUG250100-00,2026-08-25T05:00:00Z,5.63,80207.2,80248.88,,0.0,,0.0,0,0,0,0,0,0,,,,,,0,0,888689.19,348223.07,
2026-08-25T04:54:42.304034+00:00,KXBTC15M-26AUG250100-00,2026-08-25T05:00:00Z,5.3,80207.2,80238.75,,0.0,,0.0,0,0,0,0,0,0,,,,,,0,0,888689.19,348223.07,
2026-08-25T04:55:02.564434+00:00,KXBTC15M-26AUG250100-00,2026-08-25T05:00:00Z,4.96,80207.2,80218.1,,0.0,,0.0,0,0,0,0,0,0,,,,,,0,0,928658.09,348379.72,
2026-08-25T04:55:22.871137+00:00,KXBTC15M-26AUG250100-00,2026-08-25T05:00:00Z,4.62,80207.2,80206.56,,0.0,,0.0,0,0,0,0,0,0,,,,,,0,0,928658.09,348379.72,
2026-08-25T04:55:43.134567+00:00,KXBTC15M-26AUG250100-00,2026-08-25T05:00:00Z,4.28,80207.2,80239.33,,0.0,,0.0,0,0,0,0,0,0,,,,,,0,0,994262.12,342063.71,
2026-08-25T04:56:03.389610+00:00,KXBTC15M-26AUG250100-00,2026-08-25T05:00:00Z,3.95,80207.2,80239.32,,0.0,,0.0,0,0,0,0,0,0,,,,,,0,0,1065362.42,344887.24,
2026-08-25T04:56:23.613981+00:00,KXBTC15M-26AUG250100-00,2026-08-25T05:00:00Z,3.61,80207.2,80224.79,,0.0,,0.0,0,0,0,0,0,0,,,,,,0,0,1065362.42,344887.24,
2026-08-25T04:56:43.963348+00:00,KXBTC15M-26AUG250100-00,2026-08-25T05:00:00Z,3.27,80207.2,80215.54,,0.0,,0.0,0,0,0,0,0,0,,,,,,0,0,1113938.29,349827.80,
2026-08-25T04:57:04.288502+00:00,KXBTC15M-26AUG250100-00,2026-08-25T05:00:00Z,2.93,80207.2,80208.94,,0.0,,0.0,0,0,0,0,0,0,,,,,,0,0,1166350.59,352259.36,
2026-08-25T04:57:24.502899+00:00,KXBTC15M-26AUG250100-00,2026-08-25T05:00:00Z,2.59,80207.2,80201.24,,0.0,,0.0,0,0,0,0,0,0,,,,,,0,0,1166350.59,352259.36,
2026-08-25T04:57:44.766686+00:00,KXBTC15M-26AUG250100-00,2026-08-25T05:00:00Z,2.26,80207.2,80238.72,,0.0,,0.0,0,0,0,0,0,0,,,,,,0,0,1243193.82,343092.77,
2026-08-25T04:58:05.005454+00:00,KXBTC15M-26AUG250100-00,2026-08-25T05:00:00Z,1.92,80207.2,80253.6,,0.0,,0.0,0,0,0,0,0,0,,,,,,0,0,1243193.82,343092.77,
2026-08-25T04:58:25.246239+00:00,KXBTC15M-26AUG250100-00,2026-08-25T05:00:00Z,1.58,80207.2,80239.34,,0.0,,0.0,0,0,0,0,0,0,,,,,,0,0,1352302.65,338254.56,
2026-08-25T04:58:45.434889+00:00,KXBTC15M-26AUG250100-00,2026-08-25T05:00:00Z,1.24,80207.2,80254.93,,0.0,,0.0,0,0,0,0,0,0,,,,,,0,0,1352302.65,338254.56,
2026-08-25T04:59:05.679969+00:00,KXBTC15M-26AUG250100-00,2026-08-25T05:00:00Z,0.91,80207.2,80270.09,,0.0,,0.0,0,0,0,0,0,0,,,,,,0,0,1517243.15,350460.12,
2026-08-25T04:59:25.879116+00:00,KXBTC15M-26AUG250100-00,2026-08-25T05:00:00Z,0.57,80207.2,80294.2,,0.0,,0.0,0,0,0,0,0,0,,,,,,0,0,1712701.78,404457.02,
2026-08-25T04:59:46.136781+00:00,KXBTC15M-26AUG250100-00,2026-08-25T05:00:00Z,0.23,80207.2,80347.95,,0.0,,0.0,0,0,0,0,0,0,,,,,,0,0,1712701.78,404457.02,
2026-08-25T05:00:26.525711+00:00,KXBTC15M-26AUG250115-15,2026-08-25T05:15:00Z,14.56,80312.36,80349.86,,0.0,,0.0,0,0,0,0,0,0,,,,,,0,0,21637.34,17522.03,
2026-08-25T05:00:46.797471+00:00,KXBTC15M-26AUG250115-15,2026-08-25T05:15:00Z,14.22,80312.36,80310.73,,0.0,,0.0,0,0,0,0,0,0,,,,,,0,0,21637.34,17522.03,
2026-08-25T05:01:07.136181+00:00,KXBTC15M-26AUG250115-15,2026-08-25T05:15:00Z,13.88,80312.36,80359.16,,0.0,,0.0,0,0,0,0,0,0,,,,,,0,0,79133.36,52359.61,
2026-08-25T05:01:27.400260+00:00,KXBTC15M-26AUG250115-15,2026-08-25T05:15:00Z,13.54,80312.36,80377.78,,0.0,,0.0,0,0,0,0,0,0,,,,,,0,0,129742.53,83546.86,
2026-08-25T05:01:47.624761+00:00,KXBTC15M-26AUG250115-15,2026-08-25T05:15:00Z,13.21,80312.36,80380.54,,0.0,,0.0,0,0,0,0,0,0,,,,,,0,0,129742.53,83546.86,
2026-08-25T05:02:07.883242+00:00,KXBTC15M-26AUG250115-15,2026-08-25T05:15:00Z,12.87,80312.36,80434.16,,0.0,,0.0,0,0,0,0,0,0,,,,,,0,0,255360.38,178625.98,
2026-08-25T05:02:28.101513+00:00,KXBTC15M-26AUG250115-15,2026-08-25T05:15:00Z,12.53,80312.36,80396.4,,0.0,,0.0,0,0,0,0,0,0,,,,,,0,0,255360.38,178625.98,
2026-08-25T05:02:48.323850+00:00,KXBTC15M-26AUG250115-15,2026-08-25T05:15:00Z,12.2,80312.36,80401.14,,0.0,,0.0,0,0,0,0,0,0,,,,,,0,0,318150.18,222117.71,
2026-08-25T05:03:08.584258+00:00,KXBTC15M-26AUG250115-15,2026-08-25T05:15:00Z,11.86,80312.36,80420.48,,0.0,,0.0,0,0,0,0,0,0,,,,,,0,0,318150.18,222117.71,
2026-08-25T05:03:28.898262+00:00,KXBTC15M-26AUG250115-15,2026-08-25T05:15:00Z,11.52,80312.36,80427.61,,0.0,,0.0,0,0,0,0,0,0,,,,,,0,0,371787.11,248196.32,
2026-08-25T05:03:49.117659+00:00,KXBTC15M-26AUG250115-15,2026-08-25T05:15:00Z,11.18,80312.36,80432.48,,0.0,,0.0,0,0,0,0,0,0,,,,,,0,0,429280.37,279861.22,
2026-08-25T05:04:09.393961+00:00,KXBTC15M-26AUG250115-15,2026-08-25T05:15:00Z,10.85,80312.36,80446.2,,0.0,,0.0,0,0,0,0,0,0,,,,,,0,0,429280.37,279861.22,
2026-08-25T05:04:29.633735+00:00,KXBTC15M-26AUG250115-15,2026-08-25T05:15:00Z,10.51,80312.36,80420.24,,0.0,,0.0,0,0,0,0,0,0,,,,,,0,0,518252.44,313833.76,
2026-08-25T05:04:49.842860+00:00,KXBTC15M-26AUG250115-15,2026-08-25T05:15:00Z,10.17,80312.36,80455.34,,0.0,,0.0,0,0,0,0,0,0,,,,,,0,0,564782.63,340582.85,
2026-08-25T05:05:10.067834+00:00,KXBTC15M-26AUG250115-15,2026-08-25T05:15:00Z,9.83,80312.36,80463.02,,0.0,,0.0,0,0,0,0,0,0,,,,,,0,0,564782.63,340582.85,
2026-08-25T05:05:30.327366+00:00,KXBTC15M-26AUG250115-15,2026-08-25T05:15:00Z,9.5,80312.36,80432.05,,0.0,,0.0,0,0,0,0,0,0,,,,,,0,0,608641.15,361669.34,
2026-08-25T05:05:50.570138+00:00,KXBTC15M-26AUG250115-15,2026-08-25T05:15:00Z,9.16,80312.36,80442.87,,0.0,,0.0,0,0,0,0,0,0,,,,,,0,0,608641.15,361669.34,
2026-08-25T05:06:10.789964+00:00,KXBTC15M-26AUG250115-15,2026-08-25T05:15:00Z,8.82,80312.36,80477.32,,0.0,,0.0,0,0,0,0,0,0,,,,,,0,0,661376.11,382163.06,
2026-08-25T05:06:30.997849+00:00,KXBTC15M-26AUG250115-15,2026-08-25T05:15:00Z,8.49,80312.36,80477.33,,0.0,,0.0,0,0,0,0,0,0,,,,,,0,0,661376.11,382163.06,
2026-08-25T05:06:51.237024+00:00,KXBTC15M-26AUG250115-15,2026-08-25T05:15:00Z,8.15,80312.36,80483.75,,0.0,,0.0,0,0,0,0,0,0,,,,,,0,0,742184.58,411513.84,
2026-08-25T05:07:11.541085+00:00,KXBTC15M-26AUG250115-15,2026-08-25T05:15:00Z,7.81,80312.36,80483.81,,0.0,,0.0,0,0,0,0,0,0,,,,,,0,0,796246.71,430971.34,
2026-08-25T05:07:31.846795+00:00,KXBTC15M-26AUG250115-15,2026-08-25T05:15:00Z,7.47,80312.36,80501.12,,0.0,,0.0,0,0,0,0,0,0,,,,,,0,0,796246.71,430971.34,
2026-08-25T05:07:52.122530+00:00,KXBTC15M-26AUG250115-15,2026-08-25T05:15:00Z,7.13,80312.36,80511.75,,0.0,,0.0,0,0,0,0,0,0,,,,,,0,0,867265.75,463667.31,
2026-08-25T05:08:12.356989+00:00,KXBTC15M-26AUG250115-15,2026-08-25T05:15:00Z,6.8,80312.36,80520.16,,0.0,,0.0,0,0,0,0,0,0,,,,,,0,0,902799.54,475105.65,
2026-08-25T05:08:32.647014+00:00,KXBTC15M-26AUG250115-15,2026-08-25T05:15:00Z,6.46,80312.36,80520.16,,0.0,,0.0,0,0,0,0,0,0,,,,,,0,0,902799.54,475105.65,
2026-08-25T05:08:52.885218+00:00,KXBTC15M-26AUG250115-15,2026-08-25T05:15:00Z,6.12,80312.36,80534.43,,0.0,,0.0,0,0,0,0,0,0,,,,,,0,0,963623.73,492664.59,
2026-08-25T05:09:13.108180+00:00,KXBTC15M-26AUG250115-15,2026-08-25T05:15:00Z,5.78,80312.36,80538.93,,0.0,,0.0,0,0,0,0,0,0,,,,,,0,0,963623.73,492664.59,
2026-08-25T05:09:33.393899+00:00,KXBTC15M-26AUG250115-15,2026-08-25T05:15:00Z,5.45,80312.36,80538.94,,0.0,,0.0,0,0,0,0,0,0,,,,,,0,0,1032347.41,513070.87,
2026-08-25T05:09:53.580209+00:00,KXBTC15M-26AUG250115-15,2026-08-25T05:15:00Z,5.11,80312.36,80542.55,,0.0,,0.0,0,0,0,0,0,0,,,,,,0,0,1112783.94,533327.11,
2026-08-25T05:10:13.801832+00:00,KXBTC15M-26AUG250115-15,2026-08-25T05:15:00Z,4.77,80312.36,80540.05,,0.0,,0.0,0,0,0,0,0,0,,,,,,0,0,1112783.94,533327.11,
2026-08-25T05:10:34.018927+00:00,KXBTC15M-26AUG250115-15,2026-08-25T05:15:00Z,4.43,80312.36,80520.16,,0.0,,0.0,0,0,0,0,0,0,,,,,,0,0,1157220.58,552526.89,
2026-08-25T05:10:54.256602+00:00,KXBTC15M-26AUG250115-15,2026-08-25T05:15:00Z,4.1,80312.36,80514.68,,0.0,,0.0,0,0,0,0,0,0,,,,,,0,0,1189353.84,571613.29,
2026-08-25T05:11:14.480989+00:00,KXBTC15M-26AUG250115-15,2026-08-25T05:15:00Z,3.76,80312.36,80526.86,,0.0,,0.0,0,0,0,0,0,0,,,,,,0,0,1189353.84,571613.29,
2026-08-25T05:11:34.759741+00:00,KXBTC15M-26AUG250115-15,2026-08-25T05:15:00Z,3.42,80312.36,80537.11,,0.0,,0.0,0,0,0,0,0,0,,,,,,0,0,1230909.17,590313.73,
2026-08-25T05:11:55.033792+00:00,KXBTC15M-26AUG250115-15,2026-08-25T05:15:00Z,3.08,80312.36,80506.23,,0.0,,0.0,0,0,0,0,0,0,,,,,,0,0,1283532.27,609294.46,
2026-08-25T05:12:15.305226+00:00,KXBTC15M-26AUG250115-15,2026-08-25T05:15:00Z,2.75,80312.36,80507.78,,0.0,,0.0,0,0,0,0,0,0,,,,,,0,0,1283532.27,609294.46,
2026-08-25T05:12:35.497161+00:00,KXBTC15M-26AUG250115-15,2026-08-25T05:15:00Z,2.41,80312.36,80544.13,,0.0,,0.0,0,0,0,0,0,0,,,,,,0,0,1323992.53,618108.11,
2026-08-25T05:12:55.725055+00:00,KXBTC15M-26AUG250115-15,2026-08-25T05:15:00Z,2.07,80312.36,80539.76,,0.0,,0.0,0,0,0,0,0,0,,,,,,0,0,1323992.53,618108.11,
2026-08-25T05:13:15.955741+00:00,KXBTC15M-26AUG250115-15,2026-08-25T05:15:00Z,1.74,80312.36,80525.0,,0.0,,0.0,0,0,0,0,0,0,,,,,,0,0,1544292.01,777908.49,
2026-08-25T05:13:36.276685+00:00,KXBTC15M-26AUG250115-15,2026-08-25T05:15:00Z,1.4,80312.36,80518.35,,0.0,,0.0,0,0,0,0,0,0,,,,,,0,0,1544292.01,777908.49,
2026-08-25T05:13:56.525880+00:00,KXBTC15M-26AUG250115-15,2026-08-25T05:15:00Z,1.06,80312.36,80519.73,,0.0,,0.0,0,0,0,0,0,0,,,,,,0,0,1615748.74,772694.10,
2026-08-25T05:14:16.793776+00:00,KXBTC15M-26AUG250115-15,2026-08-25T05:15:00Z,0.72,80312.36,80518.06,,0.0,,0.0,0,0,0,0,0,0,,,,,,0,0,1759827.36,806763.30,
2026-08-25T05:14:37.010973+00:00,KXBTC15M-26AUG250115-15,2026-08-25T05:15:00Z,0.38,80312.36,80517.94,,0.0,,0.0,0,0,0,0,0,0,,,,,,0,0,1759827.36,806763.30,
2026-08-25T05:15:17.314466+00:00,KXBTC15M-26AUG250130-30,2026-08-25T05:30:00Z,14.71,80527.36,80525.49,,0.0,,0.0,0,0,0,0,0,0,,,,,,0,0,1518.60,1503.72,
2026-08-25T05:15:37.557949+00:00,KXBTC15M-26AUG250130-30,2026-08-25T05:30:00Z,14.38,80527.36,80499.13,,0.0,,0.0,0,0,0,0,0,0,,,,,,0,0,1518.60,1503.72,
2026-08-25T05:15:57.783120+00:00,KXBTC15M-26AUG250130-30,2026-08-25T05:30:00Z,14.04,80527.36,80467.84,,0.0,,0.0,0,0,0,0,0,0,,,,,,0,0,89629.04,57300.10,
2026-08-25T05:16:17.993693+00:00,KXBTC15M-26AUG250130-30,2026-08-25T05:30:00Z,13.7,80527.36,80472.56,,0.0,,0.0,0,0,0,0,0,0,,,,,,0,0,190829.23,110807.34,
2026-08-25T05:16:38.218185+00:00,KXBTC15M-26AUG250130-30,2026-08-25T05:30:00Z,13.37,80527.36,80486.87,,0.0,,0.0,0,0,0,0,0,0,,,,,,0,0,190829.23,110807.34,
2026-08-25T05:16:58.444819+00:00,KXBTC15M-26AUG250130-30,2026-08-25T05:30:00Z,13.03,80527.36,80453.54,,0.0,,0.0,0,0,0,0,0,0,,,,,,0,0,190829.23,110807.34,
2026-08-25T05:17:18.637719+00:00,KXBTC15M-26AUG250130-30,2026-08-25T05:30:00Z,12.69,80527.36,80474.15,,0.0,,0.0,0,0,0,0,0,0,,,,,,0,0,281279.74,147411.33,
2026-08-25T05:17:38.925903+00:00,KXBTC15M-26AUG250130-30,2026-08-25T05:30:00Z,12.35,80527.36,80477.33,,0.0,,0.0,0,0,0,0,0,0,,,,,,0,0,326893.01,167862.36,
2026-08-25T05:17:59.190415+00:00,KXBTC15M-26AUG250130-30,2026-08-25T05:30:00Z,12.02,80527.36,80467.81,,0.0,,0.0,0,0,0,0,0,0,,,,,,0,0,326893.01,167862.36,
2026-08-25T05:18:19.524267+00:00,KXBTC15M-26AUG250130-30,2026-08-25T05:30:00Z,11.68,80527.36,80485.02,,0.0,,0.0,0,0,0,0,0,0,,,,,,0,0,366110.72,190080.58,
2026-08-25T05:18:39.747091+00:00,KXBTC15M-26AUG250130-30,2026-08-25T05:30:00Z,11.34,80527.36,80484.02,,0.0,,0.0,0,0,0,0,0,0,,,,,,0,0,422025.01,220768.64,
2026-08-25T05:19:00.000622+00:00,KXBTC15M-26AUG250130-30,2026-08-25T05:30:00Z,11.0,80527.36,80553.48,,0.0,,0.0,0,0,0,0,0,0,,,,,,0,0,422025.01,220768.64,
2026-08-25T05:19:20.240719+00:00,KXBTC15M-26AUG250130-30,2026-08-25T05:30:00Z,10.66,80527.36,80538.27,,0.0,,0.0,0,0,0,0,0,0,,,,,,0,0,492447.70,242418.81,
2026-08-25T05:19:40.483873+00:00,KXBTC15M-26AUG250130-30,2026-08-25T05:30:00Z,10.33,80527.36,80555.22,,0.0,,0.0,0,0,0,0,0,0,,,,,,0,0,583223.68,231579.66,
2026-08-25T05:20:00.695644+00:00,KXBTC15M-26AUG250130-30,2026-08-25T05:30:00Z,9.99,80527.36,80526.62,,0.0,,0.0,0,0,0,0,0,0,,,,,,0,0,583223.68,231579.66,
2026-08-25T05:20:20.972352+00:00,KXBTC15M-26AUG250130-30,2026-08-25T05:30:00Z,9.65,80527.36,80556.85,,0.0,,0.0,0,0,0,0,0,0,,,,,,0,0,663689.39,233239.17,
2026-08-25T05:20:41.191847+00:00,KXBTC15M-26AUG250130-30,2026-08-25T05:30:00Z,9.32,80527.36,80530.01,,0.0,,0.0,0,0,0,0,0,0,,,,,,0,0,663689.39,233239.17,
2026-08-25T05:21:01.408447+00:00,KXBTC15M-26AUG250130-30,2026-08-25T05:30:00Z,8.98,80527.36,80488.72,,0.0,,0.0,0,0,0,0,0,0,,,,,,0,0,721977.19,247690.56,
2026-08-25T05:21:21.694002+00:00,KXBTC15M-26AUG250130-30,2026-08-25T05:30:00Z,8.64,80527.36,80475.04,,0.0,,0.0,0,0,0,0,0,0,,,,,,0,0,721977.19,247690.56,
2026-08-25T05:21:41.964999+00:00,KXBTC15M-26AUG250130-30,2026-08-25T05:30:00Z,8.3,80527.36,80460.95,,0.0,,0.0,0,0,0,0,0,0,,,,,,0,0,787285.08,252017.23,
2026-08-25T05:22:02.176253+00:00,KXBTC15M-26AUG250130-30,2026-08-25T05:30:00Z,7.97,80527.36,80501.12,,0.0,,0.0,0,0,0,0,0,0,,,,,,0,0,901518.86,298971.85,
2026-08-25T05:22:22.485327+00:00,KXBTC15M-26AUG250130-30,2026-08-25T05:30:00Z,7.63,80527.36,80515.4,,0.0,,0.0,0,0,0,0,0,0,,,,,,0,0,901518.86,298971.85,
2026-08-25T05:22:42.744044+00:00,KXBTC15M-26AUG250130-30,2026-08-25T05:30:00Z,7.29,80527.36,80516.86,,0.0,,0.0,0,0,0,0,0,0,,,,,,0,0,957489.61,307599.35,
2026-08-25T05:23:02.996251+00:00,KXBTC15M-26AUG250130-30,2026-08-25T05:30:00Z,6.95,80527.36,80538.29,,0.0,,0.0,0,0,0,0,0,0,,,,,,0,0,1026526.94,282786.27,
2026-08-25T05:23:23.242494+00:00,KXBTC15M-26AUG250130-30,2026-08-25T05:30:00Z,6.61,80527.36,80516.86,,0.0,,0.0,0,0,0,0,0,0,,,,,,0,0,1026526.94,282786.27,
2026-08-25T05:23:43.458912+00:00,KXBTC15M-26AUG250130-30,2026-08-25T05:30:00Z,6.28,80527.36,80509.34,,0.0,,0.0,0,0,0,0,0,0,,,,,,0,0,1072107.25,286616.18,
2026-08-25T05:24:03.658212+00:00,KXBTC15M-26AUG250130-30,2026-08-25T05:30:00Z,5.94,80527.36,80509.03,,0.0,,0.0,0,0,0,0,0,0,,,,,,0,0,1107983.38,299899.09,
2026-08-25T05:24:23.876594+00:00,KXBTC15M-26AUG250130-30,2026-08-25T05:30:00Z,5.6,80527.36,80524.92,,0.0,,0.0,0,0,0,0,0,0,,,,,,0,0,1107983.38,299899.09,
2026-08-25T05:24:44.156946+00:00,KXBTC15M-26AUG250130-30,2026-08-25T05:30:00Z,5.27,80527.36,80496.36,,0.0,,0.0,0,0,0,0,0,0,,,,,,0,0,1153442.96,308680.37,
2026-08-25T05:25:04.350756+00:00,KXBTC15M-26AUG250130-30,2026-08-25T05:30:00Z,4.93,80527.36,80524.91,,0.0,,0.0,0,0,0,0,0,0,,,,,,0,0,1190626.20,311837.62,
2026-08-25T05:25:24.609484+00:00,KXBTC15M-26AUG250130-30,2026-08-25T05:30:00Z,4.59,80527.36,80567.76,,0.0,,0.0,0,0,0,0,0,0,,,,,,0,0,1190626.20,311837.62,
2026-08-25T05:25:44.831496+00:00,KXBTC15M-26AUG250130-30,2026-08-25T05:30:00Z,4.25,80527.36,80582.04,,0.0,,0.0,0,0,0,0,0,0,,,,,,0,0,1190626.20,311837.62,
2026-08-25T05:26:05.103567+00:00,KXBTC15M-26AUG250130-30,2026-08-25T05:30:00Z,3.92,80527.36,80599.33,,0.0,,0.0,0,0,0,0,0,0,,,,,,0,0,1278502.01,295832.66,
2026-08-25T05:26:25.361636+00:00,KXBTC15M-26AUG250130-30,2026-08-25T05:30:00Z,3.58,80527.36,80582.05,,0.0,,0.0,0,0,0,0,0,0,,,,,,0,0,1395622.17,300736.83,
2026-08-25T05:28:25.209163+00:00,KXBTC15M-26AUG250130-30,2026-08-25T05:30:00Z,1.58,80527.36,80632.74,,0.0,,0.0,0,0,0,0,0,0,,,,,,0,0,1825613.72,357502.76,
2026-08-25T05:28:45.459505+00:00,KXBTC15M-26AUG250130-30,2026-08-25T05:30:00Z,1.24,80527.36,80632.05,,0.0,,0.0,0,0,0,0,0,0,,,,,,0,0,1825613.72,357502.76,
2026-08-25T05:29:05.618194+00:00,KXBTC15M-26AUG250130-30,2026-08-25T05:30:00Z,0.91,80527.36,80631.27,,0.0,,0.0,0,0,0,0,0,0,,,,,,0,0,1902424.93,382405.07,
2026-08-25T05:29:25.747352+00:00,KXBTC15M-26AUG250130-30,2026-08-25T05:30:00Z,0.57,80527.36,80643.91,,0.0,,0.0,0,0,0,0,0,0,,,,,,0,0,1902424.93,382405.07,
2026-08-25T05:29:45.884204+00:00,KXBTC15M-26AUG250130-30,2026-08-25T05:30:00Z,0.24,80527.36,80682.01,,0.0,,0.0,0,0,0,0,0,0,,,,,,0,0,1958994.65,395284.54,
2026-08-25T05:30:46.377990+00:00,KXBTC15M-26AUG250145-45,2026-08-25T05:45:00Z,14.23,80653.16,80613.34,,0.0,,0.0,0,0,0,0,0,0,,,,,,0,0,31669.14,22211.87,
2026-08-25T05:31:06.539676+00:00,KXBTC15M-26AUG250145-45,2026-08-25T05:45:00Z,13.89,80653.16,80629.55,,0.0,,0.0,0,0,0,0,0,0,,,,,,0,0,118818.00,69902.93,
2026-08-25T05:31:26.835905+00:00,KXBTC15M-26AUG250145-45,2026-08-25T05:45:00Z,13.56,80653.16,80643.93,,0.0,,0.0,0,0,0,0,0,0,,,,,,0,0,118818.00,69902.93,
2026-08-25T05:31:46.980109+00:00,KXBTC15M-26AUG250145-45,2026-08-25T05:45:00Z,13.22,80653.16,80667.72,,0.0,,0.0,0,0,0,0,0,0,,,,,,0,0,231673.51,132510.70,
2026-08-25T05:32:07.154607+00:00,KXBTC15M-26AUG250145-45,2026-08-25T05:45:00Z,12.88,80653.16,80679.56,,0.0,,0.0,0,0,0,0,0,0,,,,,,0,0,231673.51,132510.70,
2026-08-25T05:32:27.280066+00:00,KXBTC15M-26AUG250145-45,2026-08-25T05:45:00Z,12.55,80653.16,80728.57,,0.0,,0.0,0,0,0,0,0,0,,,,,,0,0,325912.24,150980.62,
2026-08-25T05:32:47.436208+00:00,KXBTC15M-26AUG250145-45,2026-08-25T05:45:00Z,12.21,80653.16,80780.4,,0.0,,0.0,0,0,0,0,0,0,,,,,,0,0,325912.24,150980.62,
2026-08-25T05:33:07.738717+00:00,KXBTC15M-26AUG250145-45,2026-08-25T05:45:00Z,11.87,80653.16,80715.92,,0.0,,0.0,0,0,0,0,0,0,,,,,,0,0,407366.65,189402.11,
2026-08-25T05:33:27.892549+00:00,KXBTC15M-26AUG250145-45,2026-08-25T05:45:00Z,11.54,80653.16,80701.04,,0.0,,0.0,0,0,0,0,0,0,,,,,,0,0,465844.42,215545.31,
2026-08-25T05:33:48.154406+00:00,KXBTC15M-26AUG250145-45,2026-08-25T05:45:00Z,11.2,80653.16,80689.72,,0.0,,0.0,0,0,0,0,0,0,,,,,,0,0,465844.42,215545.31,
2026-08-25T05:34:08.335055+00:00,KXBTC15M-26AUG250145-45,2026-08-25T05:45:00Z,10.86,80653.16,80762.92,,0.0,,0.0,0,0,0,0,0,0,,,,,,0,0,520648.45,238612.79,
2026-08-25T05:34:28.476954+00:00,KXBTC15M-26AUG250145-45,2026-08-25T05:45:00Z,10.53,80653.16,80766.94,,0.0,,0.0,0,0,0,0,0,0,,,,,,0,0,520648.45,238612.79,
2026-08-25T05:34:48.622148+00:00,KXBTC15M-26AUG250145-45,2026-08-25T05:45:00Z,10.19,80653.16,80789.52,,0.0,,0.0,0,0,0,0,0,0,,,,,,0,0,571035.35,262338.12,
2026-08-25T05:35:08.806770+00:00,KXBTC15M-26AUG250145-45,2026-08-25T05:45:00Z,9.85,80653.16,80799.99,,0.0,,0.0,0,0,0,0,0,0,,,,,,0,0,633932.86,281972.61,
2026-08-25T05:35:29.016808+00:00,KXBTC15M-26AUG250145-45,2026-08-25T05:45:00Z,9.52,80653.16,80743.89,,0.0,,0.0,0,0,0,0,0,0,,,,,,0,0,633932.86,281972.61,
2026-08-25T05:35:49.243210+00:00,KXBTC15M-26AUG250145-45,2026-08-25T05:45:00Z,9.18,80653.16,80738.48,,0.0,,0.0,0,0,0,0,0,0,,,,,,0,0,665807.66,285174.49,
2026-08-25T05:36:09.613670+00:00,KXBTC15M-26AUG250145-45,2026-08-25T05:45:00Z,8.84,80653.16,80789.77,,0.0,,0.0,0,0,0,0,0,0,,,,,,0,0,707917.80,303641.73,
2026-08-25T05:36:29.756351+00:00,KXBTC15M-26AUG250145-45,2026-08-25T05:45:00Z,8.5,80653.16,80777.21,,0.0,,0.0,0,0,0,0,0,0,,,,,,0,0,707917.80,303641.73,
2026-08-25T05:36:49.881181+00:00,KXBTC15M-26AUG250145-45,2026-08-25T05:45:00Z,8.17,80653.16,80758.85,,0.0,,0.0,0,0,0,0,0,0,,,,,,0,0,748544.34,317752.50,
2026-08-25T05:37:10.168713+00:00,KXBTC15M-26AUG250145-45,2026-08-25T05:45:00Z,7.83,80653.16,80732.26,,0.0,,0.0,0,0,0,0,0,0,,,,,,0,0,748544.34,317752.50,
2026-08-25T05:37:30.413185+00:00,KXBTC15M-26AUG250145-45,2026-08-25T05:45:00Z,7.49,80653.16,80779.11,,0.0,,0.0,0,0,0,0,0,0,,,,,,0,0,798771.43,311946.08,
2026-08-25T05:37:50.641785+00:00,KXBTC15M-26AUG250145-45,2026-08-25T05:45:00Z,7.16,80653.16,80767.68,,0.0,,0.0,0,0,0,0,0,0,,,,,,0,0,842149.27,319639.52,
2026-08-25T05:38:10.894499+00:00,KXBTC15M-26AUG250145-45,2026-08-25T05:45:00Z,6.82,80653.16,80753.41,,0.0,,0.0,0,0,0,0,0,0,,,,,,0,0,842149.27,319639.52,
2026-08-25T05:38:31.097273+00:00,KXBTC15M-26AUG250145-45,2026-08-25T05:45:00Z,6.48,80653.16,80748.65,,0.0,,0.0,0,0,0,0,0,0,,,,,,0,0,885022.27,328220.92,
2026-08-25T05:38:51.495898+00:00,KXBTC15M-26AUG250145-45,2026-08-25T05:45:00Z,6.14,80653.16,80735.7,,0.0,,0.0,0,0,0,0,0,0,,,,,,0,0,938929.13,332014.81,
2026-08-25T05:39:11.843194+00:00,KXBTC15M-26AUG250145-45,2026-08-25T05:45:00Z,5.81,80653.16,80748.63,,0.0,,0.0,0,0,0,0,0,0,,,,,,0,0,938929.13,332014.81,
2026-08-25T05:39:32.189605+00:00,KXBTC15M-26AUG250145-45,2026-08-25T05:45:00Z,5.47,80653.16,80734.36,,0.0,,0.0,0,0,0,0,0,0,,,,,,0,0,1011523.11,346285.99,
2026-08-25T05:39:52.330817+00:00,KXBTC15M-26AUG250145-45,2026-08-25T05:45:00Z,5.13,80653.16,80752.36,,0.0,,0.0,0,0,0,0,0,0,,,,,,0,0,1011523.11,346285.99,
2026-08-25T05:40:12.556697+00:00,KXBTC15M-26AUG250145-45,2026-08-25T05:45:00Z,4.79,80653.16,80780.59,,0.0,,0.0,0,0,0,0,0,0,,,,,,0,0,1053495.27,358356.97,
2026-08-25T05:40:32.704545+00:00,KXBTC15M-26AUG250145-45,2026-08-25T05:45:00Z,4.46,80653.16,80748.0,,0.0,,0.0,0,0,0,0,0,0,,,,,,0,0,1167251.15,376854.38,
2026-08-25T05:40:52.972048+00:00,KXBTC15M-26AUG250145-45,2026-08-25T05:45:00Z,4.12,80653.16,80743.89,,0.0,,0.0,0,0,0,0,0,0,,,,,,0,0,1167251.15,376854.38,
2026-08-25T05:41:13.093593+00:00,KXBTC15M-26AUG250145-45,2026-08-25T05:45:00Z,3.78,80653.16,80761.57,,0.0,,0.0,0,0,0,0,0,0,,,,,,0,0,1210752.51,388463.05,
2026-08-25T05:41:33.272953+00:00,KXBTC15M-26AUG250145-45,2026-08-25T05:45:00Z,3.45,80653.16,80758.11,,0.0,,0.0,0,0,0,0,0,0,,,,,,0,0,1210752.51,388463.05,
2026-08-25T05:41:53.420081+00:00,KXBTC15M-26AUG250145-45,2026-08-25T05:45:00Z,3.11,80653.16,80763.66,,0.0,,0.0,0,0,0,0,0,0,,,,,,0,0,1277426.48,394163.27,
2026-08-25T05:42:13.600526+00:00,KXBTC15M-26AUG250145-45,2026-08-25T05:45:00Z,2.77,80653.16,80762.91,,0.0,,0.0,0,0,0,0,0,0,,,,,,0,0,1277426.48,394163.27,
2026-08-25T05:42:33.746053+00:00,KXBTC15M-26AUG250145-45,2026-08-25T05:45:00Z,2.44,80653.16,80762.91,,0.0,,0.0,0,0,0,0,0,0,,,,,,0,0,1335796.82,404013.27,
2026-08-25T05:42:53.893950+00:00,KXBTC15M-26AUG250145-45,2026-08-25T05:45:00Z,2.1,80653.16,80753.41,,0.0,,0.0,0,0,0,0,0,0,,,,,,0,0,1392856.14,412677.21,
2026-08-25T05:43:14.070720+00:00,KXBTC15M-26AUG250145-45,2026-08-25T05:45:00Z,1.77,80653.16,80764.92,,0.0,,0.0,0,0,0,0,0,0,,,,,,0,0,1392856.14,412677.21,
2026-08-25T05:43:34.258847+00:00,KXBTC15M-26AUG250145-45,2026-08-25T05:45:00Z,1.43,80653.16,80745.0,,0.0,,0.0,0,0,0,0,0,0,,,,,,0,0,1432313.58,419931.58,
2026-08-25T05:43:54.645685+00:00,KXBTC15M-26AUG250145-45,2026-08-25T05:45:00Z,1.09,80653.16,80720.53,,0.0,,0.0,0,0,0,0,0,0,,,,,,0,0,1490515.08,426261.88,
2026-08-25T05:44:14.907469+00:00,KXBTC15M-26AUG250145-45,2026-08-25T05:45:00Z,0.75,80653.16,80715.91,,0.0,,0.0,0,0,0,0,0,0,,,,,,0,0,1490515.08,426261.88,
2026-08-25T05:44:35.157922+00:00,KXBTC15M-26AUG250145-45,2026-08-25T05:45:00Z,0.42,80653.16,80694.54,,0.0,,0.0,0,0,0,0,0,0,,,,,,0,0,1604552.96,460793.86,
2026-08-25T05:45:35.597467+00:00,KXBTC15M-26AUG250200-00,2026-08-25T06:00:00Z,14.41,80698.81,80685.07,,0.0,,0.0,0,0,0,0,0,0,,,,,,0,0,50042.07,37011.40,
2026-08-25T05:45:55.741637+00:00,KXBTC15M-26AUG250200-00,2026-08-25T06:00:00Z,14.07,80698.81,80710.1,,0.0,,0.0,0,0,0,0,0,0,,,,,,0,0,50042.07,37011.40,
2026-08-25T05:46:15.955479+00:00,KXBTC15M-26AUG250200-00,2026-08-25T06:00:00Z,13.74,80698.81,80699.87,,0.0,,0.0,0,0,0,0,0,0,,,,,,0,0,130269.55,83901.82,
2026-08-25T05:46:36.116037+00:00,KXBTC15M-26AUG250200-00,2026-08-25T06:00:00Z,13.4,80698.81,80707.28,,0.0,,0.0,0,0,0,0,0,0,,,,,,0,0,130269.55,83901.82,
2026-08-25T05:46:56.293402+00:00,KXBTC15M-26AUG250200-00,2026-08-25T06:00:00Z,13.06,80698.81,80720.07,,0.0,,0.0,0,0,0,0,0,0,,,,,,0,0,198203.08,130546.65,
2026-08-25T05:47:16.430172+00:00,KXBTC15M-26AUG250200-00,2026-08-25T06:00:00Z,12.73,80698.81,80640.94,,0.0,,0.0,0,0,0,0,0,0,,,,,,0,0,253563.16,160399.89,
2026-08-25T05:47:36.551866+00:00,KXBTC15M-26AUG250200-00,2026-08-25T06:00:00Z,12.39,80698.81,80651.73,,0.0,,0.0,0,0,0,0,0,0,,,,,,0,0,253563.16,160399.89,
2026-08-25T05:47:56.785813+00:00,KXBTC15M-26AUG250200-00,2026-08-25T06:00:00Z,12.06,80698.81,80663.95,,0.0,,0.0,0,0,0,0,0,0,,,,,,0,0,343971.35,177406.30,
2026-08-25T05:48:17.052679+00:00,KXBTC15M-26AUG250200-00,2026-08-25T06:00:00Z,11.72,80698.81,80677.22,,0.0,,0.0,0,0,0,0,0,0,,,,,,0,0,343971.35,177406.30,
2026-08-25T05:48:37.289830+00:00,KXBTC15M-26AUG250200-00,2026-08-25T06:00:00Z,11.38,80698.81,80724.84,,0.0,,0.0,0,0,0,0,0,0,,,,,,0,0,387755.60,188059.89,
2026-08-25T05:48:57.662884+00:00,KXBTC15M-26AUG250200-00,2026-08-25T06:00:00Z,11.04,80698.81,80729.59,,0.0,,0.0,0,0,0,0,0,0,,,,,,0,0,435653.74,194296.36,
2026-08-25T05:49:17.908093+00:00,KXBTC15M-26AUG250200-00,2026-08-25T06:00:00Z,10.7,80698.81,80724.84,,0.0,,0.0,0,0,0,0,0,0,,,,,,0,0,435653.74,194296.36,
2026-08-25T05:49:38.137721+00:00,KXBTC15M-26AUG250200-00,2026-08-25T06:00:00Z,10.37,80698.81,80724.85,,0.0,,0.0,0,0,0,0,0,0,,,,,,0,0,491271.91,208462.28,
2026-08-25T05:49:58.350108+00:00,KXBTC15M-26AUG250200-00,2026-08-25T06:00:00Z,10.03,80698.81,80737.4,,0.0,,0.0,0,0,0,0,0,0,,,,,,0,0,534429.17,234554.45,
2026-08-25T05:50:18.496006+00:00,KXBTC15M-26AUG250200-00,2026-08-25T06:00:00Z,9.69,80698.81,80760.38,,0.0,,0.0,0,0,0,0,0,0,,,,,,0,0,534429.17,234554.45,
2026-08-25T05:50:38.633248+00:00,KXBTC15M-26AUG250200-00,2026-08-25T06:00:00Z,9.36,80698.81,80734.37,,0.0,,0.0,0,0,0,0,0,0,,,,,,0,0,534429.17,234554.45,
2026-08-25T05:50:58.843573+00:00,KXBTC15M-26AUG250200-00,2026-08-25T06:00:00Z,9.02,80698.81,80715.33,,0.0,,0.0,0,0,0,0,0,0,,,,,,0,0,633780.06,252248.79,
2026-08-25T05:51:19.044026+00:00,KXBTC15M-26AUG250200-00,2026-08-25T06:00:00Z,8.68,80698.81,80729.6,,0.0,,0.0,0,0,0,0,0,0,,,,,,0,0,696540.43,260999.01,
2026-08-25T05:51:39.201404+00:00,KXBTC15M-26AUG250200-00,2026-08-25T06:00:00Z,8.35,80698.81,80729.6,,0.0,,0.0,0,0,0,0,0,0,,,,,,0,0,696540.43,260999.01,
2026-08-25T05:51:59.777331+00:00,KXBTC15M-26AUG250200-00,2026-08-25T06:00:00Z,8.01,80698.81,80720.0,,0.0,,0.0,0,0,0,0,0,0,,,,,,0,0,741983.02,270856.52,
2026-08-25T05:52:20.052624+00:00,KXBTC15M-26AUG250200-00,2026-08-25T06:00:00Z,7.67,80698.81,80740.27,,0.0,,0.0,0,0,0,0,0,0,,,,,,0,0,785726.84,281950.11,
2026-08-25T05:52:40.387504+00:00,KXBTC15M-26AUG250200-00,2026-08-25T06:00:00Z,7.33,80698.81,80758.16,,0.0,,0.0,0,0,0,0,0,0,,,,,,0,0,785726.84,281950.11,
2026-08-25T05:53:00.526131+00:00,KXBTC15M-26AUG250200-00,2026-08-25T06:00:00Z,6.99,80698.81,80743.9,,0.0,,0.0,0,0,0,0,0,0,,,,,,0,0,868032.34,301653.31,
2026-08-25T05:53:20.665729+00:00,KXBTC15M-26AUG250200-00,2026-08-25T06:00:00Z,6.66,80698.81,80735.42,,0.0,,0.0,0,0,0,0,0,0,,,,,,0,0,907399.25,311566.25,
2026-08-25T05:53:40.799741+00:00,KXBTC15M-26AUG250200-00,2026-08-25T06:00:00Z,6.32,80698.81,80718.09,,0.0,,0.0,0,0,0,0,0,0,,,,,,0,0,907399.25,311566.25,
2026-08-25T05:54:01.103194+00:00,KXBTC15M-26AUG250200-00,2026-08-25T06:00:00Z,5.98,80698.81,80690.15,,0.0,,0.0,0,0,0,0,0,0,,,,,,0,0,950187.97,318035.66,
2026-08-25T05:54:21.364196+00:00,KXBTC15M-26AUG250200-00,2026-08-25T06:00:00Z,5.65,80698.81,80667.73,,0.0,,0.0,0,0,0,0,0,0,,,,,,0,0,1063756.24,313077.13,
2026-08-25T05:54:41.617486+00:00,KXBTC15M-26AUG250200-00,2026-08-25T06:00:00Z,5.31,80698.81,80646.54,,0.0,,0.0,0,0,0,0,0,0,,,,,,0,0,1063756.24,313077.13,
2026-08-25T05:55:01.786555+00:00,KXBTC15M-26AUG250200-00,2026-08-25T06:00:00Z,4.97,80698.81,80643.5,,0.0,,0.0,0,0,0,0,0,0,,,,,,0,0,1063756.24,313077.13,
2026-08-25T05:55:21.971834+00:00,KXBTC15M-26AUG250200-00,2026-08-25T06:00:00Z,4.64,80698.81,80734.36,,0.0,,0.0,0,0,0,0,0,0,,,,,,0,0,1217003.95,304535.03,
2026-08-25T05:55:42.178454+00:00,KXBTC15M-26AUG250200-00,2026-08-25T06:00:00Z,4.3,80698.81,80743.58,,0.0,,0.0,0,0,0,0,0,0,,,,,,0,0,1368901.36,288355.21,
2026-08-25T05:56:02.356339+00:00,KXBTC15M-26AUG250200-00,2026-08-25T06:00:00Z,3.96,80698.81,80751.83,,0.0,,0.0,0,0,0,0,0,0,,,,,,0,0,1368901.36,288355.21,
2026-08-25T05:56:22.515074+00:00,KXBTC15M-26AUG250200-00,2026-08-25T06:00:00Z,3.63,80698.81,80748.31,,0.0,,0.0,0,0,0,0,0,0,,,,,,0,0,1492285.71,291250.60,
2026-08-25T05:56:42.652959+00:00,KXBTC15M-26AUG250200-00,2026-08-25T06:00:00Z,3.29,80698.81,80745.26,,0.0,,0.0,0,0,0,0,0,0,,,,,,0,0,1574442.32,308323.02,
2026-08-25T05:57:02.847445+00:00,KXBTC15M-26AUG250200-00,2026-08-25T06:00:00Z,2.95,80698.81,80734.97,,0.0,,0.0,0,0,0,0,0,0,,,,,,0,0,1574442.32,308323.02,
2026-08-25T05:57:22.983679+00:00,KXBTC15M-26AUG250200-00,2026-08-25T06:00:00Z,2.62,80698.81,80747.07,,0.0,,0.0,0,0,0,0,0,0,,,,,,0,0,1654447.74,306223.94,
2026-08-25T05:57:43.147829+00:00,KXBTC15M-26AUG250200-00,2026-08-25T06:00:00Z,2.28,80698.81,80752.8,,0.0,,0.0,0,0,0,0,0,0,,,,,,0,0,1654447.74,306223.94,
2026-08-25T05:58:03.317958+00:00,KXBTC15M-26AUG250200-00,2026-08-25T06:00:00Z,1.95,80698.81,80727.85,,0.0,,0.0,0,0,0,0,0,0,,,,,,0,0,1766568.28,330696.82,
2026-08-25T05:58:23.448560+00:00,KXBTC15M-26AUG250200-00,2026-08-25T06:00:00Z,1.61,80698.81,80727.85,,0.0,,0.0,0,0,0,0,0,0,,,,,,0,0,1848326.71,338871.50,
2026-08-25T05:58:43.589267+00:00,KXBTC15M-26AUG250200-00,2026-08-25T06:00:00Z,1.27,80698.81,80725.07,,0.0,,0.0,0,0,0,0,0,0,,,,,,0,0,1848326.71,338871.50,
2026-08-25T05:59:03.838386+00:00,KXBTC15M-26AUG250200-00,2026-08-25T06:00:00Z,0.94,80698.81,80748.7,,0.0,,0.0,0,0,0,0,0,0,,,,,,0,0,1932769.71,348043.01,
2026-08-25T05:59:24.005481+00:00,KXBTC15M-26AUG250200-00,2026-08-25T06:00:00Z,0.6,80698.81,80696.29,,0.0,,0.0,0,0,0,0,0,0,,,,,,0,0,1932769.71,348043.01,
2026-08-25T05:59:44.211391+00:00,KXBTC15M-26AUG250200-00,2026-08-25T06:00:00Z,0.26,80698.81,80696.27,,0.0,,0.0,0,0,0,0,0,0,,,,,,0,0,2074567.13,325873.31,
2026-08-25T06:00:44.470192+00:00,KXBTC15M-26AUG250215-15,2026-08-25T06:15:00Z,14.26,80706.83,80671.36,,0.0,,0.0,0,0,0,0,0,0,,,,,,0,0,53082.69,33553.32,
2026-08-25T06:01:04.773253+00:00,KXBTC15M-26AUG250215-15,2026-08-25T06:15:00Z,13.92,80706.83,80667.72,,0.0,,0.0,0,0,0,0,0,0,,,,,,0,0,97247.12,60324.14,
2026-08-25T06:01:25.063868+00:00,KXBTC15M-26AUG250215-15,2026-08-25T06:15:00Z,13.58,80706.83,80693.22,,0.0,,0.0,0,0,0,0,0,0,,,,,,0,0,97247.12,60324.14,
2026-08-25T06:01:45.303960+00:00,KXBTC15M-26AUG250215-15,2026-08-25T06:15:00Z,13.25,80706.83,80691.49,,0.0,,0.0,0,0,0,0,0,0,,,,,,0,0,135027.32,79731.24,
2026-08-25T06:02:05.544665+00:00,KXBTC15M-26AUG250215-15,2026-08-25T06:15:00Z,12.91,80706.83,80673.19,,0.0,,0.0,0,0,0,0,0,0,,,,,,0,0,252217.71,140908.91,
2026-08-25T06:02:25.673356+00:00,KXBTC15M-26AUG250215-15,2026-08-25T06:15:00Z,12.57,80706.83,80691.54,,0.0,,0.0,0,0,0,0,0,0,,,,,,0,0,252217.71,140908.91,
2026-08-25T06:02:45.820777+00:00,KXBTC15M-26AUG250215-15,2026-08-25T06:15:00Z,12.24,80706.83,80677.25,,0.0,,0.0,0,0,0,0,0,0,,,,,,0,0,303596.56,162138.10,
2026-08-25T06:03:06.127927+00:00,KXBTC15M-26AUG250215-15,2026-08-25T06:15:00Z,11.9,80706.83,80701.05,,0.0,,0.0,0,0,0,0,0,0,,,,,,0,0,303596.56,162138.10,
2026-08-25T06:03:26.387825+00:00,KXBTC15M-26AUG250215-15,2026-08-25T06:15:00Z,11.56,80706.83,80723.58,,0.0,,0.0,0,0,0,0,0,0,,,,,,0,0,381640.09,192990.93,
2026-08-25T06:03:46.660608+00:00,KXBTC15M-26AUG250215-15,2026-08-25T06:15:00Z,11.22,80706.83,80738.81,,0.0,,0.0,0,0,0,0,0,0,,,,,,0,0,381640.09,192990.93,
2026-08-25T06:04:06.881269+00:00,KXBTC15M-26AUG250215-15,2026-08-25T06:15:00Z,10.89,80706.83,80682.01,,0.0,,0.0,0,0,0,0,0,0,,,,,,0,0,460961.86,211097.33,
2026-08-25T06:04:27.045227+00:00,KXBTC15M-26AUG250215-15,2026-08-25T06:15:00Z,10.55,80706.83,80706.26,,0.0,,0.0,0,0,0,0,0,0,,,,,,0,0,460961.86,211097.33,
2026-08-25T06:04:47.180745+00:00,KXBTC15M-26AUG250215-15,2026-08-25T06:15:00Z,10.21,80706.83,80697.27,,0.0,,0.0,0,0,0,0,0,0,,,,,,0,0,531735.73,227334.19,
2026-08-25T06:05:07.314112+00:00,KXBTC15M-26AUG250215-15,2026-08-25T06:15:00Z,9.88,80706.83,80690.57,,0.0,,0.0,0,0,0,0,0,0,,,,,,0,0,569683.40,238968.41,
2026-08-25T06:05:27.447242+00:00,KXBTC15M-26AUG250215-15,2026-08-25T06:15:00Z,9.54,80706.83,80667.72,,0.0,,0.0,0,0,0,0,0,0,,,,,,0,0,569683.40,238968.41,
2026-08-25T06:05:47.603332+00:00,KXBTC15M-26AUG250215-15,2026-08-25T06:15:00Z,9.21,80706.83,80642.81,,0.0,,0.0,0,0,0,0,0,0,,,,,,0,0,646578.10,259758.61,
2026-08-25T06:06:07.906153+00:00,KXBTC15M-26AUG250215-15,2026-08-25T06:15:00Z,8.87,80706.83,80724.84,,0.0,,0.0,0,0,0,0,0,0,,,,,,0,0,717350.23,296049.68,
2026-08-25T06:06:28.187695+00:00,KXBTC15M-26AUG250215-15,2026-08-25T06:15:00Z,8.53,80706.83,80708.17,,0.0,,0.0,0,0,0,0,0,0,,,,,,0,0,717350.23,296049.68,
2026-08-25T06:06:48.429336+00:00,KXBTC15M-26AUG250215-15,2026-08-25T06:15:00Z,8.19,80706.83,80724.02,,0.0,,0.0,0,0,0,0,0,0,,,,,,0,0,808795.99,293998.74,
2026-08-25T06:07:08.694522+00:00,KXBTC15M-26AUG250215-15,2026-08-25T06:15:00Z,7.86,80706.83,80730.72,,0.0,,0.0,0,0,0,0,0,0,,,,,,0,0,873635.82,295680.10,
2026-08-25T06:07:28.951940+00:00,KXBTC15M-26AUG250215-15,2026-08-25T06:15:00Z,7.52,80706.83,80735.37,,0.0,,0.0,0,0,0,0,0,0,,,,,,0,0,873635.82,295680.10,
2026-08-25T06:07:49.218606+00:00,KXBTC15M-26AUG250215-15,2026-08-25T06:15:00Z,7.18,80706.83,80694.79,,0.0,,0.0,0,0,0,0,0,0,,,,,,0,0,936508.32,293808.68,
2026-08-25T06:08:09.359669+00:00,KXBTC15M-26AUG250215-15,2026-08-25T06:15:00Z,6.84,80706.83,80688.3,,0.0,,0.0,0,0,0,0,0,0,,,,,,0,0,991425.28,296759.32,
2026-08-25T06:08:29.503275+00:00,KXBTC15M-26AUG250215-15,2026-08-25T06:15:00Z,6.51,80706.83,80692.82,,0.0,,0.0,0,0,0,0,0,0,,,,,,0,0,991425.28,296759.32,
2026-08-25T06:08:49.648327+00:00,KXBTC15M-26AUG250215-15,2026-08-25T06:15:00Z,6.17,80706.83,80699.82,,0.0,,0.0,0,0,0,0,0,0,,,,,,0,0,991425.28,296759.32,
2026-08-25T06:09:09.821061+00:00,KXBTC15M-26AUG250215-15,2026-08-25T06:15:00Z,5.84,80706.83,80724.84,,0.0,,0.0,0,0,0,0,0,0,,,,,,0,0,1035056.23,305342.56,
2026-08-25T06:09:29.977944+00:00,KXBTC15M-26AUG250215-15,2026-08-25T06:15:00Z,5.5,80706.83,80712.76,,0.0,,0.0,0,0,0,0,0,0,,,,,,0,0,1070923.01,306653.99,
2026-08-25T06:09:50.149668+00:00,KXBTC15M-26AUG250215-15,2026-08-25T06:15:00Z,5.17,80706.83,80734.36,,0.0,,0.0,0,0,0,0,0,0,,,,,,0,0,1070923.01,306653.99,
2026-08-25T06:10:10.295503+00:00,KXBTC15M-26AUG250215-15,2026-08-25T06:15:00Z,4.83,80706.83,80696.67,,0.0,,0.0,0,0,0,0,0,0,,,,,,0,0,1135084.55,313307.73,
2026-08-25T06:10:30.439073+00:00,KXBTC15M-26AUG250215-15,2026-08-25T06:15:00Z,4.49,80706.83,80708.98,,0.0,,0.0,0,0,0,0,0,0,,,,,,0,0,1249836.34,312481.72,
2026-08-25T06:10:50.612039+00:00,KXBTC15M-26AUG250215-15,2026-08-25T06:15:00Z,4.16,80706.83,80704.32,,0.0,,0.0,0,0,0,0,0,0,,,,,,0,0,1249836.34,312481.72,
2026-08-25T06:11:10.782948+00:00,KXBTC15M-26AUG250215-15,2026-08-25T06:15:00Z,3.82,80706.83,80723.99,,0.0,,0.0,0,0,0,0,0,0,,,,,,0,0,1296218.61,319429.25,
2026-08-25T06:11:30.937073+00:00,KXBTC15M-26AUG250215-15,2026-08-25T06:15:00Z,3.49,80706.83,80721.81,,0.0,,0.0,0,0,0,0,0,0,,,,,,0,0,1389832.00,313515.08,
2026-08-25T06:11:51.081615+00:00,KXBTC15M-26AUG250215-15,2026-08-25T06:15:00Z,3.15,80706.83,80703.05,,0.0,,0.0,0,0,0,0,0,0,,,,,,0,0,1389832.00,313515.08,
2026-08-25T06:12:11.233120+00:00,KXBTC15M-26AUG250215-15,2026-08-25T06:15:00Z,2.81,80706.83,80703.05,,0.0,,0.0,0,0,0,0,0,0,,,,,,0,0,1474695.42,319599.23,
2026-08-25T06:12:31.384239+00:00,KXBTC15M-26AUG250215-15,2026-08-25T06:15:00Z,2.48,80706.83,80717.08,,0.0,,0.0,0,0,0,0,0,0,,,,,,0,0,1474695.42,319599.23,
2026-08-25T06:12:51.513373+00:00,KXBTC15M-26AUG250215-15,2026-08-25T06:15:00Z,2.14,80706.83,80715.47,,0.0,,0.0,0,0,0,0,0,0,,,,,,0,0,1530662.54,327519.54,
2026-08-25T06:13:11.640691+00:00,KXBTC15M-26AUG250215-15,2026-08-25T06:15:00Z,1.81,80706.83,80724.84,,0.0,,0.0,0,0,0,0,0,0,,,,,,0,0,1530662.54,327519.54,
2026-08-25T06:13:31.809511+00:00,KXBTC15M-26AUG250215-15,2026-08-25T06:15:00Z,1.47,80706.83,80715.89,,0.0,,0.0,0,0,0,0,0,0,,,,,,0,0,1589650.73,331983.41,
2026-08-25T06:13:51.969777+00:00,KXBTC15M-26AUG250215-15,2026-08-25T06:15:00Z,1.13,80706.83,80723.51,,0.0,,0.0,0,0,0,0,0,0,,,,,,0,0,1670752.62,341656.61,
2026-08-25T06:14:12.103856+00:00,KXBTC15M-26AUG250215-15,2026-08-25T06:15:00Z,0.8,80706.83,80723.5,,0.0,,0.0,0,0,0,0,0,0,,,,,,0,0,1670752.62,341656.61,
2026-08-25T06:14:32.309766+00:00,KXBTC15M-26AUG250215-15,2026-08-25T06:15:00Z,0.46,80706.83,80734.38,,0.0,,0.0,0,0,0,0,0,0,,,,,,0,0,1807507.96,338045.67,
2026-08-25T06:15:32.545353+00:00,KXBTC15M-26AUG250230-30,2026-08-25T06:30:00Z,14.46,80753.56,80772.45,,0.0,,0.0,0,0,0,0,0,0,,,,,,0,0,15050.05,13663.12,
2026-08-25T06:15:52.684796+00:00,KXBTC15M-26AUG250230-30,2026-08-25T06:30:00Z,14.12,80753.56,80762.92,,0.0,,0.0,0,0,0,0,0,0,,,,,,0,0,151316.63,97711.09,
2026-08-25T06:16:12.852775+00:00,KXBTC15M-26AUG250230-30,2026-08-25T06:30:00Z,13.79,80753.56,80796.23,,0.0,,0.0,0,0,0,0,0,0,,,,,,0,0,151316.63,97711.09,
2026-08-25T06:16:32.987620+00:00,KXBTC15M-26AUG250230-30,2026-08-25T06:30:00Z,13.45,80753.56,80755.54,,0.0,,0.0,0,0,0,0,0,0,,,,,,0,0,247420.51,150129.19,
2026-08-25T06:16:53.143835+00:00,KXBTC15M-26AUG250230-30,2026-08-25T06:30:00Z,13.12,80753.56,80775.38,,0.0,,0.0,0,0,0,0,0,0,,,,,,0,0,308309.85,185533.75,
2026-08-25T06:17:13.303919+00:00,KXBTC15M-26AUG250230-30,2026-08-25T06:30:00Z,12.78,80753.56,80790.95,,0.0,,0.0,0,0,0,0,0,0,,,,,,0,0,308309.85,185533.75,
2026-08-25T06:17:33.516440+00:00,KXBTC15M-26AUG250230-30,2026-08-25T06:30:00Z,12.44,80753.56,80787.69,,0.0,,0.0,0,0,0,0,0,0,,,,,,0,0,395299.63,219610.55,
2026-08-25T06:17:53.734059+00:00,KXBTC15M-26AUG250230-30,2026-08-25T06:30:00Z,12.11,80753.56,80810.52,,0.0,,0.0,0,0,0,0,0,0,,,,,,0,0,395299.63,219610.55,
2026-08-25T06:18:13.867110+00:00,KXBTC15M-26AUG250230-30,2026-08-25T06:30:00Z,11.77,80753.56,80824.03,,0.0,,0.0,0,0,0,0,0,0,,,,,,0,0,466851.01,247230.31,
2026-08-25T06:18:34.072668+00:00,KXBTC15M-26AUG250230-30,2026-08-25T06:30:00Z,11.43,80753.56,80805.77,,0.0,,0.0,0,0,0,0,0,0,,,,,,0,0,531775.68,265458.51,
2026-08-25T06:18:54.217252+00:00,KXBTC15M-26AUG250230-30,2026-08-25T06:30:00Z,11.1,80753.56,80796.25,,0.0,,0.0,0,0,0,0,0,0,,,,,,0,0,531775.68,265458.51,
2026-08-25T06:19:14.332713+00:00,KXBTC15M-26AUG250230-30,2026-08-25T06:30:00Z,10.76,80753.56,80786.73,,0.0,,0.0,0,0,0,0,0,0,,,,,,0,0,608874.19,307234.57,
2026-08-25T06:19:34.521702+00:00,KXBTC15M-26AUG250230-30,2026-08-25T06:30:00Z,10.43,80753.56,80772.84,,0.0,,0.0,0,0,0,0,0,0,,,,,,0,0,608874.19,307234.57,
2026-08-25T06:19:54.656847+00:00,KXBTC15M-26AUG250230-30,2026-08-25T06:30:00Z,10.09,80753.56,80781.96,,0.0,,0.0,0,0,0,0,0,0,,,,,,0,0,638306.90,321416.31,
2026-08-25T06:20:14.769601+00:00,KXBTC15M-26AUG250230-30,2026-08-25T06:30:00Z,9.75,80753.56,80802.42,,0.0,,0.0,0,0,0,0,0,0,,,,,,0,0,707206.07,322276.49,
2026-08-25T06:20:34.918423+00:00,KXBTC15M-26AUG250230-30,2026-08-25T06:30:00Z,9.42,80753.56,80791.48,,0.0,,0.0,0,0,0,0,0,0,,,,,,0,0,707206.07,322276.49,
2026-08-25T06:20:55.052908+00:00,KXBTC15M-26AUG250230-30,2026-08-25T06:30:00Z,9.08,80753.56,80785.77,,0.0,,0.0,0,0,0,0,0,0,,,,,,0,0,743363.23,328624.52,
2026-08-25T06:21:15.189578+00:00,KXBTC15M-26AUG250230-30,2026-08-25T06:30:00Z,8.75,80753.56,80770.11,,0.0,,0.0,0,0,0,0,0,0,,,,,,0,0,743363.23,328624.52,
2026-08-25T06:21:35.331872+00:00,KXBTC15M-26AUG250230-30,2026-08-25T06:30:00Z,8.41,80753.56,80777.26,,0.0,,0.0,0,0,0,0,0,0,,,,,,0,0,790531.16,338050.11,
2026-08-25T06:21:55.455484+00:00,KXBTC15M-26AUG250230-30,2026-08-25T06:30:00Z,8.08,80753.56,80786.06,,0.0,,0.0,0,0,0,0,0,0,,,,,,0,0,814474.20,342694.20,
2026-08-25T06:22:15.597648+00:00,KXBTC15M-26AUG250230-30,2026-08-25T06:30:00Z,7.74,80753.56,80777.97,,0.0,,0.0,0,0,0,0,0,0,,,,,,0,0,814474.20,342694.20,
2026-08-25T06:22:35.773623+00:00,KXBTC15M-26AUG250230-30,2026-08-25T06:30:00Z,7.4,80753.56,80766.48,,0.0,,0.0,0,0,0,0,0,0,,,,,,0,0,840044.73,353086.92,
2026-08-25T06:22:55.963113+00:00,KXBTC15M-26AUG250230-30,2026-08-25T06:30:00Z,7.07,80753.56,80805.02,,0.0,,0.0,0,0,0,0,0,0,,,,,,0,0,913139.73,349288.60,
2026-08-25T06:23:16.087615+00:00,KXBTC15M-26AUG250230-30,2026-08-25T06:30:00Z,6.73,80753.56,80803.47,,0.0,,0.0,0,0,0,0,0,0,,,,,,0,0,913139.73,349288.60,
2026-08-25T06:23:36.333649+00:00,KXBTC15M-26AUG250230-30,2026-08-25T06:30:00Z,6.4,80753.56,80817.94,,0.0,,0.0,0,0,0,0,0,0,,,,,,0,0,965104.06,367633.14,
2026-08-25T06:23:56.545702+00:00,KXBTC15M-26AUG250230-30,2026-08-25T06:30:00Z,6.06,80753.56,80834.33,,0.0,,0.0,0,0,0,0,0,0,,,,,,0,0,1074155.89,370266.11,
2026-08-25T06:24:16.816569+00:00,KXBTC15M-26AUG250230-30,2026-08-25T06:30:00Z,5.72,80753.56,80808.69,,0.0,,0.0,0,0,0,0,0,0,,,,,,0,0,1074155.89,370266.11,
2026-08-25T06:24:37.050101+00:00,KXBTC15M-26AUG250230-30,2026-08-25T06:30:00Z,5.38,80753.56,80748.57,,0.0,,0.0,0,0,0,0,0,0,,,,,,0,0,1144094.54,371258.30,
2026-08-25T06:24:57.200273+00:00,KXBTC15M-26AUG250230-30,2026-08-25T06:30:00Z,5.05,80753.56,80758.15,,0.0,,0.0,0,0,0,0,0,0,,,,,,0,0,1144094.54,371258.30,
2026-08-25T06:25:17.366118+00:00,KXBTC15M-26AUG250230-30,2026-08-25T06:30:00Z,4.71,80753.56,80734.37,,0.0,,0.0,0,0,0,0,0,0,,,,,,0,0,1261595.52,373252.54,
2026-08-25T06:25:37.508127+00:00,KXBTC15M-26AUG250230-30,2026-08-25T06:30:00Z,4.38,80753.56,80725.65,,0.0,,0.0,0,0,0,0,0,0,,,,,,0,0,1261595.52,373252.54,
2026-08-25T06:25:57.642408+00:00,KXBTC15M-26AUG250230-30,2026-08-25T06:30:00Z,4.04,80753.56,80731.96,,0.0,,0.0,0,0,0,0,0,0,,,,,,0,0,1368332.94,373474.92,
2026-08-25T06:26:17.778591+00:00,KXBTC15M-26AUG250230-30,2026-08-25T06:30:00Z,3.7,80753.56,80738.99,,0.0,,0.0,0,0,0,0,0,0,,,,,,0,0,1422323.52,393056.32,
2026-08-25T06:26:38.059863+00:00,KXBTC15M-26AUG250230-30,2026-08-25T06:30:00Z,3.37,80753.56,80805.76,,0.0,,0.0,0,0,0,0,0,0,,,,,,0,0,1511897.81,371456.66,
2026-08-25T06:26:58.304513+00:00,KXBTC15M-26AUG250230-30,2026-08-25T06:30:00Z,3.03,80753.56,80834.31,,0.0,,0.0,0,0,0,0,0,0,,,,,,0,0,1511897.81,371456.66,
2026-08-25T06:27:18.537378+00:00,KXBTC15M-26AUG250230-30,2026-08-25T06:30:00Z,2.69,80753.56,80801.01,,0.0,,0.0,0,0,0,0,0,0,,,,,,0,0,1511897.81,371456.66,
2026-08-25T06:27:38.793869+00:00,KXBTC15M-26AUG250230-30,2026-08-25T06:30:00Z,2.36,80753.56,80805.3,,0.0,,0.0,0,0,0,0,0,0,,,,,,0,0,1659552.08,361545.72,
2026-08-25T06:27:58.992747+00:00,KXBTC15M-26AUG250230-30,2026-08-25T06:30:00Z,2.02,80753.56,80781.89,,0.0,,0.0,0,0,0,0,0,0,,,,,,0,0,1738607.54,397393.21,
2026-08-25T06:28:19.116475+00:00,KXBTC15M-26AUG250230-30,2026-08-25T06:30:00Z,1.68,80753.56,80772.45,,0.0,,0.0,0,0,0,0,0,0,,,,,,0,0,1804089.50,398013.06,
2026-08-25T06:28:39.275490+00:00,KXBTC15M-26AUG250230-30,2026-08-25T06:30:00Z,1.35,80753.56,80775.2,,0.0,,0.0,0,0,0,0,0,0,,,,,,0,0,1804089.50,398013.06,
2026-08-25T06:28:59.414952+00:00,KXBTC15M-26AUG250230-30,2026-08-25T06:30:00Z,1.01,80753.56,80750.39,,0.0,,0.0,0,0,0,0,0,0,,,,,,0,0,1870321.57,398234.33,
2026-08-25T06:29:19.605562+00:00,KXBTC15M-26AUG250230-30,2026-08-25T06:30:00Z,0.67,80753.56,80749.75,,0.0,,0.0,0,0,0,0,0,0,,,,,,0,0,1950450.06,388445.05,
2026-08-25T06:29:39.741797+00:00,KXBTC15M-26AUG250230-30,2026-08-25T06:30:00Z,0.34,80753.56,80739.13,,0.0,,0.0,0,0,0,0,0,0,,,,,,0,0,1950450.06,388445.05,
2026-08-25T06:30:39.959648+00:00,KXBTC15M-26AUG250245-45,2026-08-25T06:45:00Z,14.33,80747.81,80689.9,,0.0,,0.0,0,0,0,0,0,0,,,,,,0,0,36856.37,31376.92,
2026-08-25T06:31:00.105437+00:00,KXBTC15M-26AUG250245-45,2026-08-25T06:45:00Z,14.0,80747.81,80684.9,,0.0,,0.0,0,0,0,0,0,0,,,,,,0,0,36856.37,31376.92,
2026-08-25T06:31:20.350746+00:00,KXBTC15M-26AUG250245-45,2026-08-25T06:45:00Z,13.66,80747.81,80690.97,,0.0,,0.0,0,0,0,0,0,0,,,,,,0,0,104174.87,82190.69,
2026-08-25T06:31:40.704526+00:00,KXBTC15M-26AUG250245-45,2026-08-25T06:45:00Z,13.33,80747.81,80716.95,,0.0,,0.0,0,0,0,0,0,0,,,,,,0,0,157350.80,111362.44,
2026-08-25T06:32:01.035883+00:00,KXBTC15M-26AUG250245-45,2026-08-25T06:45:00Z,12.99,80747.81,80717.12,,0.0,,0.0,0,0,0,0,0,0,,,,,,0,0,157350.80,111362.44,
2026-08-25T06:32:21.178387+00:00,KXBTC15M-26AUG250245-45,2026-08-25T06:45:00Z,12.65,80747.81,80710.56,,0.0,,0.0,0,0,0,0,0,0,,,,,,0,0,216672.49,140912.37,
2026-08-25T06:32:41.329318+00:00,KXBTC15M-26AUG250245-45,2026-08-25T06:45:00Z,12.31,80747.81,80702.7,,0.0,,0.0,0,0,0,0,0,0,,,,,,0,0,262169.09,166227.04,
2026-08-25T06:33:01.511469+00:00,KXBTC15M-26AUG250245-45,2026-08-25T06:45:00Z,11.98,80747.81,80606.87,,0.0,,0.0,0,0,0,0,0,0,,,,,,0,0,262169.09,166227.04,
2026-08-25T06:33:21.654857+00:00,KXBTC15M-26AUG250245-45,2026-08-25T06:45:00Z,11.64,80747.81,80621.03,,0.0,,0.0,0,0,0,0,0,0,,,,,,0,0,358283.38,208813.84,
2026-08-25T06:33:41.802032+00:00,KXBTC15M-26AUG250245-45,2026-08-25T06:45:00Z,11.3,80747.81,80653.44,,0.0,,0.0,0,0,0,0,0,0,,,,,,0,0,358283.38,208813.84,
2026-08-25T06:34:01.947592+00:00,KXBTC15M-26AUG250245-45,2026-08-25T06:45:00Z,10.97,80747.81,80663.56,,0.0,,0.0,0,0,0,0,0,0,,,,,,0,0,423495.43,238188.84,
2026-08-25T06:34:22.195322+00:00,KXBTC15M-26AUG250245-45,2026-08-25T06:45:00Z,10.63,80747.81,80653.42,,0.0,,0.0,0,0,0,0,0,0,,,,,,0,0,423495.43,238188.84,
2026-08-25T06:34:42.343863+00:00,KXBTC15M-26AUG250245-45,2026-08-25T06:45:00Z,10.3,80747.81,80719.33,,0.0,,0.0,0,0,0,0,0,0,,,,,,0,0,490593.52,259925.21,
2026-08-25T06:35:02.490701+00:00,KXBTC15M-26AUG250245-45,2026-08-25T06:45:00Z,9.96,80747.81,80673.07,,0.0,,0.0,0,0,0,0,0,0,,,,,,0,0,539401.11,259517.30,
2026-08-25T06:35:22.717932+00:00,KXBTC15M-26AUG250245-45,2026-08-25T06:45:00Z,9.62,80747.81,80648.69,,0.0,,0.0,0,0,0,0,0,0,,,,,,0,0,539401.11,259517.30,
2026-08-25T06:35:42.869018+00:00,KXBTC15M-26AUG250245-45,2026-08-25T06:45:00Z,9.29,80747.81,80629.64,,0.0,,0.0,0,0,0,0,0,0,,,,,,0,0,571098.87,265444.41,
2026-08-25T06:36:03.026059+00:00,KXBTC15M-26AUG250245-45,2026-08-25T06:45:00Z,8.95,80747.81,80607.42,,0.0,,0.0,0,0,0,0,0,0,,,,,,0,0,621726.22,281813.55,
2026-08-25T06:36:23.185433+00:00,KXBTC15M-26AUG250245-45,2026-08-25T06:45:00Z,8.61,80747.81,80616.58,,0.0,,0.0,0,0,0,0,0,0,,,,,,0,0,621726.22,281813.55,
2026-08-25T06:38:13.636614+00:00,KXBTC15M-26AUG250245-45,2026-08-25T06:45:00Z,6.77,80747.81,80543.97,0.1,2355.53,0.10999999999999999,4342.06,11468.57,9815.06,37008.15,13180.06,37008.15,27308.77,-0.29660370372029343,0.07768928514543809,0.10351698148139853,0.105,0.009999999999999981,30,30,850365.82,340363.13,
2026-08-25T06:38:33.944329+00:00,KXBTC15M-26AUG250245-45,2026-08-25T06:45:00Z,6.44,80747.81,80535.64,0.081,29.0,0.08299999999999996,436.2,21185.510000000002,9641.8,52873.090000000004,13720.61,52873.090000000004,19451.48,-0.8753224419604471,0.3744637465935238,0.08112467755803955,0.08199999999999999,0.00199999999999996,30,30,850365.82,340363.13,
2026-08-25T06:38:54.236794+00:00,KXBTC15M-26AUG250245-45,2026-08-25T06:45:00Z,6.1,80747.81,80509.91,0.065,60.0,0.07199999999999995,604.0,27623.74,8644.11,63282.64,12686.92,63282.64,17078.79,-0.8192771084337349,0.523318310845556,0.06563253012048192,0.06849999999999998,0.006999999999999951,30,30,907297.21,345456.42,
2026-08-25T06:39:14.514799+00:00,KXBTC15M-26AUG250245-45,2026-08-25T06:45:00Z,5.76,80747.81,80520.28,0.06,1212.22,0.06599999999999995,32.0,46076.23,4652.7300000000005,65127.23,9066.54,65127.23,13208.210000000001,0.9485621513880182,0.8165651336041582,0.065845686454164,0.06299999999999997,0.00599999999999995,30,30,951956.76,354600.72,
2026-08-25T06:39:34.731406+00:00,KXBTC15M-26AUG250245-45,2026-08-25T06:45:00Z,5.42,80747.81,80513.4,0.06,678.91,0.06399999999999995,11.7,39824.62,8384.75,71760.62,14411.45,71760.62,21150.85,0.9661169111365313,0.6521526831817135,0.063932233822273,0.06199999999999997,0.003999999999999948,30,30,951956.76,354600.72,
2026-08-25T06:39:55.052746+00:00,KXBTC15M-26AUG250245-45,2026-08-25T06:45:00Z,5.08,80747.81,80529.68,0.05,16.0,0.05900000000000005,1880.0,610693.45,7523.96,610693.45,13651.65,610693.45,16606.97,-0.9831223628691983,0.9756591778934212,0.05007594936708861,0.05450000000000003,0.00900000000000005,28,30,991552.20,360262.12,
2026-08-25T06:40:15.261607+00:00,KXBTC15M-26AUG250245-45,2026-08-25T06:45:00Z,4.75,80747.81,80529.67,0.047,951.74,0.04800000000000004,2.07,499182.19,6184.78,499182.19,10606.51,499182.19,10606.51,0.995659512900892,0.9755236081218366,0.04799782975645049,0.04750000000000002,0.0010000000000000425,25,30,991552.20,360262.12,
2026-08-25T06:40:35.483505+00:00,KXBTC15M-26AUG250245-45,2026-08-25T06:45:00Z,4.41,80747.81,80510.65,0.033,1278.16,0.038000000000000034,65.0,505107.27,2892.43,505107.27,10213.84,505107.27,13695.05,0.9032133178474642,0.9886124735900435,0.037758033294618694,0.03550000000000002,0.005000000000000032,26,30,1038049.44,379621.43,
2026-08-25T06:40:55.866004+00:00,KXBTC15M-26AUG250245-45,2026-08-25T06:45:00Z,4.07,80747.81,80485.6,0.023,46.0,0.025000000000000022,3178.23,486766.08,17162.74,486766.08,22122.15,486766.08,25103.36,-0.9714660554613039,0.9318842688933727,0.023028533944538698,0.02400000000000001,0.0020000000000000226,20,30,1038049.44,379621.43,
2026-08-25T06:41:16.155464+00:00,KXBTC15M-26AUG250245-45,2026-08-25T06:45:00Z,3.73,80747.81,80505.97,0.015,1639.93,0.016000000000000014,317.76,398527.3,56173.62,398527.3,58235.62,398527.3,58235.62,0.6753725053506939,0.7529205790918567,0.01583768625267536,0.015500000000000007,0.0010000000000000148,13,30,1083730.28,381946.39,
2026-08-25T06:41:36.366329+00:00,KXBTC15M-26AUG250245-45,2026-08-25T06:45:00Z,3.4,80747.81,80515.4,0.014,648.0,0.018000000000000016,500.0,403775.65,2626.95,403775.65,2626.95,403775.65,2626.95,0.1289198606271777,0.9870721791642081,0.01625783972125436,0.016000000000000007,0.004000000000000016,14,30,1133394.81,391161.04,
2026-08-25T06:41:56.548371+00:00,KXBTC15M-26AUG250245-45,2026-08-25T06:45:00Z,3.06,80747.81,80515.4,0.011,552.81,0.014000000000000012,88.12,399673.46,6113.07,399673.46,6113.07,399673.46,6113.07,0.725024573666391,0.9698705129517237,0.0135875368604996,0.012500000000000006,0.003000000000000013,10,30,1133394.81,391161.04,
2026-08-25T06:42:16.759181+00:00,KXBTC15M-26AUG250245-45,2026-08-25T06:45:00Z,2.72,80747.81,80527.19,0.008,67.0,0.009000000000000008,1732.8,356110.3,6287.7,356110.3,6287.7,356110.3,6287.7,-0.925547283031448,0.9652994773701841,0.008037226358484275,0.008500000000000004,0.0010000000000000078,8,30,1181983.45,400130.01,
2026-08-25T06:42:37.016647+00:00,KXBTC15M-26AUG250245-45,2026-08-25T06:45:00Z,2.39,80747.81,80543.13,0.008,152.81,0.01200000000000001,1249.61,355209.73,4191.49,355209.73,5083.92,355209.73,5083.92,-0.7820766959969196,0.9766751487376699,0.008435846608006161,0.010000000000000005,0.0040000000000000105,8,30,1213488.92,411555.18,
2026-08-25T06:42:57.201353+00:00,KXBTC15M-26AUG250245-45,2026-08-25T06:45:00Z,2.05,80747.81,80543.13,0.008,707.0,0.01100000000000001,68.96,364217.68,2540.7799999999997,364217.68,5930.01,364217.68,6517.95,0.8222588793236764,0.9861446686192322,0.010733388318985524,0.009500000000000005,0.0030000000000000096,7,30,1213488.92,411555.18,
2026-08-25T06:43:17.514198+00:00,KXBTC15M-26AUG250245-45,2026-08-25T06:45:00Z,1.71,80747.81,80527.44,0.007,148.0,0.010000000000000009,276.77,356432.1,1961.34,356432.1,7063.57,356432.1,8151.51,-0.30315229418273415,0.9890548219855808,0.008045271558725902,0.008500000000000004,0.0030000000000000087,7,30,1253477.34,433353.65,
2026-08-25T06:43:37.743615+00:00,KXBTC15M-26AUG250245-45,2026-08-25T06:45:00Z,1.37,80747.81,80495.69,,0.0,0.0010000000000000009,2274.05,0,67205.81,0,69032.96,0,69032.96,-1.0,-1.0,,,,0,30,1369278.12,493427.08,
2026-08-25T06:43:57.955182+00:00,KXBTC15M-26AUG250245-45,2026-08-25T06:45:00Z,1.04,80747.81,80477.33,,0.0,0.0010000000000000009,2110.55,0,19552.38,0,21514.6,0,21514.6,-1.0,-1.0,,,,0,30,1369278.12,493427.08,
2026-08-25T06:44:18.218089+00:00,KXBTC15M-26AUG250245-45,2026-08-25T06:45:00Z,0.7,80747.81,80486.85,,0.0,0.0010000000000000009,7991.51,0,52688.52,0,54776.39,0,54776.39,-1.0,-1.0,,,,0,30,1452517.61,516458.99,
2026-08-25T06:44:38.406213+00:00,KXBTC15M-26AUG250245-45,2026-08-25T06:45:00Z,0.36,80747.81,80498.1,,0.0,0.0010000000000000009,25503.07,0,69577.45,0,71477.67,0,71477.67,-1.0,-1.0,,,,0,30,1476410.14,538202.89,
2026-08-25T06:45:18.725176+00:00,KXBTC15M-26AUG250300-00,2026-08-25T07:00:00Z,14.69,80502.43,80504.64,0.52,9123.12,0.53,2730.14,13049.67,8518.14,16556.170000000002,12844.14,31744.83,31499.95,0.5393436067377246,0.2101061721148323,0.5276967180336887,0.525,0.010000000000000009,30,30,525.38,466.58,
2026-08-25T06:45:38.933209+00:00,KXBTC15M-26AUG250300-00,2026-08-25T07:00:00Z,14.35,80502.43,80490.57,0.52,51162.61,0.53,2040.0,55470.08,12424.58,60153.82,16978.58,74679.51,29002.01,0.9233120329998847,0.6340042059272408,0.5296165601649994,0.525,0.010000000000000009,30,30,525.38,466.58,
2026-08-25T06:45:59.120578+00:00,KXBTC15M-26AUG250300-00,2026-08-25T07:00:00Z,14.02,80502.43,80467.04,0.5,560.22,0.51,7028.0,3932.7200000000003,12793.68,7710.96,15905.38,24739.9,30011.41,-0.8523448186794794,-0.5297589439449014,0.5007382759066026,0.505,0.010000000000000009,30,30,60195.57,38432.72,
2026-08-25T06:46:19.329391+00:00,KXBTC15M-26AUG250300-00,2026-08-25T07:00:00Z,13.68,80502.43,80467.81,0.45,5248.0,0.45999999999999996,7364.18,10747.24,9563.51,17179.260000000002,13946.19,31917.29,29532.11,-0.16778859800605447,0.05828095959036469,0.4541610570099697,0.45499999999999996,0.009999999999999953,30,30,60195.57,38432.72,
2026-08-25T06:46:39.514234+00:00,KXBTC15M-26AUG250300-00,2026-08-25T07:00:00Z,13.34,80502.43,80502.4,0.53,1607.29,0.54,4289.14,7335.29,6776.55,10420.39,12142.59,30102.850000000002,27251.44,-0.45482605576594654,0.03959370287644983,0.5327258697211703,0.535,0.010000000000000009,30,30,134534.90,102318.52,
2026-08-25T06:46:59.742838+00:00,KXBTC15M-26AUG250300-00,2026-08-25T07:00:00Z,13.01,80502.43,80520.15,0.59,5826.84,0.6,5325.0,12936.15,10033.23,15550.15,13623.23,33370.06,43025.71,0.045000645633366344,0.12638216617078912,0.5952250032281667,0.595,0.010000000000000009,30,30,177525.97,117064.22,
2026-08-25T06:47:19.953981+00:00,KXBTC15M-26AUG250300-00,2026-08-25T07:00:00Z,12.67,80502.43,80482.09,0.48,777.95,0.49,3117.09,8182.12,7973.09,13929.14,10699.48,29130.76,23851.38,-0.6005432550115019,0.012938859971489058,0.4819972837249425,0.485,0.010000000000000009,30,30,177525.97,117064.22,
2026-08-25T06:47:40.210785+00:00,KXBTC15M-26AUG250300-00,2026-08-25T07:00:00Z,12.33,80502.43,80505.88,0.53,199.0,0.54,131.0,5405.0,8180.76,9023.27,11476.01,31589.18,25900.28,0.20606060606060606,-0.20431392870181722,0.5360303030303031,0.535,0.010000000000000009,30,30,247952.29,149690.49,
2026-08-25T06:48:00.399169+00:00,KXBTC15M-26AUG250300-00,2026-08-25T07:00:00Z,11.99,80502.43,80523.01,0.56,11383.38,0.5700000000000001,2377.97,14544.359999999999,4959.219999999999,17907.36,8489.98,39805.68,23894.97,0.6543987326824767,0.4914554148520426,0.5682719936634124,0.5650000000000001,0.010000000000000009,30,30,273935.28,158160.35,
2026-08-25T06:48:20.608834+00:00,KXBTC15M-26AUG250300-00,2026-08-25T07:00:00Z,11.66,80502.43,80486.86,0.5,2201.7,0.51,3627.43,8596.7,7613.43,18013.21,11902.539999999999,34582.95,24623.17,-0.24458709961863953,0.060657749197569694,0.5037770645019068,0.505,0.010000000000000009,30,30,273935.28,158160.35,
2026-08-25T06:48:40.819014+00:00,KXBTC15M-26AUG250300-00,2026-08-25T07:00:00Z,11.32,80502.43,80514.83,0.57,8429.2,0.5800000000000001,109.24,12611.210000000001,4666.49,17037.21,8875.94,37568.4,28217.79,0.9744121877064195,0.45982509246022335,0.5798720609385322,0.575,0.01000000000000012,30,30,294666.40,165659.73,
2026-08-25T06:49:01.005826+00:00,KXBTC15M-26AUG250300-00,2026-08-25T07:00:00Z,10.98,80502.43,80493.16,0.51,3168.06,0.52,4469.98,8751.619999999999,8940.98,12325.13,12251.23,34981.61,26433.44,-0.17045210551398,-0.010702779693205102,0.5141477394724301,0.515,0.010000000000000009,30,30,325269.65,176474.03,
2026-08-25T06:49:21.214721+00:00,KXBTC15M-26AUG250300-00,2026-08-25T07:00:00Z,10.65,80502.43,80482.09,0.46,4.05,0.47,10193.94,2555.56,13324.94,12449.39,16598.190000000002,27946.17,33728.69,-0.9992057258342086,-0.6781511917131073,0.46000397137082905,0.46499999999999997,0.009999999999999953,30,30,325269.65,176474.03,
2026-08-25T06:49:41.450083+00:00,KXBTC15M-26AUG250300-00,2026-08-25T07:00:00Z,10.31,80502.43,80473.66,0.46,1041.42,0.47,5394.38,7218.79,20521.38,17414.920000000002,23600.63,32338.75,40322.17,-0.6763665744740358,-0.47954248297685265,0.4616181671276298,0.46499999999999997,0.009999999999999953,30,30,325269.65,176474.03,
2026-08-25T06:50:01.715380+00:00,KXBTC15M-26AUG250300-00,2026-08-25T07:00:00Z,9.97,80502.43,80501.32,0.5,2326.0,0.51,1910.57,7639.92,5965.57,16204.59,12038.82,32037.29,25897.28,0.09805809888659932,0.12306429242901214,0.5054902904944331,0.505,0.010000000000000009,30,30,374747.37,192081.35,
2026-08-25T06:50:21.983235+00:00,KXBTC15M-26AUG250300-00,2026-08-25T07:00:00Z,9.64,80502.43,80482.09,0.5,10642.82,0.51,1963.77,17661.8,11902.77,26359.47,16914.17,42596.22,31025.39,0.6884534199970015,0.1947949860255028,0.5084422670999851,0.505,0.010000000000000009,30,30,414381.98,197917.54,
2026-08-25T06:50:42.164317+00:00,KXBTC15M-26AUG250300-00,2026-08-25T07:00:00Z,9.3,80502.43,80471.08,0.47,142.89,0.48,1385.41,4212.26,10307.41,16274.58,13062.41,30312.54,30929.58,-0.8130079172937249,-0.41978571138324766,0.47093496041353133,0.475,0.010000000000000009,30,30,414381.98,197917.54,
2026-08-25T06:51:02.373516+00:00,KXBTC15M-26AUG250300-00,2026-08-25T07:00:00Z,8.96,80502.43,80481.35,0.49,2669.0,0.5,2469.64,8227.33,12391.64,17691.87,16913.83,35103.66,31453.1,0.038796257375492374,-0.20196498661184334,0.49519398128687747,0.495,0.010000000000000009,30,30,461818.85,214783.07,
2026-08-25T06:51:22.606547+00:00,KXBTC15M-26AUG250300-00,2026-08-25T07:00:00Z,8.63,80502.43,80467.81,0.42,3495.74,0.43000000000000005,7499.11,14249.05,11643.11,18024.05,16728.829999999998,32119.2,32703.24,-0.3641131984520026,0.10064590980435771,0.42317943400774,0.42500000000000004,0.010000000000000064,30,30,474170.15,217829.46,
2026-08-25T06:51:42.950691+00:00,KXBTC15M-26AUG250300-00,2026-08-25T07:00:00Z,8.29,80502.43,80473.75,0.45,479.9,0.45999999999999996,1324.45,13473.85,9762.45,17908.16,13623.17,32926.87,30474.34,-0.4680632914900103,0.1597242245968592,0.45265968354254993,0.45499999999999996,0.009999999999999953,30,30,474170.15,217829.46,
2026-08-25T06:52:03.164750+00:00,KXBTC15M-26AUG250300-00,2026-08-25T07:00:00Z,7.95,80502.43,80447.38,0.35,3753.39,0.37,6235.48,7758.75,10604.48,13901.26,14329.48,25317.72,30153.44,-0.24848556443321415,-0.154968924312335,0.35751514435566784,0.36,0.020000000000000018,30,30,506418.81,230238.12,
2026-08-25T06:52:23.399042+00:00,KXBTC15M-26AUG250300-00,2026-08-25T07:00:00Z,7.61,80502.43,80439.55,0.31,16.37,0.31999999999999995,6482.58,6214.58,9695.2,11573.44,12486.2,21405.51,28517.57,-0.9949622631348142,-0.21877235260324157,0.31002518868432594,0.31499999999999995,0.009999999999999953,30,30,506418.81,230238.12,
2026-08-25T06:52:43.642363+00:00,KXBTC15M-26AUG250300-00,2026-08-25T07:00:00Z,7.28,80502.43,80443.99,0.33,500.0,0.33999999999999997,6076.08,6172.0,10161.5,11705.63,13294.5,22921.01,28601.18,-0.8479337234340215,-0.2442526096672483,0.3307603313828299,0.33499999999999996,0.009999999999999953,30,30,554922.83,250132.47,
2026-08-25T06:53:03.827180+00:00,KXBTC15M-26AUG250300-00,2026-08-25T07:00:00Z,6.94,80502.43,80451.29,0.33,1236.99,0.33999999999999997,3956.05,7485.18,7596.05,12839.97,10622.05,26083.98,25687.09,-0.5235969682498114,-0.007351522389088947,0.33238201515875093,0.33499999999999996,0.009999999999999953,30,30,608418.44,264568.72,
2026-08-25T06:53:24.041551+00:00,KXBTC15M-26AUG250300-00,2026-08-25T07:00:00Z,6.6,80502.43,80495.81,0.47,1001.0,0.48,3744.51,6855.71,7568.610000000001,9357.71,10543.03,25772.69,27060.89,-0.5781275352912543,-0.04942347368888104,0.47210936232354367,0.475,0.010000000000000009,30,30,608418.44,264568.72,
2026-08-25T06:53:44.256367+00:00,KXBTC15M-26AUG250300-00,2026-08-25T07:00:00Z,6.26,80502.43,80496.35,0.5,9010.49,0.51,763.13,14409.869999999999,5013.85,17016.87,9183.69,32541.88,23611.89,0.8438388232814455,0.4837394690615391,0.5092191941164073,0.505,0.010000000000000009,30,30,647239.69,270674.79,
2026-08-25T06:54:04.441633+00:00,KXBTC15M-26AUG250300-00,2026-08-25T07:00:00Z,5.93,80502.43,80453.53,0.31,600.0,0.31999999999999995,687.38,4945.74,10202.74,11684.32,13381.81,21149.8,26734.59,-0.0678742873122155,-0.34703151735355625,0.31466062856343885,0.31499999999999995,0.009999999999999953,30,30,698152.33,272125.46,
2026-08-25T06:54:24.666807+00:00,KXBTC15M-26AUG250300-00,2026-08-25T07:00:00Z,5.59,80502.43,80430.23,0.29,723.66,0.30000000000000004,1003.63,5822.75,5021.12,11978.03,7870.38,22175.73,20477.72,-0.16208627387410338,0.07392471506943556,0.29418956863062945,0.29500000000000004,0.010000000000000064,30,30,698152.33,272125.46,
2026-08-25T06:54:44.845009+00:00,KXBTC15M-26AUG250300-00,2026-08-25T07:00:00Z,5.25,80502.43,80434.48,0.28,546.08,0.29000000000000004,2219.49,4848.38,7009.33,10586.53,11347.59,22169.75,24382.18,-0.6050868356252057,-0.1822400783962502,0.28197456582187397,0.28500000000000003,0.010000000000000009,30,30,698152.33,272125.46,
2026-08-25T06:55:05.034219+00:00,KXBTC15M-26AUG250300-00,2026-08-25T07:00:00Z,4.92,80502.43,80439.44,0.28,3214.29,0.29000000000000004,3594.72,9075.15,7537.969999999999,14777.07,11316.65,27056.42,25111.59,-0.05587155842038708,0.09252807419677944,0.28472064220789806,0.28500000000000003,0.010000000000000009,30,30,763293.08,284855.46,
2026-08-25T06:55:25.265172+00:00,KXBTC15M-26AUG250300-00,2026-08-25T07:00:00Z,4.58,80502.43,80409.01,0.16,677.64,0.17000000000000004,3086.94,6838.5599999999995,7434.9400000000005,13397.27,10034.22,38716.95,23517.56,-0.6399917122228775,-0.04178232388692339,0.16180004143888566,0.16500000000000004,0.010000000000000037,30,30,793760.47,286568.37,
2026-08-25T06:55:45.467298+00:00,KXBTC15M-26AUG250300-00,2026-08-25T07:00:00Z,4.24,80502.43,80416.06,0.18,8274.0,0.18999999999999995,10.78,12684.0,16462.78,15694.75,19707.06,25272.9,33721.26,0.9973976375956873,-0.12964656816293255,0.18998698818797835,0.18499999999999997,0.009999999999999953,30,30,793760.47,286568.37,
2026-08-25T06:56:05.649722+00:00,KXBTC15M-26AUG250300-00,2026-08-25T07:00:00Z,3.91,80502.43,80420.81,0.16,3344.92,0.17000000000000004,6742.47,9563.04,10969.470000000001,15490.33,14441.75,30603.06,28051.82,-0.3368116033979057,-0.06849771411288733,0.1633159419830105,0.16500000000000004,0.010000000000000037,30,30,869525.74,296949.06,
2026-08-25T06:56:25.955253+00:00,KXBTC15M-26AUG250300-00,2026-08-25T07:00:00Z,3.57,80502.43,80377.37,0.058,79.43,0.06000000000000005,855.7,26584.59,9449.33,26584.59,19483.57,26584.59,21180.73,-0.830119876380824,0.47553138820311536,0.058169880123619185,0.059000000000000025,0.0020000000000000503,30,30,935444.42,313114.13,
2026-08-25T06:56:46.142155+00:00,KXBTC15M-26AUG250300-00,2026-08-25T07:00:00Z,3.23,80502.43,80391.64,0.073,32.0,0.07599999999999996,836.05,54477.74,19340.05,54477.74,27340.05,54477.74,27340.05,-0.9262715281377801,0.47600571623723775,0.07311059270779331,0.07449999999999998,0.002999999999999961,30,30,935444.42,313114.13,
2026-08-25T06:57:06.382389+00:00,KXBTC15M-26AUG250300-00,2026-08-25T07:00:00Z,2.9,80502.43,80388.57,0.043,1160.0,0.04400000000000004,8.0,67305.64,18742.64,67305.64,18742.64,67305.64,18742.64,0.9863013698630136,0.5643692122608378,0.04399315068493155,0.04350000000000002,0.0010000000000000425,30,30,1043561.21,322205.30,
2026-08-25T06:57:26.641482+00:00,KXBTC15M-26AUG250300-00,2026-08-25T07:00:00Z,2.56,80502.43,80381.19,0.03,1324.73,0.03500000000000003,871.0,422238.47,26546.0,422238.47,26546.0,422238.47,26546.0,0.20664198239309933,0.8816982236484252,0.03301660495598276,0.032500000000000015,0.005000000000000032,27,30,1112858.07,330248.70,
2026-08-25T06:57:46.852394+00:00,KXBTC15M-26AUG250300-00,2026-08-25T07:00:00Z,2.22,80502.43,80424.96,0.07,16.0,0.07199999999999995,600.0,32953.87,4947.0,37495.87,24781.239999999998,37495.87,35460.06,-0.948051948051948,0.7389505834562636,0.07005194805194806,0.07099999999999998,0.0019999999999999463,30,30,1112858.07,330248.70,
2026-08-25T06:58:07.069427+00:00,KXBTC15M-26AUG250300-00,2026-08-25T07:00:00Z,1.88,80502.43,80429.72,0.05,618.03,0.05800000000000005,8.0,63358.91,2384.14,63358.91,12222.14,63358.91,21218.38,0.9744421193872498,0.9274709646114685,0.057897768477549044,0.05400000000000003,0.008000000000000049,30,30,1185639.83,346306.03,
2026-08-25T06:58:27.288636+00:00,KXBTC15M-26AUG250300-00,2026-08-25T07:00:00Z,1.55,80502.43,80458.4,0.11,1044.99,0.12,113.0,3682.76,8716.24,18354.45,16513.06,78113.09,65544.7,0.8048342386376394,-0.4059585450439551,0.1190241711931882,0.11499999999999999,0.009999999999999995,30,30,1185639.83,346306.03,
2026-08-25T06:58:47.499186+00:00,KXBTC15M-26AUG250300-00,2026-08-25T07:00:00Z,1.21,80502.43,80484.71,0.28,86.0,0.31999999999999995,877.0,593.0,2377.0,3993.0,15473.15,43620.52,59085.53,-0.8213914849428868,-0.6006734006734007,0.2835721703011423,0.3,0.039999999999999925,30,30,1260488.20,374980.00,
2026-08-25T06:59:07.753326+00:00,KXBTC15M-26AUG250300-00,2026-08-25T07:00:00Z,0.87,80502.43,80499.94,0.38,972.21,0.39,62.0,982.21,62.0,982.21,62.0,96858.08,31976.84,0.8801017201535472,0.8812499401461392,0.38940050860076775,0.385,0.010000000000000009,25,30,1338001.66,380500.09,
2026-08-25T06:59:27.961805+00:00,KXBTC15M-26AUG250300-00,2026-08-25T07:00:00Z,0.54,80502.43,80511.65,0.936,441.98,0.945,139.0,1015.6,29753.34,1015.6,69961.34,23857.36,69961.34,0.5214981582842783,-0.9339853761618048,0.9428467417122793,0.9405,0.008999999999999897,30,27,1338001.66,380500.09,
2026-08-25T07:00:08.223090+00:00,KXBTC15M-26AUG250315-15,2026-08-25T07:15:00Z,14.86,80520.99,80519.96,0.5,1115.83,0.51,965.18,1618.83,1089.06,1618.83,1089.06,21661.83,20771.06,0.07239273237514476,0.19563940928176551,0.5053619636618758,0.505,0.010000000000000009,30,30,1394.71,810.24,
2026-08-25T07:00:28.428276+00:00,KXBTC15M-26AUG250315-15,2026-08-25T07:15:00Z,14.53,80520.99,80546.46,0.56,3703.0,0.5800000000000001,3555.15,6593.88,8976.15,9657.88,11620.15,26593.88,32117.28,0.020370204528702206,-0.15300355876000238,0.5702037020452871,0.5700000000000001,0.020000000000000018,30,30,1394.71,810.24,
2026-08-25T07:00:48.622246+00:00,KXBTC15M-26AUG250315-15,2026-08-25T07:15:00Z,14.19,80520.99,80581.84,0.65,833.92,0.6599999999999999,4366.44,6154.92,7374.44,9338.92,11581.83,22517.5,39396.83,-0.6792837418947919,-0.0901387796614178,0.6516035812905261,0.655,0.009999999999999898,30,30,1394.71,810.24,
2026-08-25T07:01:08.947450+00:00,KXBTC15M-26AUG250315-15,2026-08-25T07:15:00Z,13.85,80520.99,80609.59,0.69,7846.77,0.7,10.85,11611.77,7240.52,14524.77,12197.28,30544.66,47513.12,0.9972383495256832,0.23186838309828672,0.6999861917476283,0.695,0.010000000000000009,30,30,49132.80,32277.12,
2026-08-25T07:01:29.128636+00:00,KXBTC15M-26AUG250315-15,2026-08-25T07:15:00Z,13.52,80520.99,80610.61,0.7,75.86,0.71,4652.94,5179.52,9745.25,8056.52,17172.59,24891.89,46043.67,-0.9679157502960584,-0.3059162720765546,0.7001604212485197,0.705,0.010000000000000009,30,30,109857.13,68094.78,
2026-08-25T07:01:49.322906+00:00,KXBTC15M-26AUG250315-15,2026-08-25T07:15:00Z,13.18,80520.99,80629.86,0.73,6519.69,0.74,2905.64,11615.88,10948.08,15236.88,19305.47,30313.079999999998,48265.27,0.3834401554110041,0.029595868810261997,0.736917200777055,0.735,0.010000000000000009,30,30,109857.13,68094.78,
2026-08-25T07:02:09.548341+00:00,KXBTC15M-26AUG250315-15,2026-08-25T07:15:00Z,12.84,80520.99,80608.84,0.7,4103.27,0.71,2832.0,8389.93,7893.0,11501.74,16191.66,29536.77,46383.270000000004,0.18330504796496752,0.030518463200419108,0.7059165252398248,0.705,0.010000000000000009,30,30,167993.74,102691.29,
2026-08-25T07:02:29.825562+00:00,KXBTC15M-26AUG250315-15,2026-08-25T07:15:00Z,12.51,80520.99,80605.76,0.7,3109.46,0.71,4489.0,8429.119999999999,8377.56,11427.85,15375.22,29000.670000000002,45664.29,-0.18155520987147394,0.003067827792282562,0.7040922239506425,0.705,0.010000000000000009,30,30,219053.86,129732.98,
2026-08-25T07:02:50.067695+00:00,KXBTC15M-26AUG250315-15,2026-08-25T07:15:00Z,12.17,80520.99,80614.78,0.71,7622.93,0.72,10.0,11322.970000000001,4632.5599999999995,14777.7,11750.49,30964.2,41043.53,0.9973797742151441,0.41931606157865026,0.7199868988710758,0.715,0.010000000000000009,30,30,219053.86,129732.98,
2026-08-25T07:03:10.285416+00:00,KXBTC15M-26AUG250315-15,2026-08-25T07:15:00Z,11.83,80520.99,80648.69,0.77,5160.2,0.78,3860.67,9185.2,8541.19,13172.24,20493.67,30002.85,54473.97,0.14405816733862697,0.03633057830725829,0.7757202908366932,0.775,0.010000000000000009,30,30,219053.86,129732.98,
2026-08-25T07:03:30.565064+00:00,KXBTC15M-26AUG250315-15,2026-08-25T07:15:00Z,11.49,80520.99,80639.7,0.76,2334.46,0.77,2480.14,5648.67,6949.36,9606.96,18093.42,26744.170000000002,45325.9,-0.030257965355377357,-0.10324550743251125,0.7648487101732231,0.765,0.010000000000000009,30,30,252285.56,152271.21,
2026-08-25T07:03:50.882605+00:00,KXBTC15M-26AUG250315-15,2026-08-25T07:15:00Z,11.15,80520.99,80667.72,0.8,3060.35,0.81,2696.1,6515.21,8018.79,10023.21,29546.260000000002,26515.98,60499.96,0.06327684597277837,-0.1034525939177102,0.805316384229864,0.805,0.010000000000000009,30,30,288899.91,169765.19,
2026-08-25T07:04:11.101485+00:00,KXBTC15M-26AUG250315-15,2026-08-25T07:15:00Z,10.82,80520.99,80711.55,0.85,1621.79,0.86,2882.95,15135.84,17741.489999999998,20606.28,68784.46,33198.34,68784.46,-0.27996288354044846,-0.07925369852113896,0.8536001855822977,0.855,0.010000000000000009,30,30,288899.91,169765.19,
2026-08-25T07:04:31.387577+00:00,KXBTC15M-26AUG250315-15,2026-08-25T07:15:00Z,10.48,80520.99,80745.2,0.87,255.0,0.88,4243.02,8820.880000000001,17613.63,14830.77,68613.98,30436.45,68613.98,-0.8866167780490083,-0.3326239071577268,0.870566916109755,0.875,0.010000000000000009,30,30,314191.95,183111.04,
2026-08-25T07:04:51.569577+00:00,KXBTC15M-26AUG250315-15,2026-08-25T07:15:00Z,10.14,80520.99,80737.72,0.86,2233.96,0.87,1602.87,6352.89,9636.63,9902.33,20648.69,25450.45,20650.69,0.16448213759796504,-0.20536826621437035,0.8658224106879898,0.865,0.010000000000000009,30,30,353542.06,200815.93,
2026-08-25T07:05:11.754105+00:00,KXBTC15M-26AUG250315-15,2026-08-25T07:15:00Z,9.81,80520.99,80732.85,0.87,3340.0,0.88,259.25,7279.05,7086.43,11097.93,17757.67,27278.05,17757.67,0.8559422101826769,0.013408532120054457,0.8792797110509134,0.875,0.010000000000000009,30,30,353542.06,200815.93,
2026-08-25T07:05:32.001300+00:00,KXBTC15M-26AUG250315-15,2026-08-25T07:15:00Z,9.47,80520.99,80737.41,0.86,2147.45,0.87,2013.62,6196.9,10885.38,10296.33,20839.88,25871.12,21013.88,0.03216240053640048,-0.2744645328375369,0.865160812002682,0.865,0.010000000000000009,30,30,395874.68,224803.19,
2026-08-25T07:05:52.246787+00:00,KXBTC15M-26AUG250315-15,2026-08-25T07:15:00Z,9.13,80520.99,80771.72,0.89,3008.44,0.9,2611.39,9058.970000000001,10436.23,12983.880000000001,37110.39,28300.12,37110.39,0.0706516033403146,-0.07064610775985876,0.8953532580167015,0.895,0.010000000000000009,30,30,437985.75,236492.90,
2026-08-25T07:06:12.503778+00:00,KXBTC15M-26AUG250315-15,2026-08-25T07:15:00Z,8.79,80520.99,80738.95,0.88,2592.53,0.89,2258.62,9031.5,8854.36,13129.94,36705.72,28771.57,36705.72,0.06883110190367239,0.009903912923393083,0.8853441555095184,0.885,0.010000000000000009,30,30,437985.75,236492.90,
2026-08-25T07:06:32.807470+00:00,KXBTC15M-26AUG250315-15,2026-08-25T07:15:00Z,8.45,80520.99,80715.33,0.88,3475.22,0.89,1936.16,7930.96,9494.31,12255.4,44827.1,27674.13,44827.1,0.284411739704105,-0.08971740466575263,0.8864220586985205,0.885,0.010000000000000009,30,30,493307.61,252905.07,
2026-08-25T07:06:53.004258+00:00,KXBTC15M-26AUG250315-15,2026-08-25T07:15:00Z,8.12,80520.99,80729.23,0.901,559.19,0.908,8.0,7816.57,7275.14,11314.02,22870.42,27315.8,22870.42,0.9717907579470724,0.03587598754548023,0.9079012676528148,0.9045000000000001,0.007000000000000006,30,30,532377.32,269205.91,
2026-08-25T07:07:13.183089+00:00,KXBTC15M-26AUG250315-15,2026-08-25T07:15:00Z,7.78,80520.99,80715.33,0.87,3368.91,0.88,1571.35,7060.01,4662.91,11652.89,20557.379999999997,26787.2,34001.38,0.3638593920158048,0.20447977125153122,0.876819296960079,0.875,0.010000000000000009,30,30,532377.32,269205.91,
2026-08-25T07:07:33.410656+00:00,KXBTC15M-26AUG250315-15,2026-08-25T07:15:00Z,7.45,80520.99,80701.05,0.85,2561.34,0.86,2826.32,7465.89,4064.58,10935.7,14511.5,26065.31,28165.86,-0.04918276208966416,0.29498450626904194,0.8547540861895518,0.855,0.010000000000000009,30,30,563748.07,279864.57,
2026-08-25T07:07:53.593195+00:00,KXBTC15M-26AUG250315-15,2026-08-25T07:15:00Z,7.11,80520.99,80686.76,0.85,1899.21,0.86,2038.19,7521.5,4944.56,11230.31,16282.16,26655.1,25996.52,-0.035297404378523904,0.20671647657720238,0.8548235129781074,0.855,0.010000000000000009,30,30,596861.14,295284.85,
2026-08-25T07:08:13.807013+00:00,KXBTC15M-26AUG250315-15,2026-08-25T07:15:00Z,6.77,80520.99,80694.21,0.87,2937.33,0.88,2133.04,7380.33,8372.539999999999,11832.59,24356.26,27724.82,47153.87,0.15862550464758982,-0.06298598287169253,0.8757931275232379,0.875,0.010000000000000009,30,30,596861.14,295284.85,
2026-08-25T07:08:34.099278+00:00,KXBTC15M-26AUG250315-15,2026-08-25T07:15:00Z,6.43,80520.99,80696.28,0.89,3496.53,0.9,507.0,8120.76,11025.93,12653.050000000001,24447.94,28456.36,24447.94,0.7467235164966917,-0.1517322315240911,0.8987336175824835,0.895,0.010000000000000009,30,30,596861.14,295284.85,
2026-08-25T07:08:54.339269+00:00,KXBTC15M-26AUG250315-15,2026-08-25T07:15:00Z,6.1,80520.99,80703.88,0.926,15.67,0.9299999999999999,500.0,5985.76,18981.51,12118.76,42246.02,20938.55,42246.02,-0.9392246979657534,-0.5205114535950466,0.9261215506040685,0.9279999999999999,0.0039999999999998925,30,30,621732.45,305527.97,
2026-08-25T07:09:14.589005+00:00,KXBTC15M-26AUG250315-15,2026-08-25T07:15:00Z,5.76,80520.99,80697.72,0.936,12.61,0.9410000000000001,1042.62,5060.74,40498.37,12757.92,60917.37,16336.74,60917.37,-0.9760999971570181,-0.7778385047469102,0.9360597500071075,0.9385000000000001,0.0050000000000000044,30,30,656385.80,309879.00,
2026-08-25T07:09:34.871133+00:00,KXBTC15M-26AUG250315-15,2026-08-25T07:15:00Z,5.42,80520.99,80724.84,0.958,3.44,0.96,2326.2,4837.59,401649.09,5949.59,401649.09,5949.59,401649.09,-0.9970467540049106,-0.9761980392567844,0.958002953245995,0.959,0.0020000000000000018,30,30,656385.80,309879.00,
2026-08-25T07:09:55.093007+00:00,KXBTC15M-26AUG250315-15,2026-08-25T07:15:00Z,5.08,80520.99,80726.59,0.964,200.0,0.966,783.0,5902.4400000000005,400492.27,8898.44,400492.27,8898.44,400492.27,-0.5930824008138352,-0.9709521809474341,0.9644069175991861,0.965,0.0020000000000000018,30,28,694503.10,312404.97,
2026-08-25T07:10:15.355368+00:00,KXBTC15M-26AUG250315-15,2026-08-25T07:15:00Z,4.75,80520.99,80705.81,0.946,608.0,0.952,58.0,3555.34,392676.5,10045.23,392676.5,12955.48,392676.5,0.8258258258258259,-0.9820542437982772,0.9514774774774775,0.949,0.006000000000000005,30,28,730718.65,320444.08,
2026-08-25T07:10:35.619936+00:00,KXBTC15M-26AUG250315-15,2026-08-25T07:15:00Z,4.41,80520.99,80690.63,0.949,526.28,0.958,165.0,3488.62,395284.31,10160.51,395284.31,16966.57,395284.31,0.5226246962157157,-0.9825032255825389,0.9558518111329707,0.9535,0.009000000000000008,30,26,730718.65,320444.08,
2026-08-25T07:10:55.865197+00:00,KXBTC15M-26AUG250315-15,2026-08-25T07:15:00Z,4.07,80520.99,80696.29,0.955,61.0,0.956,884.0,1073.0,392930.51,5388.96,392930.51,17195.02,392930.51,-0.870899470899471,-0.99455334801459,0.9550645502645502,0.9555,0.0010000000000000009,30,24,754445.68,326880.21,
2026-08-25T07:11:16.047848+00:00,KXBTC15M-26AUG250315-15,2026-08-25T07:15:00Z,3.73,80520.99,80696.28,0.951,565.3,0.952,138.21,2451.3,325213.0,5399.19,325213.0,14316.25,325213.0,0.6070844764111383,-0.9850377352674674,0.9518035422382055,0.9515,0.0010000000000000009,30,26,754445.68,326880.21,
2026-08-25T07:11:36.270834+00:00,KXBTC15M-26AUG250315-15,2026-08-25T07:15:00Z,3.4,80520.99,80687.22,0.968,60.76,0.969,793.0,2327.76,325416.49,6030.47,325416.49,13061.87,325416.49,-0.8576649175412294,-0.9857952656682764,0.9680711675412295,0.9684999999999999,0.0010000000000000009,30,23,775569.00,332326.33,
2026-08-25T07:11:56.449227+00:00,KXBTC15M-26AUG250315-15,2026-08-25T07:15:00Z,3.06,80520.99,80678.15,0.975,754.85,0.976,200.0,6404.56,319630.78,9595.27,319630.78,16680.670000000002,319630.78,0.5810860344556736,-0.9607124798189055,0.9757905430172278,0.9755,0.0010000000000000009,30,19,794956.45,330262.38,
2026-08-25T07:12:16.627272+00:00,KXBTC15M-26AUG250315-15,2026-08-25T07:15:00Z,2.72,80520.99,80707.66,0.986,1143.39,0.989,2483.78,8756.81,282429.3,11353.09,282429.3,16501.39,282429.3,-0.3695415434071191,-0.9398542052709863,0.9869456876848894,0.9875,0.0030000000000000027,30,11,794956.45,330262.38,
2026-08-25T07:12:36.848564+00:00,KXBTC15M-26AUG250315-15,2026-08-25T07:15:00Z,2.39,80520.99,80720.08,0.993,1780.92,0.994,908.21,22418.03,278031.46,24397.31,278031.46,27705.2,278031.46,0.32453246960913007,-0.8507700578889318,0.9936622662348046,0.9935,0.0010000000000000009,30,6,833591.28,339718.69,
2026-08-25T07:12:57.083178+00:00,KXBTC15M-26AUG250315-15,2026-08-25T07:15:00Z,2.05,80520.99,80720.5,0.996,96.0,0.997,1800.0,24658.93,252801.43,24658.93,252801.43,24658.93,252801.43,-0.8987341772151899,-0.8222525913251176,0.9960506329113924,0.9964999999999999,0.0010000000000000009,30,3,833591.28,339718.69,
2026-08-25T07:13:17.357812+00:00,KXBTC15M-26AUG250315-15,2026-08-25T07:15:00Z,1.71,80520.99,80727.36,0.996,500.0,0.998,1847.0,14003.300000000001,244306.42,14003.300000000001,244306.42,14003.300000000001,244306.42,-0.573924158500213,-0.8915774443176201,0.9964260758414998,0.997,0.0020000000000000018,30,2,907953.82,362972.06,
2026-08-25T07:13:37.643607+00:00,KXBTC15M-26AUG250315-15,2026-08-25T07:15:00Z,1.37,80520.99,80710.57,0.998,4692.94,0.999,29448.12,24221.25,29448.12,24221.25,29448.12,24221.25,29448.12,-0.7250852785472977,-0.0973901873638539,0.9981374573607262,0.9984999999999999,0.0010000000000000009,30,1,980336.87,378010.96,
2026-08-25T07:13:57.851317+00:00,KXBTC15M-26AUG250315-15,2026-08-25T07:15:00Z,1.04,80520.99,80710.57,0.998,3415.76,0.999,9570.43,20770.21,9570.43,20770.21,9570.43,20770.21,9570.43,-0.4739396235539446,0.3691345996656629,0.998263030188223,0.9984999999999999,0.0010000000000000009,30,1,980336.87,378010.96,
2026-08-25T07:14:18.062637+00:00,KXBTC15M-26AUG250315-15,2026-08-25T07:15:00Z,0.7,80520.99,80711.08,0.998,200.0,0.999,6996.9,19412.56,6996.9,19412.56,6996.9,19412.56,6996.9,-0.9444205143881393,0.4701216912424564,0.9980277897428059,0.9984999999999999,0.0010000000000000009,30,1,1032228.14,418293.89,
2026-08-25T07:14:38.269104+00:00,KXBTC15M-26AUG250315-15,2026-08-25T07:15:00Z,0.36,80520.99,80682.79,0.998,1000.0,0.999,409.0,11981.28,409.0,11981.28,409.0,11981.28,409.0,0.41944641589779985,0.9339805073008842,0.9987097232079489,0.9984999999999999,0.0010000000000000009,30,1,1104911.19,461802.79,
2026-08-25T07:15:58.648193+00:00,KXBTC15M-26AUG250330-30,2026-08-25T07:30:00Z,14.02,80704.48,80651.42,0.39,525.0,0.4,3386.85,6076.26,7538.85,9248.26,10969.85,38181.26,23577.45,-0.731584800030676,-0.10742403109486447,0.3913420759998466,0.395,0.010000000000000009,30,30,40855.96,27848.30,
2026-08-25T07:16:19.429146+00:00,KXBTC15M-26AUG250330-30,2026-08-25T07:30:00Z,13.68,80704.48,80651.13,0.38,3752.21,0.39,3920.45,9155.130000000001,7757.45,13438.52,10602.45,38856.84,24132.71,-0.021927206470767607,0.0826414420508285,0.3848903639676462,0.385,0.010000000000000009,30,30,79228.04,54297.77,
2026-08-25T07:16:39.694775+00:00,KXBTC15M-26AUG250330-30,2026-08-25T07:30:00Z,13.34,80704.48,80643.32,0.35,4774.99,0.36,2546.0,10340.74,5592.1,16231.17,8944.1,40116.25,21974.24,0.30446565286935234,0.29804102721172115,0.3565223282643467,0.355,0.010000000000000009,30,30,79228.04,54297.77,
2026-08-25T07:16:59.877642+00:00,KXBTC15M-26AUG250330-30,2026-08-25T07:30:00Z,13.0,80704.48,80653.44,0.38,762.0,0.39,3830.87,4400.0,7755.87,9779.75,11428.869999999999,36270.26,24986.97,-0.6681813332404357,-0.27606991519323587,0.3816590933337978,0.385,0.010000000000000009,30,30,153567.80,107638.48,
2026-08-25T07:17:20.163395+00:00,KXBTC15M-26AUG250330-30,2026-08-25T07:30:00Z,12.67,80704.48,80672.99,0.44,3153.39,0.44999999999999996,3403.09,7686.389999999999,7821.09,15285.39,11404.32,34345.6,26776.510000000002,-0.03808445995412177,-0.008686130822029159,0.44480957770022933,0.44499999999999995,0.009999999999999953,30,30,153567.80,107638.48,
2026-08-25T07:17:40.461970+00:00,KXBTC15M-26AUG250330-30,2026-08-25T07:30:00Z,12.33,80704.48,80712.66,0.52,5305.15,0.53,4007.27,13056.15,9312.27,15611.15,13311.44,33130.88,28475.12,0.13937086170941598,0.1673734666999278,0.5256968543085471,0.525,0.010000000000000009,30,30,213899.07,136091.24,
2026-08-25T07:18:00.746578+00:00,KXBTC15M-26AUG250330-30,2026-08-25T07:30:00Z,11.99,80704.48,80648.69,0.34,3324.61,0.35,6001.36,8563.36,10316.939999999999,12452.28,13968.939999999999,36270.36,26847.86,-0.2870210819893266,-0.09287882078144935,0.34356489459005335,0.345,0.009999999999999953,30,30,213899.07,136091.24,
2026-08-25T07:18:20.930947+00:00,KXBTC15M-26AUG250330-30,2026-08-25T07:30:00Z,11.65,80704.48,80630.53,0.32,0.32,0.32999999999999996,6584.39,3505.11,8797.4,7460.05,11931.4,31789.87,28422.34,-0.9999028051349264,-0.4301796950378418,0.32000048597432534,0.32499999999999996,0.009999999999999953,30,30,263050.46,136257.92,
2026-08-25T07:18:41.178715+00:00,KXBTC15M-26AUG250330-30,2026-08-25T07:30:00Z,11.32,80704.48,80605.85,0.3,3776.0,0.31000000000000005,5631.85,8171.72,9548.85,12655.44,12787.85,33951.92,28221.69,-0.19726611287382348,-0.07771364013685791,0.3040136694356309,0.30500000000000005,0.010000000000000064,30,30,333558.74,173918.41,
2026-08-25T07:19:01.451284+00:00,KXBTC15M-26AUG250330-30,2026-08-25T07:30:00Z,10.98,80704.48,80611.53,0.3,4477.3,0.31000000000000005,3092.11,9365.18,8458.07,13303.67,11608.710000000001,34845.8,27603.19,0.18299841070836434,0.050894758251160736,0.3059149920535419,0.30500000000000005,0.010000000000000064,30,30,333558.74,173918.41,
2026-08-25T07:19:21.637760+00:00,KXBTC15M-26AUG250330-30,2026-08-25T07:30:00Z,10.64,80704.48,80595.34,0.27,3502.56,0.28,473.87,6763.61,6109.68,10809.06,9285.49,23725.5,23360.46,0.7616605849970954,0.05079742629894917,0.27880830292498554,0.275,0.010000000000000009,30,30,381343.99,202407.25,
2026-08-25T07:19:41.861203+00:00,KXBTC15M-26AUG250330-30,2026-08-25T07:30:00Z,10.3,80704.48,80599.79,0.3,560.0,0.31000000000000005,1361.71,4358.38,8695.24,8107.29,11195.24,19937.44,26949.149999999998,-0.41718573562087935,-0.3322342767753313,0.30291407132189563,0.30500000000000005,0.010000000000000064,30,30,409442.50,219692.07,
2026-08-25T07:20:02.047621+00:00,KXBTC15M-26AUG250330-30,2026-08-25T07:30:00Z,9.97,80704.48,80598.17,0.29,572.92,0.30000000000000004,1630.03,3825.25,5723.78,8147.63,8223.78,19172.57,22174.69,-0.4798610953494179,-0.19881914707567155,0.29260069452325294,0.29500000000000004,0.010000000000000064,30,30,409442.50,219692.07,
2026-08-25T07:20:22.227993+00:00,KXBTC15M-26AUG250330-30,2026-08-25T07:30:00Z,9.63,80704.48,80597.0,0.26,2772.48,0.27,1081.95,6844.81,5860.95,11352.74,8461.7,21104.420000000002,21933.17,0.43859403335901803,0.07743417158831904,0.2671929701667951,0.265,0.010000000000000009,30,30,455629.12,244409.83,
2026-08-25T07:20:42.445476+00:00,KXBTC15M-26AUG250330-30,2026-08-25T07:30:00Z,9.29,80704.48,80598.17,0.25,3991.78,0.26,2674.38,8764.74,11210.54,12712.12,14791.29,21798.88,28817.76,0.19762501950148212,-0.12244133749314158,0.25598812509750746,0.255,0.010000000000000009,30,30,477373.14,249549.04,
2026-08-25T07:21:02.629352+00:00,KXBTC15M-26AUG250330-30,2026-08-25T07:30:00Z,8.96,80704.48,80594.93,0.24,3342.56,0.25,2112.3,7026.91,6176.35,10192.78,9903.1,18827.51,24888.95,0.22553466083455848,0.06442045373642566,0.2461276733041728,0.245,0.010000000000000009,30,30,477373.14,249549.04,
2026-08-25T07:21:22.839039+00:00,KXBTC15M-26AUG250330-30,2026-08-25T07:30:00Z,8.62,80704.48,80594.93,0.25,2617.5,0.26,3312.26,9896.04,6495.26,13574.619999999999,10054.01,22779.28,26434.01,-0.11716494428105019,0.20747469694289045,0.2544141752785948,0.255,0.010000000000000009,30,30,509044.71,255172.26,
2026-08-25T07:21:43.034601+00:00,KXBTC15M-26AUG250330-30,2026-08-25T07:30:00Z,8.28,80704.48,80594.93,0.23,1118.32,0.24,2183.45,8161.8,5974.45,12769.56,9512.2,19904.83,24556.55,-0.32259363916929407,0.15473339817844198,0.23338703180415354,0.235,0.009999999999999981,30,30,533734.72,268273.32,
2026-08-25T07:22:03.313934+00:00,KXBTC15M-26AUG250330-30,2026-08-25T07:30:00Z,7.95,80704.48,80630.28,0.33,1951.18,0.33999999999999997,2690.56,5530.21,6920.5599999999995,9666.21,11010.14,26009.18,28471.59,-0.15928940440438283,-0.11166779243372092,0.3342035529779781,0.33499999999999996,0.009999999999999953,30,30,533734.72,268273.32,
2026-08-25T07:22:23.501206+00:00,KXBTC15M-26AUG250330-30,2026-08-25T07:30:00Z,7.61,80704.48,80634.4,0.32,107.11,0.32999999999999996,2853.08,3979.11,5333.43,7093.0,8363.43,19845.420000000002,25300.06,-0.9276330235559204,-0.14542971090593973,0.3203618348822204,0.32499999999999996,0.009999999999999953,30,30,554403.78,277519.44,
2026-08-25T07:22:43.767433+00:00,KXBTC15M-26AUG250330-30,2026-08-25T07:30:00Z,7.27,80704.48,80629.65,0.3,3496.0,0.31000000000000005,4396.26,6489.0,7722.4800000000005,12285.84,10504.48,22735.31,25345.69,-0.11406872049324276,-0.08679461956108726,0.3044296563975338,0.30500000000000005,0.010000000000000064,30,30,554403.78,277519.44,
2026-08-25T07:23:04.047416+00:00,KXBTC15M-26AUG250330-30,2026-08-25T07:30:00Z,6.93,80704.48,80627.27,0.28,1757.44,0.29000000000000004,2002.6,5271.4400000000005,6324.83,13196.28,9137.55,24417.4,22296.24,-0.06520143402729754,-0.09083869209668276,0.28467399282986355,0.28500000000000003,0.010000000000000009,30,30,586709.77,279693.79,
2026-08-25T07:23:24.281208+00:00,KXBTC15M-26AUG250330-30,2026-08-25T07:30:00Z,6.6,80704.48,80634.41,0.28,1263.79,0.29000000000000004,3693.44,4197.3099999999995,7286.4400000000005,12209.15,9825.82,22833.48,23066.93,-0.4901225079328577,-0.2690001088494613,0.28254938746033575,0.28500000000000003,0.010000000000000009,30,30,612074.07,272938.82,
2026-08-25T07:23:44.509767+00:00,KXBTC15M-26AUG250330-30,2026-08-25T07:30:00Z,6.26,80704.48,80627.28,0.24,1759.5,0.25,3938.13,9842.34,6787.13,14974.52,10319.130000000001,22028.57,23096.81,-0.38237477688091365,0.18372263217047807,0.24308812611559544,0.245,0.010000000000000009,30,30,612074.07,272938.82,
2026-08-25T07:24:04.706138+00:00,KXBTC15M-26AUG250330-30,2026-08-25T07:30:00Z,5.92,80704.48,80625.43,0.22,2238.77,0.22999999999999998,2864.78,8319.43,6540.780000000001,13380.52,9632.78,19054.88,22508.46,-0.12266167667603926,0.11969211740614699,0.22438669161661984,0.22499999999999998,0.009999999999999981,30,30,623529.26,274330.64,
2026-08-25T07:24:24.894614+00:00,KXBTC15M-26AUG250330-30,2026-08-25T07:30:00Z,5.59,80704.48,80634.4,0.22,1627.47,0.22999999999999998,2268.1,5179.59,6278.1,10896.65,9370.1,15904.36,22855.61,-0.16445090192192668,-0.09587534660127828,0.22417774549039038,0.22499999999999998,0.009999999999999981,30,30,623529.26,274330.64,
2026-08-25T07:24:45.109476+00:00,KXBTC15M-26AUG250330-30,2026-08-25T07:30:00Z,5.25,80704.48,80587.16,0.12,100.45,0.13,4342.12,4612.39,7923.54,17276.100000000002,10960.54,17378.100000000002,26674.29,-0.9547784278019256,-0.26413277674651975,0.12022610786099037,0.125,0.010000000000000009,30,30,651534.07,278734.92,
2026-08-25T07:25:05.355096+00:00,KXBTC15M-26AUG250330-30,2026-08-25T07:30:00Z,4.91,80704.48,80582.05,0.1,2830.54,0.10999999999999999,2408.89,15887.92,6260.21,32114.84,10194.56,32114.84,23352.19,0.08047631135447941,0.43469629264411935,0.10540238155677238,0.105,0.009999999999999981,30,30,704435.76,284136.99,
2026-08-25T07:25:25.573152+00:00,KXBTC15M-26AUG250330-30,2026-08-25T07:30:00Z,4.58,80704.48,80572.65,0.08,563.34,0.08399999999999996,398.62,15927.19,4520.62,41819.01,7166.04,41819.01,10740.04,0.17123373113227164,0.557838223262051,0.08234246746226451,0.08199999999999999,0.003999999999999962,30,30,704435.76,284136.99,
2026-08-25T07:25:45.820387+00:00,KXBTC15M-26AUG250330-30,2026-08-25T07:30:00Z,4.24,80704.48,80601.06,0.11,3538.41,0.12,2613.99,13034.9,6443.68,31542.3,10044.66,32892.3,26096.79,0.15025355958650286,0.3383829827430952,0.1157512677979325,0.11499999999999999,0.009999999999999995,30,30,745261.56,292846.97,
2026-08-25T07:26:06.172578+00:00,KXBTC15M-26AUG250330-30,2026-08-25T07:30:00Z,3.9,80704.48,80620.12,0.14,5275.44,0.15000000000000002,0.69,9233.439999999999,3981.42,20030.34,6486.42,26708.079999999998,22198.45,0.9997384446554578,0.3974328899435937,0.1499986922232773,0.14500000000000002,0.010000000000000009,30,30,804319.20,279316.03,
2026-08-25T07:26:26.356938+00:00,KXBTC15M-26AUG250330-30,2026-08-25T07:30:00Z,3.56,80704.48,80610.61,0.11,3982.68,0.12,43.0,10187.32,4120.14,25915.36,10101.71,180230.36,22832.23,0.9786371495002086,0.4240571002819508,0.11989318574750105,0.11499999999999999,0.009999999999999995,30,30,804319.20,279316.03,
2026-08-25T07:26:46.603065+00:00,KXBTC15M-26AUG250330-30,2026-08-25T07:30:00Z,3.23,80704.48,80597.91,0.086,16.0,0.09299999999999997,291.0,5239.28,8260.39,171796.96,11198.97,171796.96,20006.15,-0.8957654723127035,-0.22379139638228193,0.08636482084690553,0.08949999999999998,0.0069999999999999785,30,30,839667.18,291973.10,
2026-08-25T07:27:06.829928+00:00,KXBTC15M-26AUG250330-30,2026-08-25T07:30:00Z,2.89,80704.48,80631.48,0.18,628.0,0.18999999999999995,60.0,5331.02,4732.969999999999,8241.02,7820.44,13790.17,22071.0,0.8255813953488372,0.05942474108181756,0.18912790697674414,0.18499999999999997,0.009999999999999953,30,30,839667.18,291973.10,
2026-08-25T07:27:27.009834+00:00,KXBTC15M-26AUG250330-30,2026-08-25T07:30:00Z,2.55,80704.48,80659.04,0.25,2597.08,0.26,321.28,6685.08,951.68,9720.08,2859.52,16059.89,18927.329999999998,0.7798215436066833,0.750763412756195,0.2588991077180334,0.255,0.010000000000000009,30,30,896164.24,288787.88,
2026-08-25T07:27:47.239090+00:00,KXBTC15M-26AUG250330-30,2026-08-25T07:30:00Z,2.21,80704.48,80658.69,0.26,2137.0,0.27,3087.65,5322.0,3970.65,8563.0,6855.29,16292.869999999999,21270.39,-0.1819547720899965,0.1454213814143436,0.26409022613955,0.265,0.010000000000000009,30,30,896164.24,288787.88,
2026-08-25T07:28:07.528797+00:00,KXBTC15M-26AUG250330-30,2026-08-25T07:30:00Z,1.88,80704.48,80643.01,0.1,1950.15,0.10999999999999999,3191.45,6491.57,6087.719999999999,10923.7,9147.72,10923.7,19815.98,-0.2414229033763808,0.03210435565123313,0.10379288548311807,0.105,0.009999999999999981,30,30,953536.19,285757.45,
2026-08-25T07:28:27.711379+00:00,KXBTC15M-26AUG250330-30,2026-08-25T07:30:00Z,1.54,80704.48,80639.17,0.052,500.0,0.05700000000000005,40.0,35181.72,4335.6,62508.72,7289.87,62508.72,7289.87,0.8518518518518519,0.7805721643066889,0.05662962962962968,0.05450000000000002,0.005000000000000053,25,30,1003472.76,291869.36,
2026-08-25T07:28:47.963974+00:00,KXBTC15M-26AUG250330-30,2026-08-25T07:30:00Z,1.2,80704.48,80653.38,0.069,2.67,0.07699999999999996,77.71,4332.73,197.70999999999998,21939.16,2641.71,21939.16,10649.33,-0.9335655635730281,0.9127192943731735,0.06926573774570789,0.07299999999999998,0.007999999999999952,30,30,1003472.76,291869.36,
2026-08-25T07:29:08.204376+00:00,KXBTC15M-26AUG250330-30,2026-08-25T07:30:00Z,0.86,80704.48,80658.71,0.02,59.0,0.027000000000000024,435.0,57426.08,1560.62,57426.08,1728.62,57426.08,11833.05,-0.7611336032388664,0.9470856989796004,0.020836032388663973,0.023500000000000014,0.0070000000000000236,16,30,1046537.59,299849.63,
2026-08-25T07:29:28.484268+00:00,KXBTC15M-26AUG250330-30,2026-08-25T07:30:00Z,0.53,80704.48,80643.92,0.001,37568.22,0.0020000000000000018,164.0,37568.22,31152.95,37568.22,31597.65,37568.22,35304.52,0.9913071640099629,0.09335216498787784,0.0019956535820049833,0.001500000000000001,0.0010000000000000018,1,30,1118672.12,302508.70,
2026-08-25T07:30:28.898842+00:00,KXBTC15M-26AUG250345-45,2026-08-25T07:45:00Z,14.52,80651.06,80599.15,0.41,3970.49,0.42000000000000004,6001.08,7349.49,10517.38,10866.49,13177.38,25923.98,24994.82,-0.2036379426710137,-0.17730525827970986,0.41398181028664494,0.41500000000000004,0.010000000000000064,30,30,17116.23,14401.78,
2026-08-25T07:30:49.105984+00:00,KXBTC15M-26AUG250345-45,2026-08-25T07:45:00Z,14.18,80651.06,80592.53,0.38,4088.12,0.39,4480.01,9231.119999999999,12633.01,14468.119999999999,15706.01,33664.64,28622.420000000002,-0.045738101546078345,-0.1555922874589568,0.38477130949226956,0.385,0.010000000000000009,30,30,17116.23,14401.78,
2026-08-25T07:31:09.323455+00:00,KXBTC15M-26AUG250345-45,2026-08-25T07:45:00Z,13.85,80651.06,80577.29,0.33,3710.7,0.33999999999999997,2137.4,8714.7,9604.6,14476.0,13916.6,29612.97,27267.2,0.26902754740856,-0.048577183626011884,0.3363451377370428,0.33499999999999996,0.009999999999999953,30,30,64068.66,50079.42,
2026-08-25T07:31:29.560850+00:00,KXBTC15M-26AUG250345-45,2026-08-25T07:45:00Z,13.51,80651.06,80605.0,0.4,3216.62,0.41000000000000003,798.4,8398.1,4500.4,11509.71,7721.02,28120.83,22446.54,0.6022933883268327,0.30218242431290465,0.40801146694163415,0.405,0.010000000000000009,30,30,64068.66,50079.42,
2026-08-25T07:31:49.837857+00:00,KXBTC15M-26AUG250345-45,2026-08-25T07:45:00Z,13.17,80651.06,80596.33,0.38,3020.0,0.39,1439.51,8560.17,11694.74,13806.77,15438.36,29638.96,29340.49,0.3544088924567946,-0.15475605667959028,0.3867720444622839,0.385,0.010000000000000009,30,30,119242.87,82341.25,
2026-08-25T07:32:10.078046+00:00,KXBTC15M-26AUG250345-45,2026-08-25T07:45:00Z,12.83,80651.06,80666.49,0.54,3267.11,0.55,2937.27,12996.9,8472.86,16152.9,11080.11,31065.25,28848.12,0.053162443306180494,0.21071684080306433,0.5452658122165309,0.545,0.010000000000000009,30,30,160703.13,90949.74,
2026-08-25T07:32:30.286637+00:00,KXBTC15M-26AUG250345-45,2026-08-25T07:45:00Z,12.5,80651.06,80639.17,0.48,2942.94,0.49,1990.89,8932.18,7761.89,12335.18,10386.89,29257.46,26592.64,0.1929636813591064,0.0701021380645942,0.48596481840679556,0.485,0.010000000000000009,30,30,160703.13,90949.74,
2026-08-25T07:32:50.533352+00:00,KXBTC15M-26AUG250345-45,2026-08-25T07:45:00Z,12.16,80651.06,80582.61,0.34,3200.58,0.35,5240.54,7591.18,7899.54,11730.03,12322.54,25639.88,25414.34,-0.2416693519343405,-0.019906111529999874,0.34379165324032834,0.345,0.009999999999999953,30,30,208823.59,84429.21,
2026-08-25T07:33:10.720309+00:00,KXBTC15M-26AUG250345-45,2026-08-25T07:45:00Z,11.82,80651.06,80576.29,0.3,3521.0,0.31000000000000005,473.16,11772.81,5527.43,15024.26,8689.43,26838.46,22434.98,0.7630740881687263,0.36099961619029564,0.30881537044084373,0.30500000000000005,0.010000000000000064,30,30,273683.30,116806.29,
2026-08-25T07:33:30.997828+00:00,KXBTC15M-26AUG250345-45,2026-08-25T07:45:00Z,11.49,80651.06,80580.65,0.32,3269.77,0.32999999999999996,4892.73,8994.61,8693.73,13838.66,11758.73,26776.87,26778.87,-0.19883124042879013,0.017010075563902605,0.324005843797856,0.32499999999999996,0.009999999999999953,30,30,273683.30,116806.29,
2026-08-25T07:33:51.238383+00:00,KXBTC15M-26AUG250345-45,2026-08-25T07:45:00Z,11.15,80651.06,80581.09,0.3,4563.23,0.31000000000000005,1613.43,9904.88,12092.43,13693.099999999999,15897.43,25551.42,30599.67,0.4775720211246854,-0.0994462504733534,0.30738786010562347,0.30500000000000005,0.010000000000000064,30,30,298131.19,126544.89,
2026-08-25T07:34:11.485709+00:00,KXBTC15M-26AUG250345-45,2026-08-25T07:45:00Z,10.81,80651.06,80570.38,0.28,5196.74,0.29000000000000004,4836.1,10247.71,9562.1,13969.279999999999,13040.470000000001,25685.39,29244.78,0.03594595348874291,0.03460962018313143,0.28517972976744377,0.28500000000000003,0.010000000000000009,30,30,298131.19,126544.89,
2026-08-25T07:34:31.774506+00:00,KXBTC15M-26AUG250345-45,2026-08-25T07:45:00Z,10.47,80651.06,80570.37,0.28,25.97,0.29000000000000004,8966.98,5299.34,13475.98,9515.529999999999,17119.7,21073.829999999998,32949.39,-0.9942243646411913,-0.4354993683196877,0.2800288781767941,0.28500000000000003,0.010000000000000009,30,30,325672.69,142442.94,
2026-08-25T07:34:51.991752+00:00,KXBTC15M-26AUG250345-45,2026-08-25T07:45:00Z,10.14,80651.06,80570.39,0.27,1382.0,0.28,965.42,6123.3099999999995,5647.42,11140.1,9364.14,21205.23,23165.22,0.17746291673411663,0.040429947845205816,0.2758873145836706,0.275,0.010000000000000009,30,30,325672.69,142442.94,
2026-08-25T07:35:12.264584+00:00,KXBTC15M-26AUG250345-45,2026-08-25T07:45:00Z,9.8,80651.06,80570.4,0.27,1872.32,0.28,3795.54,7043.889999999999,12125.58,11695.68,15844.3,21266.79,30154.03,-0.33932030784105466,-0.26509287945884785,0.2733033984607947,0.275,0.010000000000000009,30,30,346000.53,153595.61,
2026-08-25T07:35:32.447048+00:00,KXBTC15M-26AUG250345-45,2026-08-25T07:45:00Z,9.46,80651.06,80565.14,0.25,2726.68,0.26,2197.24,7028.26,9231.43,11921.96,13598.78,20180.29,27842.65,0.10752408650018686,-0.13549889327533304,0.2555376204325009,0.255,0.010000000000000009,30,30,362694.28,159389.90,
2026-08-25T07:35:52.691603+00:00,KXBTC15M-26AUG250345-45,2026-08-25T07:45:00Z,9.12,80651.06,80565.14,0.25,1259.1,0.26,2880.83,6247.6,6881.87,10472.3,10558.22,19321.78,24852.09,-0.3917288456568106,-0.04830888070881761,0.25304135577171594,0.255,0.010000000000000009,30,30,362694.28,159389.90,
2026-08-25T07:36:12.939764+00:00,KXBTC15M-26AUG250345-45,2026-08-25T07:45:00Z,8.79,80651.06,80577.22,0.28,3404.26,0.29000000000000004,583.34,7673.700000000001,5113.59,12527.02,8915.31,24248.72,25896.93,0.7074230113351389,0.20020739343520014,0.28853711505667573,0.28500000000000003,0.010000000000000009,30,30,375941.71,165388.41,
2026-08-25T07:36:33.135014+00:00,KXBTC15M-26AUG250345-45,2026-08-25T07:45:00Z,8.45,80651.06,80582.35,0.31,918.93,0.31999999999999995,2861.11,5147.37,6629.110000000001,9351.16,9855.65,22559.48,27953.37,-0.5137987957799389,-0.12582197736505313,0.3124310060211003,0.31499999999999995,0.009999999999999953,30,30,396285.20,164526.61,
2026-08-25T07:36:53.376616+00:00,KXBTC15M-26AUG250345-45,2026-08-25T07:45:00Z,8.11,80651.06,80591.17,0.32,2400.05,0.32999999999999996,2467.8,6812.150000000001,7109.31,11574.25,10488.85,24879.57,28816.54,-0.013917848742257875,-0.021345462329382107,0.3249304107562887,0.32499999999999996,0.009999999999999953,30,30,396285.20,164526.61,
2026-08-25T07:37:13.576780+00:00,KXBTC15M-26AUG250345-45,2026-08-25T07:45:00Z,7.78,80651.06,80608.41,0.37,3442.37,0.38,34.0,6785.54,5268.23,11488.64,8843.23,25487.06,24874.43,0.9804393663505323,0.12587845960226554,0.37990219683175264,0.375,0.010000000000000009,30,30,417170.67,173224.07,
2026-08-25T07:37:33.786807+00:00,KXBTC15M-26AUG250345-45,2026-08-25T07:45:00Z,7.44,80651.06,80592.0,0.31,2436.08,0.31999999999999995,143.42,8472.52,4265.51,12129.73,7788.95,24702.76,25809.01,0.8888001550688117,0.3302716354098711,0.31944400077534396,0.31499999999999995,0.009999999999999953,30,30,417170.67,173224.07,
2026-08-25T07:37:54.093954+00:00,KXBTC15M-26AUG250345-45,2026-08-25T07:45:00Z,7.1,80651.06,80577.33,0.27,560.0,0.28,2058.2,4727.34,3244.2,8797.3,6138.2,17928.66,20949.57,-0.5722251928806049,0.1860543884870427,0.27213887403559694,0.275,0.010000000000000009,30,30,452911.42,176135.65,
2026-08-25T07:38:14.314975+00:00,KXBTC15M-26AUG250345-45,2026-08-25T07:45:00Z,6.76,80651.06,80513.94,0.11,964.91,0.12,4705.52,20558.05,8303.52,42113.63,12150.52,46604.63,26289.690000000002,-0.6596695488701916,0.4245967908190718,0.11170165225564906,0.11499999999999999,0.009999999999999995,30,30,484804.97,187917.21,
2026-08-25T07:38:34.574665+00:00,KXBTC15M-26AUG250345-45,2026-08-25T07:45:00Z,6.43,80651.06,80524.16,0.11,339.0,0.12,3594.57,18856.13,7057.57,39773.8,10158.75,45800.8,25121.46,-0.8276374896086761,0.4553020217105238,0.11086181255195662,0.11499999999999999,0.009999999999999995,30,30,484804.97,187917.21,
2026-08-25T07:38:54.806575+00:00,KXBTC15M-26AUG250345-45,2026-08-25T07:45:00Z,6.09,80651.06,80501.24,0.086,1060.15,0.08799999999999997,3.0,7678.94,7530.83,17703.95,10461.83,17703.95,16486.05,0.994356393735597,0.009737819835539898,0.08799435639373555,0.08699999999999998,0.001999999999999974,30,30,545654.28,207719.56,
