observed_at,ticker,close_time,minutes_remaining,strike,btc,yes_bid,yes_bid_size,yes_ask,yes_ask_size,yes_depth_5c,no_depth_5c,yes_depth_10c,no_depth_10c,yes_total,no_total,imbalance_touch,imbalance_5c,weighted_mid,mid,spread,n_yes_levels,n_no_levels,volume,open_interest,outcome
2026-08-27T02:49:27.364815+00:00,KXBTC15M-26AUG262300-00,2026-08-27T03:00:00Z,10.54,78736.4,78711.22,0.41,4203.69,0.42000000000000004,43.02,20118.84,25102.24,45979.54,43504.340000000004,139785.94,117869.95,0.9797396101923604,-0.11020081784866706,0.4198986980509618,0.41500000000000004,0.010000000000000064,30,30,644920.63,291003.24,
2026-08-27T02:49:47.636850+00:00,KXBTC15M-26AUG262300-00,2026-08-27T03:00:00Z,10.21,78736.4,78740.31,0.55,8941.96,0.56,2445.01,26704.96,16466.260000000002,39170.17,33703.17,125656.08,119332.33,0.5705600348468468,0.23716494460893153,0.5578528001742342,0.555,0.010000000000000009,30,30,644920.63,291003.24,
2026-08-27T02:50:07.792842+00:00,KXBTC15M-26AUG262300-00,2026-08-27T03:00:00Z,9.87,78736.4,78746.68,0.57,9828.5,0.5800000000000001,1278.94,33006.51,18265.0,49657.71,33889.16,123690.62,116117.26,0.7697147137414201,0.28751854587469733,0.5788485735687071,0.575,0.01000000000000012,30,30,733250.51,304880.79,
2026-08-27T02:50:27.958650+00:00,KXBTC15M-26AUG262300-00,2026-08-27T03:00:00Z,9.54,78736.4,78727.01,0.48,2103.71,0.49,4859.53,20468.41,22439.41,35436.98,39689.51,122350.45999999999,122199.94,-0.3957669131036701,-0.04593568258653085,0.48302116543448165,0.485,0.010000000000000009,30,30,733250.51,304880.79,
2026-08-27T02:50:48.093374+00:00,KXBTC15M-26AUG262300-00,2026-08-27T03:00:00Z,9.2,78736.4,78749.57,0.59,5601.8,0.6,3502.03,23246.1,16325.25,44904.2,35245.48,116739.84,120077.44,0.23064688158720012,0.1748954736191714,0.5961532344079361,0.595,0.010000000000000009,30,30,790678.35,302544.84,
2026-08-27T02:51:08.214399+00:00,KXBTC15M-26AUG262300-00,2026-08-27T03:00:00Z,8.86,78736.4,78761.69,0.65,9711.5,0.6599999999999999,1006.22,27146.97,27438.77,46568.07,43595.56,110635.78,112367.74,0.812232452424583,-0.005345718497175256,0.6590611622621229,0.655,0.009999999999999898,30,30,852626.74,307712.76,
2026-08-27T02:51:28.404120+00:00,KXBTC15M-26AUG262300-00,2026-08-27T03:00:00Z,8.53,78736.4,78775.74,0.74,3728.51,0.75,7570.62,20650.81,27818.81,42377.63,46214.84,110881.93000000001,92863.85,-0.34003591426950563,-0.14788644928513983,0.7432998204286524,0.745,0.010000000000000009,30,30,852626.74,307712.76,
2026-08-27T02:51:48.528228+00:00,KXBTC15M-26AUG262300-00,2026-08-27T03:00:00Z,8.19,78736.4,78781.86,0.79,11907.66,0.8,8013.55,25927.55,20358.46,42768.35,44951.59,113517.14,78942.76,0.19547557603177718,0.12031907697379836,0.795977377880159,0.795,0.010000000000000009,30,30,964768.97,297028.98,
2026-08-27T02:52:08.670881+00:00,KXBTC15M-26AUG262300-00,2026-08-27T03:00:00Z,7.86,78736.4,78785.7,0.82,1403.43,0.83,8213.94,25296.46,23058.940000000002,43578.46,72850.73,106894.42,77900.73,-0.7081468218442256,0.046272391501259356,0.8214592658907789,0.825,0.010000000000000009,30,30,964768.97,297028.98,
2026-08-27T02:52:28.814268+00:00,KXBTC15M-26AUG262300-00,2026-08-27T03:00:00Z,7.52,78736.4,78770.4,0.76,4718.72,0.77,3928.45,19002.57,20849.26,43285.87,52643.88,112105.8,101282.88,0.09139059368556422,-0.04633890087356085,0.7654569529684279,0.765,0.010000000000000009,30,30,1060504.30,324600.89,
2026-08-27T02:52:49.001577+00:00,KXBTC15M-26AUG262300-00,2026-08-27T03:00:00Z,7.18,78736.4,78754.26,0.68,5122.29,0.69,4338.31,18172.62,19072.58,36526.87,43480.18,106511.07,108382.84,0.08286789421389759,-0.02416311363611963,0.6854143394710694,0.685,0.009999999999999898,30,30,1060504.30,324600.89,
2026-08-27T02:53:09.124178+00:00,KXBTC15M-26AUG262300-00,2026-08-27T03:00:00Z,6.85,78736.4,78762.68,0.75,7206.44,0.76,54.95,20940.89,10999.07,41435.62,34991.38,107236.02,84104.64,0.9848651566711057,0.31126588762165014,0.7599243257833556,0.755,0.010000000000000009,30,30,1142168.90,338778.64,
2026-08-27T02:53:29.259591+00:00,KXBTC15M-26AUG262300-00,2026-08-27T03:00:00Z,6.51,78736.4,78749.36,0.61,1457.28,0.62,12316.39,15487.69,34382.84,38920.27,64298.93,112160.17,135325.38,-0.788396266209369,-0.378884082443078,0.611058018668953,0.615,0.010000000000000009,30,30,1142168.90,338778.64,
2026-08-27T02:53:49.395505+00:00,KXBTC15M-26AUG262300-00,2026-08-27T03:00:00Z,6.18,78736.4,78749.37,0.65,78.02,0.6599999999999999,8365.46,15356.02,23093.01,38119.55,52527.59,105056.89,117768.14,-0.9815194682761136,-0.2012271831044892,0.6500924026586195,0.655,0.009999999999999898,30,30,1208741.97,360198.15,
2026-08-27T02:54:09.573758+00:00,KXBTC15M-26AUG262300-00,2026-08-27T03:00:00Z,5.84,78736.4,78751.69,0.7,373.46,0.71,5364.14,22852.94,17437.62,45342.94,36075.09,111195.75,91468.43,-0.8698201338538761,0.13440666994948694,0.7006508993307305,0.705,0.010000000000000009,30,30,1253561.28,365492.50,
2026-08-27T02:54:29.883060+00:00,KXBTC15M-26AUG262300-00,2026-08-27T03:00:00Z,5.5,78736.4,78751.65,0.67,1860.66,0.6799999999999999,6795.47,22293.97,22014.4,40726.05,43096.54,107878.5,99437.78,-0.570094256902334,0.006309643076466132,0.6721495287154883,0.675,0.009999999999999898,30,30,1253561.28,365492.50,
2026-08-27T02:54:50.031513+00:00,KXBTC15M-26AUG262300-00,2026-08-27T03:00:00Z,5.17,78736.4,78747.9,0.63,4041.76,0.64,112.26,16106.19,27709.059999999998,38699.03,48773.44,102825.92,107486.46,0.9459511509333127,-0.26481350671284537,0.6397297557546665,0.635,0.010000000000000009,30,30,1341014.18,370199.39,
2026-08-27T02:55:10.158930+00:00,KXBTC15M-26AUG262300-00,2026-08-27T03:00:00Z,4.83,78736.4,78747.9,0.65,4046.88,0.6599999999999999,3026.87,15745.810000000001,21331.9,37821.64,44601.07,99361.29000000001,105386.0,0.14419650114861285,-0.15065898082702517,0.6557209825057431,0.655,0.009999999999999898,30,30,1404573.62,383655.05,
2026-08-27T02:55:30.374598+00:00,KXBTC15M-26AUG262300-00,2026-08-27T03:00:00Z,4.49,78736.4,78747.19,0.6,961.52,0.61,5509.34,12736.94,19828.1,31377.5,32793.1,102635.55,101642.48,-0.7028153908444935,-0.217753762931045,0.6014859230457774,0.605,0.010000000000000009,30,30,1404573.62,383655.05,
2026-08-27T02:55:50.566120+00:00,KXBTC15M-26AUG262300-00,2026-08-27T03:00:00Z,4.16,78736.4,78731.56,0.52,4660.83,0.53,53.43,15132.29,18585.28,35555.02,37527.28,120777.36,96427.05,0.9773326036323833,-0.10240921869517874,0.5298866630181619,0.525,0.010000000000000009,30,30,1475705.45,395601.06,
2026-08-27T02:56:10.676314+00:00,KXBTC15M-26AUG262300-00,2026-08-27T03:00:00Z,3.82,78736.4,78730.52,0.51,5577.7,0.52,504.39,22612.06,17804.59,37957.6,38232.59,123366.6,93641.06999999999,0.8341392514744108,0.11894776039082905,0.519170696257372,0.515,0.010000000000000009,30,30,1475705.45,395601.06,
2026-08-27T02:56:30.827148+00:00,KXBTC15M-26AUG262300-00,2026-08-27T03:00:00Z,3.49,78736.4,78724.51,0.41,4984.68,0.42000000000000004,1120.6,18066.72,22791.52,44701.38,45942.62,136101.43,105107.08,0.6329079092195607,-0.11563885277486252,0.4181645395460978,0.41500000000000004,0.010000000000000064,30,30,1557864.59,395162.29,
2026-08-27T02:56:50.944557+00:00,KXBTC15M-26AUG262300-00,2026-08-27T03:00:00Z,3.15,78736.4,78725.0,0.44,3806.46,0.44999999999999996,1973.98,19330.25,12904.11,37201.42,31620.52,126862.56,87702.35,0.3170139297354526,0.19935683537690835,0.4465850696486772,0.44499999999999995,0.009999999999999953,30,30,1657347.34,386831.54,
2026-08-27T02:57:11.058060+00:00,KXBTC15M-26AUG262300-00,2026-08-27T03:00:00Z,2.82,78736.4,78716.08,0.32,1143.31,0.32999999999999996,2513.0,17932.2,17484.0,33729.9,33170.85,103504.53,96503.57,-0.3746099209312121,0.012655225574737007,0.32312695039534395,0.32499999999999996,0.009999999999999953,30,30,1657347.34,386831.54,
2026-08-27T02:57:31.244129+00:00,KXBTC15M-26AUG262300-00,2026-08-27T03:00:00Z,2.48,78736.4,78721.02,0.36,4631.59,0.37,856.28,23843.13,12912.32,41941.61,29015.420000000002,120346.84,95301.99,0.6879372142561687,0.2973929036374198,0.36843968607128086,0.365,0.010000000000000009,30,30,1775691.25,409121.15,
2026-08-27T02:57:51.376203+00:00,KXBTC15M-26AUG262300-00,2026-08-27T03:00:00Z,2.14,78736.4,78729.86,0.46,5038.91,0.47,6904.11,11739.01,16116.3,22049.35,31465.66,97751.44,95960.31,-0.15617490383504337,-0.15714382643740096,0.4642191254808247,0.46499999999999997,0.009999999999999953,30,30,1914763.45,401951.17,
2026-08-27T02:58:11.518452+00:00,KXBTC15M-26AUG262300-00,2026-08-27T03:00:00Z,1.81,78736.4,78706.63,0.17,1895.81,0.18000000000000005,7109.42,12012.48,15138.66,46038.62,28102.86,58993.63,88686.24,-0.5789535636513449,-0.11513991677697512,0.1721052321817433,0.17500000000000004,0.010000000000000037,30,30,1914763.45,401951.17,
2026-08-27T02:58:31.745719+00:00,KXBTC15M-26AUG262300-00,2026-08-27T03:00:00Z,1.47,78736.4,78717.35,0.33,0.02,0.33999999999999997,2513.6,3075.59,10905.75,16673.59,25197.93,71708.66,90692.23,-0.999984086695682,-0.5600436009710085,0.3300000795665216,0.33499999999999996,0.009999999999999953,30,30,2167726.63,434532.87,
2026-08-27T02:58:51.886645+00:00,KXBTC15M-26AUG262300-00,2026-08-27T03:00:00Z,1.14,78736.4,78716.27,0.19,2433.64,0.19999999999999996,647.03,14767.56,6424.48,35541.06,23560.58,57709.09,75899.3,0.5799420255983276,0.3936893286347138,0.19789971012799157,0.19499999999999998,0.009999999999999953,30,30,2422347.00,441468.20,
2026-08-27T02:59:12.091793+00:00,KXBTC15M-26AUG262300-00,2026-08-27T03:00:00Z,0.8,78736.4,78715.91,0.11,2000.0,0.13,0.01,41887.21,3743.5499999999997,45887.21,16614.36,45887.21,65926.08,0.9999900000499997,0.8359198926338285,0.1299999000005,0.12,0.020000000000000004,30,30,2422347.00,441468.20,
2026-08-27T02:59:32.297348+00:00,KXBTC15M-26AUG262300-00,2026-08-27T03:00:00Z,0.46,78736.4,78718.28,0.01,0.01,0.01200000000000001,2634.62,49644.21,33539.49,49644.21,33539.49,49644.21,33539.49,-0.9999924088012356,0.19360427583769418,0.010000007591198764,0.011000000000000006,0.0020000000000000104,10,30,2422347.00,441468.20,
2026-08-27T03:00:52.592387+00:00,KXBTC15M-26AUG262315-15,2026-08-27T03:15:00Z,14.12,78728.7,78706.12,0.46,5000.39,0.47,1760.99,24559.6,15650.0,45915.47,34679.0,147964.96,134272.95,0.47910337830442906,0.2215789264255302,0.4673955168915222,0.46499999999999997,0.009999999999999953,30,30,104313.36,84802.20,
2026-08-27T03:01:12.718155+00:00,KXBTC15M-26AUG262315-15,2026-08-27T03:15:00Z,13.79,78728.7,78706.12,0.48,6275.03,0.49,1339.46,20021.739999999998,5625.0,38661.11,13798.1,133445.68,77042.73,0.6481812964492697,0.5613477580386435,0.48824090648224633,0.485,0.010000000000000009,30,30,157764.75,118112.75,
2026-08-27T03:01:32.991037+00:00,KXBTC15M-26AUG262315-15,2026-08-27T03:15:00Z,13.45,78728.7,78698.28,0.46,4044.63,0.47,6316.16,19874.37,11154.119999999999,44012.07,29073.12,141421.47,96961.02,-0.21924293417779914,0.28104010217706377,0.463903785329111,0.46499999999999997,0.009999999999999953,30,30,157764.75,118112.75,
2026-08-27T03:01:53.105149+00:00,KXBTC15M-26AUG262315-15,2026-08-27T03:15:00Z,13.12,78728.7,78722.23,0.57,2803.15,0.5800000000000001,446.57,16964.07,10640.88,34862.36,31963.88,115378.41,96751.22,0.7251640141304481,0.22906000554248426,0.5786258200706522,0.575,0.01000000000000012,30,30,254645.72,196282.53,
2026-08-27T03:02:13.323707+00:00,KXBTC15M-26AUG262315-15,2026-08-27T03:15:00Z,12.78,78728.7,78723.85,0.51,3400.04,0.52,10.0,18067.13,14666.95,37284.78,29502.58,129153.89,98174.33,0.9941349661587547,0.1038727833499521,0.5199706748307937,0.515,0.010000000000000009,30,30,254645.72,196282.53,
2026-08-27T03:02:33.529932+00:00,KXBTC15M-26AUG262315-15,2026-08-27T03:15:00Z,12.44,78728.7,78720.07,0.52,6272.92,0.53,313.29,18030.25,3529.48,39733.12,22617.22,129977.38,85990.56,0.9048648615820024,0.6725858811775473,0.5295243243079101,0.525,0.010000000000000009,30,30,309446.12,218958.26,
2026-08-27T03:02:53.694835+00:00,KXBTC15M-26AUG262315-15,2026-08-27T03:15:00Z,12.11,78728.7,78721.74,0.54,2716.99,0.55,5069.68,12031.89,20513.62,35195.55,36272.7,122110.18,109478.66,-0.30214327819208986,-0.2606113715839758,0.5434892836090396,0.545,0.010000000000000009,30,30,377943.15,256800.37,
2026-08-27T03:03:13.862695+00:00,KXBTC15M-26AUG262315-15,2026-08-27T03:15:00Z,11.77,78728.7,78715.01,0.51,5916.6,0.52,20.47,20951.420000000002,8144.679999999999,39847.1,28326.469999999998,130426.25,92676.76,0.9931043427145039,0.4401531476727122,0.5199655217135726,0.515,0.010000000000000009,30,30,377943.15,256800.37,
2026-08-27T03:03:34.081918+00:00,KXBTC15M-26AUG262315-15,2026-08-27T03:15:00Z,11.43,78728.7,78720.62,0.54,442.55,0.55,5364.74,13622.07,17997.56,37128.13,34276.31,123956.33,102202.26,-0.8475881176934508,-0.13837891208720662,0.5407620594115328,0.545,0.010000000000000009,30,30,417713.75,276377.53,
2026-08-27T03:03:54.196359+00:00,KXBTC15M-26AUG262315-15,2026-08-27T03:15:00Z,11.1,78728.7,78717.07,0.49,1942.76,0.5,1096.36,18146.52,15289.47,41254.31,34528.28,130811.01,102862.58,0.27850167153649746,0.08544834473272667,0.49639250835768245,0.495,0.010000000000000009,30,30,468644.22,291304.49,
2026-08-27T03:04:14.324684+00:00,KXBTC15M-26AUG262315-15,2026-08-27T03:15:00Z,10.76,78728.7,78715.0,0.48,3305.84,0.49,1013.74,19957.68,21167.99,42785.72,37131.090000000004,132877.12,104646.38,0.5306302927599443,-0.029429550934975682,0.48765315146379973,0.485,0.010000000000000009,30,30,468644.22,291304.49,
2026-08-27T03:04:34.556181+00:00,KXBTC15M-26AUG262315-15,2026-08-27T03:15:00Z,10.43,78728.7,78715.0,0.49,2866.58,0.5,1868.83,16129.65,17758.39,38726.229999999996,36535.48,128861.04,103336.62,0.21069981268781374,-0.04806238425119894,0.4960534990634391,0.495,0.010000000000000009,30,30,501500.65,306277.02,
2026-08-27T03:04:54.756745+00:00,KXBTC15M-26AUG262315-15,2026-08-27T03:15:00Z,10.09,78728.7,78717.08,0.48,2976.68,0.49,3203.48,18233.55,16022.04,42001.98,32197.33,130145.82,102948.05,-0.03669807901413559,0.06455909823768904,0.4848165096049293,0.485,0.010000000000000009,30,30,501500.65,306277.02,
2026-08-27T03:05:14.888625+00:00,KXBTC15M-26AUG262315-15,2026-08-27T03:15:00Z,9.75,78728.7,78718.63,0.48,3501.55,0.49,2359.7,18188.58,16410.2,37057.13,27591.489999999998,127101.07,93457.5,0.19481339304755818,0.051400078268655745,0.4859740669652378,0.485,0.010000000000000009,30,30,534749.01,324123.48,
2026-08-27T03:05:35.146089+00:00,KXBTC15M-26AUG262315-15,2026-08-27T03:15:00Z,9.42,78728.7,78718.63,0.47,25.54,0.48,4077.75,16757.4,14307.08,34993.69,29200.47,125181.37,93012.24,-0.987551452614853,0.07887851333741949,0.4700622427369257,0.475,0.010000000000000009,30,30,579404.63,345382.68,
2026-08-27T03:05:55.266759+00:00,KXBTC15M-26AUG262315-15,2026-08-27T03:15:00Z,9.08,78728.7,78718.63,0.49,4633.35,0.5,4053.69,16994.03,19722.25,35145.22,33560.88,128576.44,97497.19,0.06672698640733786,-0.07430545796033806,0.4953336349320367,0.495,0.010000000000000009,30,30,579404.63,345382.68,
2026-08-27T03:06:15.390618+00:00,KXBTC15M-26AUG262315-15,2026-08-27T03:15:00Z,8.74,78728.7,78756.93,0.74,1127.14,0.75,4909.01,20486.95,22378.88,38811.9,37083.64,121458.11,85335.02,-0.626536782551792,-0.044136086948508874,0.741867316087241,0.745,0.010000000000000009,30,30,603465.76,357152.11,
2026-08-27T03:06:35.668299+00:00,KXBTC15M-26AUG262315-15,2026-08-27T03:15:00Z,8.41,78728.7,78771.52,0.75,11187.06,0.76,872.73,23294.28,10293.74,47575.52,28978.39,121912.73,73710.08,0.8552661364750133,0.3870588382405393,0.7592763306823752,0.755,0.010000000000000009,30,30,736741.05,330656.05,
2026-08-27T03:06:55.824226+00:00,KXBTC15M-26AUG262315-15,2026-08-27T03:15:00Z,8.07,78728.7,78766.71,0.73,7520.52,0.74,2860.89,24791.79,15695.630000000001,41928.13,43608.01,121266.32,91416.82,0.4488436541857032,0.2246663284546163,0.7372442182709286,0.735,0.010000000000000009,30,30,736741.05,330656.05,
2026-08-27T03:07:16.033191+00:00,KXBTC15M-26AUG262315-15,2026-08-27T03:15:00Z,7.73,78728.7,78777.57,0.79,4539.98,0.8,3600.59,18271.25,16175.34,42857.56,41095.79,118576.16,81430.09,0.11539609634214797,0.06084520993224583,0.7955769804817108,0.795,0.010000000000000009,30,30,851666.88,336777.61,
2026-08-27T03:07:36.207306+00:00,KXBTC15M-26AUG262315-15,2026-08-27T03:15:00Z,7.4,78728.7,78769.42,0.78,3656.82,0.79,7908.06,21893.18,45285.45,62662.04,66498.36,144711.17,106391.05,-0.3675991449976134,-0.3482099888014983,0.783162004275012,0.785,0.010000000000000009,30,30,935697.74,353845.10,
2026-08-27T03:07:56.320390+00:00,KXBTC15M-26AUG262315-15,2026-08-27T03:15:00Z,7.06,78728.7,78766.65,0.76,2241.11,0.77,5279.74,22970.27,31024.79,60106.76,74485.89,146889.06,119938.35,-0.40402747029923475,-0.14917142420065838,0.7629798626485038,0.765,0.010000000000000009,30,30,935697.74,353845.10,
2026-08-27T03:08:16.429327+00:00,KXBTC15M-26AUG262315-15,2026-08-27T03:15:00Z,6.73,78728.7,78757.72,0.74,1444.96,0.75,12369.76,15423.26,45706.91,53096.35,68645.73,143682.73,116249.38,-0.7908086446920385,-0.4953961358196779,0.7410459567765397,0.745,0.010000000000000009,30,30,1038208.04,369176.60,
2026-08-27T03:08:36.597551+00:00,KXBTC15M-26AUG262315-15,2026-08-27T03:15:00Z,6.39,78728.7,78723.71,0.48,1726.52,0.49,11751.58,24649.469999999998,52450.9,58920.86,67144.83,148968.08,167788.46,-0.7438036518500382,-0.3605875043141817,0.48128098174074974,0.485,0.010000000000000009,30,30,1038208.04,369176.60,
2026-08-27T03:08:56.718355+00:00,KXBTC15M-26AUG262315-15,2026-08-27T03:15:00Z,6.06,78728.7,78741.97,0.69,3304.47,0.7,3668.6,24581.94,38229.46,54291.68,58938.01,129876.44,115202.62,-0.05221946717873191,-0.21727775531193386,0.6947389026641063,0.695,0.010000000000000009,30,30,1109572.96,381806.99,
2026-08-27T03:09:16.965317+00:00,KXBTC15M-26AUG262315-15,2026-08-27T03:15:00Z,5.72,78728.7,78751.81,0.73,427.61,0.74,6636.0,9530.56,19691.64,26923.64,44076.07,89174.71,94677.84,-0.8789259316411864,-0.34771783096413006,0.7306053703417941,0.735,0.010000000000000009,30,30,1109572.96,381806.99,
2026-08-27T03:09:37.109563+00:00,KXBTC15M-26AUG262315-15,2026-08-27T03:15:00Z,5.38,78728.7,78725.89,0.53,0.01,0.54,10250.76,10981.47,22536.81,33917.96,43137.58,119473.33,113162.19,-0.9999980489270561,-0.3447474035063852,0.5300000097553648,0.535,0.010000000000000009,30,30,1215728.48,376506.56,
2026-08-27T03:09:57.326143+00:00,KXBTC15M-26AUG262315-15,2026-08-27T03:15:00Z,5.05,78728.7,78707.62,0.36,6864.97,0.37,433.5,25464.42,12975.779999999999,49410.69,40524.9,136975.5,99800.37,0.8812079792066009,0.32488488613482763,0.369406039896033,0.365,0.010000000000000009,30,30,1326426.00,387529.82,
2026-08-27T03:10:17.513309+00:00,KXBTC15M-26AUG262315-15,2026-08-27T03:15:00Z,4.71,78728.7,78732.09,0.54,9286.41,0.55,995.45,28226.52,13081.19,54911.38,32117.19,135178.61,103304.46,0.8063677194593195,0.3666465654958844,0.5490318385972967,0.545,0.010000000000000009,30,30,1326426.00,387529.82,
2026-08-27T03:10:37.654479+00:00,KXBTC15M-26AUG262315-15,2026-08-27T03:15:00Z,4.37,78728.7,78740.2,0.58,840.06,0.5900000000000001,10852.93,11742.36,25340.37,36556.4,47254.79,108486.1,111937.76,-0.8563139111553162,-0.366693876098119,0.5807184304442234,0.585,0.01000000000000012,30,30,1467628.35,396453.15,
2026-08-27T03:10:57.815308+00:00,KXBTC15M-26AUG262315-15,2026-08-27T03:15:00Z,4.04,78728.7,78733.04,0.63,3167.99,0.64,4917.28,12039.9,22290.43,35376.37,41202.43,112199.25,107217.17,-0.21635517428607828,-0.2985852451753304,0.6339182241285696,0.635,0.010000000000000009,30,30,1538704.81,410888.11,
2026-08-27T03:11:17.991171+00:00,KXBTC15M-26AUG262315-15,2026-08-27T03:15:00Z,3.7,78728.7,78724.96,0.51,7961.1,0.52,29.95,21757.82,15180.84,37364.0,36342.68,117831.57,100490.92,0.9925041139775124,0.17805139655851077,0.5199625205698876,0.515,0.010000000000000009,30,30,1538704.81,410888.11,
2026-08-27T03:11:38.129594+00:00,KXBTC15M-26AUG262315-15,2026-08-27T03:15:00Z,3.37,78728.7,78727.94,0.58,43.82,0.5900000000000001,6182.73,10705.31,21218.42,30175.25,44470.53,95320.21,109911.14,-0.9859247898113723,-0.3293196001845649,0.5800703760509431,0.585,0.01000000000000012,30,30,1601526.68,429494.56,
2026-08-27T03:11:58.242543+00:00,KXBTC15M-26AUG262315-15,2026-08-27T03:15:00Z,3.03,78728.7,78726.28,0.49,4864.42,0.51,1688.54,18595.14,13658.44,41083.89,33533.39,120878.09,95747.73,0.4846481589999023,0.15305897825915754,0.504846481589999,0.5,0.020000000000000018,30,30,1601526.68,429494.56,
2026-08-27T03:12:18.349810+00:00,KXBTC15M-26AUG262315-15,2026-08-27T03:15:00Z,2.69,78728.7,78726.41,0.54,4163.52,0.55,217.42,14045.62,11572.96,29295.100000000002,29008.14,109977.86,93837.75,0.900742762968678,0.09651823012828976,0.5495037138148435,0.545,0.010000000000000009,30,30,1663020.12,450203.48,
2026-08-27T03:12:38.503894+00:00,KXBTC15M-26AUG262315-15,2026-08-27T03:15:00Z,2.36,78728.7,78726.4,0.5,95.23,0.51,4947.67,13856.96,18675.54,33258.95,37600.54,114087.83,98737.1,-0.9622320490194136,-0.14811588411588417,0.500188839754903,0.505,0.010000000000000009,30,30,1700567.85,452781.56,
2026-08-27T03:12:58.701845+00:00,KXBTC15M-26AUG262315-15,2026-08-27T03:15:00Z,2.02,78728.7,78700.0,0.15,3745.97,0.16000000000000003,1020.66,16900.05,14051.66,60714.88,32879.84,60714.88,86733.16,0.5717477547030082,0.09202690255239532,0.15785873877351506,0.15500000000000003,0.010000000000000037,30,30,1700567.85,452781.56,
2026-08-27T03:13:18.822356+00:00,KXBTC15M-26AUG262315-15,2026-08-27T03:15:00Z,1.69,78728.7,78682.46,0.069,27.17,0.07599999999999996,93.01,21938.87,23926.83,21938.87,39387.44,21938.87,52462.54,-0.5478448993176901,-0.04334306464307757,0.07058254285238809,0.07249999999999998,0.006999999999999951,30,30,1700567.85,452781.56,
2026-08-27T03:13:39.013566+00:00,KXBTC15M-26AUG262315-15,2026-08-27T03:15:00Z,1.35,78728.7,78684.32,0.036,1661.57,0.03700000000000003,136.02,122114.86,25783.65,122114.86,25783.65,122114.86,25783.65,0.8486640446375425,0.6513332013960113,0.036924332022318804,0.03650000000000002,0.0010000000000000356,29,30,1925057.15,456049.15,
2026-08-27T03:13:59.133104+00:00,KXBTC15M-26AUG262315-15,2026-08-27T03:15:00Z,1.02,78728.7,78671.74,0.003,7045.95,0.0040000000000000036,461.16,75429.64,27808.22,75429.64,27808.22,75429.64,27808.22,0.8771404708336498,0.46127864331941787,0.003938570235416828,0.003500000000000002,0.0010000000000000035,3,30,2222924.72,490240.18,
2026-08-27T03:14:19.258758+00:00,KXBTC15M-26AUG262315-15,2026-08-27T03:15:00Z,0.68,78728.7,78669.03,0.003,483.02,0.0040000000000000036,134.06,23447.91,25039.53,23447.91,25039.53,23447.91,25039.53,0.5655020418746354,-0.03282540798194334,0.003782751020937321,0.003500000000000002,0.0010000000000000035,3,30,2585221.28,608672.81,
2026-08-27T03:14:39.523043+00:00,KXBTC15M-26AUG262315-15,2026-08-27T03:15:00Z,0.34,78728.7,78669.02,,0.0,0.0010000000000000009,51475.27,0,121008.61,0,121008.61,0,121008.61,-1.0,-1.0,,,,0,30,2585221.28,608672.81,
2026-08-27T03:15:19.846422+00:00,KXBTC15M-26AUG262330-30,2026-08-27T03:30:00Z,14.67,78677.06,78669.21,0.53,726.75,0.54,6744.11,12190.28,19450.72,31138.13,37051.72,139157.57,151309.21,-0.8054440854198848,-0.22946303846275404,0.5309727795729006,0.535,0.010000000000000009,30,30,79907.79,66643.61,
2026-08-27T03:15:40.038531+00:00,KXBTC15M-26AUG262330-30,2026-08-27T03:30:00Z,14.33,78677.06,78652.49,0.45,4296.28,0.45999999999999996,125.17,20281.94,16385.19,37569.65,38058.19,139227.5,118885.16,0.9433805651991993,0.10627365708742409,0.459716902825996,0.45499999999999996,0.009999999999999953,30,30,79907.79,66643.61,
2026-08-27T03:16:00.239560+00:00,KXBTC15M-26AUG262330-30,2026-08-27T03:30:00Z,14.0,78677.06,78642.85,0.47,1177.61,0.48,51.02,17061.65,11836.83,32930.41,25481.16,129876.84,110868.61,0.9169481454953892,0.1807991285354801,0.47958474072747703,0.475,0.010000000000000009,30,30,79907.79,66643.61,
2026-08-27T03:16:20.513132+00:00,KXBTC15M-26AUG262330-30,2026-08-27T03:30:00Z,13.66,78677.06,78640.44,0.45,3734.41,0.45999999999999996,2666.3,15135.0,15695.3,31014.11,30764.15,132254.87,107106.0,0.166873674951685,-0.018173679789038683,0.4558343683747584,0.45499999999999996,0.009999999999999953,30,30,244219.51,186942.35,
2026-08-27T03:16:40.677539+00:00,KXBTC15M-26AUG262330-30,2026-08-27T03:30:00Z,13.32,78677.06,78630.0,0.39,5306.28,0.4,3699.47,23637.36,17145.22,42657.04,31516.56,152091.68,92877.06,0.17842045359908945,0.15918904591126895,0.3958921022679954,0.395,0.010000000000000009,30,30,324664.78,237928.94,
2026-08-27T03:17:00.830505+00:00,KXBTC15M-26AUG262330-30,2026-08-27T03:30:00Z,12.99,78677.06,78634.56,0.38,8923.59,0.39,3533.08,24983.2,21183.809999999998,47364.15,35637.15,156596.45,96383.38,0.43274085289246644,0.0822966442921039,0.3871637042644624,0.385,0.010000000000000009,30,30,324664.78,237928.94,
2026-08-27T03:17:20.978883+00:00,KXBTC15M-26AUG262330-30,2026-08-27T03:30:00Z,12.65,78677.06,78649.38,0.45,5055.31,0.45999999999999996,2389.6,13822.140000000001,17694.28,29920.24,31929.45,129483.29,108541.97,0.35805805577233313,-0.1228610356125473,0.4567902902788617,0.45499999999999996,0.009999999999999953,30,30,424511.94,275864.93,
2026-08-27T03:17:41.132142+00:00,KXBTC15M-26AUG262330-30,2026-08-27T03:30:00Z,12.32,78677.06,78632.07,0.4,0.02,0.41000000000000003,5785.85,8283.67,21317.95,28353.25,36042.36,127671.47,100851.73,-0.9999930866058171,-0.4403231985276481,0.4000000345669709,0.405,0.010000000000000009,30,30,469169.29,302843.60,
2026-08-27T03:18:01.242376+00:00,KXBTC15M-26AUG262330-30,2026-08-27T03:30:00Z,11.98,78677.06,78630.49,0.39,1725.15,0.4,6318.88,18249.73,22243.95,38916.34,36132.31,145733.36000000002,97938.8,-0.5710732058433396,-0.09863810846532103,0.3921446339707833,0.395,0.010000000000000009,30,30,469169.29,302843.60,
2026-08-27T03:18:21.429979+00:00,KXBTC15M-26AUG262330-30,2026-08-27T03:30:00Z,11.64,78677.06,78632.06,0.39,4670.22,0.4,2171.02,23421.739999999998,19953.51,43367.17,35122.87,153559.62,97782.88,0.36531389046430185,0.07995873222632721,0.39682656945232153,0.395,0.010000000000000009,30,30,514947.09,332447.45,
2026-08-27T03:18:41.630780+00:00,KXBTC15M-26AUG262330-30,2026-08-27T03:30:00Z,11.31,78677.06,78682.41,0.57,2346.87,0.5800000000000001,3907.82,18047.309999999998,13207.52,30716.59,34480.590000000004,107586.54,123111.6,-0.2495647266291375,0.1548493464850072,0.5737521763668543,0.575,0.01000000000000012,30,30,514947.09,332447.45,
2026-08-27T03:19:01.748064+00:00,KXBTC15M-26AUG262330-30,2026-08-27T03:30:00Z,10.97,78677.06,78689.66,0.63,3460.67,0.64,4014.64,18635.510000000002,27768.42,35212.15,50303.85,91435.29,139594.38,-0.07410662567839994,-0.19681328715046326,0.634629466871608,0.635,0.010000000000000009,30,30,570030.58,348832.31,
2026-08-27T03:19:21.865323+00:00,KXBTC15M-26AUG262330-30,2026-08-27T03:30:00Z,10.64,78677.06,78711.97,0.65,2306.76,0.6599999999999999,4431.75,15996.470000000001,17912.16,35233.37,36213.45,89143.58,131968.05,-0.3153501293312616,-0.056495647273275225,0.6534232493533437,0.655,0.009999999999999898,30,30,691420.14,335408.79,
2026-08-27T03:19:42.035450+00:00,KXBTC15M-26AUG262330-30,2026-08-27T03:30:00Z,10.3,78677.06,78722.24,0.74,10724.02,0.75,1818.21,25503.62,21608.99,43855.72,45524.85,95694.64,100033.24,0.710065913318445,0.08266640290147367,0.7485503295665923,0.745,0.010000000000000009,30,30,691420.14,335408.79,
2026-08-27T03:20:02.242769+00:00,KXBTC15M-26AUG262330-30,2026-08-27T03:30:00Z,9.96,78677.06,78748.37,0.81,8162.52,0.8200000000000001,1538.02,25468.760000000002,19604.940000000002,41814.54,57451.0,98341.45,77250.79,0.6829001272094131,0.13009404597359434,0.818414500636047,0.8150000000000001,0.010000000000000009,30,30,813660.48,345362.80,
2026-08-27T03:20:22.354795+00:00,KXBTC15M-26AUG262330-30,2026-08-27T03:30:00Z,9.63,78677.06,78757.36,0.8,104.32,0.81,8673.23,10303.04,23201.68,25981.07,46000.27,85255.63,72842.98,-0.976230269266481,-0.38497978792241805,0.8001188486536677,0.805,0.010000000000000009,30,30,813660.48,345362.80,
2026-08-27T03:20:42.476167+00:00,KXBTC15M-26AUG262330-30,2026-08-27T03:30:00Z,9.29,78677.06,78755.79,0.83,6455.9,0.84,4083.56,28348.93,18057.61,44142.38,59640.909999999996,98579.65,59640.909999999996,0.22509122858286856,0.22176443234078644,0.8361254561429143,0.835,0.010000000000000009,30,30,951306.10,368212.26,
2026-08-27T03:21:02.667738+00:00,KXBTC15M-26AUG262330-30,2026-08-27T03:30:00Z,8.96,78677.06,78716.89,0.77,3512.2,0.78,2872.02,23971.04,15829.37,41151.35,33710.54,93763.29,75720.2,0.10027536645040426,0.20456246556254068,0.7755013768322522,0.775,0.010000000000000009,30,30,951306.10,368212.26,
2026-08-27T03:21:22.786217+00:00,KXBTC15M-26AUG262330-30,2026-08-27T03:30:00Z,8.62,78677.06,78712.42,0.69,6127.52,0.7,0.02,25594.84,5986.81,40936.89,30008.97,106906.46,87001.89,0.9999934720948372,0.620867814062913,0.6999999673604741,0.695,0.010000000000000009,30,30,1028279.77,395311.95,
2026-08-27T03:21:42.924398+00:00,KXBTC15M-26AUG262330-30,2026-08-27T03:30:00Z,8.29,78677.06,78730.61,0.75,4797.49,0.76,61.04,40969.49,23115.77,66561.49,56633.69,129999.81999999999,100602.39,0.9748730583118762,0.27859323657265334,0.7598743652915595,0.755,0.010000000000000009,30,30,1108174.13,402177.74,
2026-08-27T03:22:03.053905+00:00,KXBTC15M-26AUG262330-30,2026-08-27T03:30:00Z,7.95,78677.06,78751.82,0.84,11.12,0.85,13187.64,30527.62,52179.25,44920.68,181170.71,110548.23,181170.71,-0.9983149932266363,-0.26178756371750017,0.8400084250338667,0.845,0.010000000000000009,30,30,1108174.13,402177.74,
2026-08-27T03:22:23.251349+00:00,KXBTC15M-26AUG262330-30,2026-08-27T03:30:00Z,7.61,78677.06,78777.78,0.904,84.0,0.905,8.0,12766.36,133208.88999999998,42987.74,135231.88999999998,100446.71,135231.88999999998,0.8260869565217391,-0.8250887051058312,0.9049130434782608,0.9045000000000001,0.0010000000000000009,30,30,1167340.94,414687.39,
2026-08-27T03:22:43.509576+00:00,KXBTC15M-26AUG262330-30,2026-08-27T03:30:00Z,7.28,78677.06,78824.94,0.931,645.34,0.9319999999999999,2308.07,63454.15,142509.65,80166.41,142509.65,80166.41,142509.65,-0.5629865138941088,-0.38383201319843585,0.9312185067430528,0.9315,0.0009999999999998899,30,30,1414595.10,445669.12,
2026-08-27T03:23:03.816924+00:00,KXBTC15M-26AUG262330-30,2026-08-27T03:30:00Z,6.94,78677.06,78861.36,0.957,2168.82,0.958,1507.59,57695.66,89532.52,57695.66,89532.52,57695.66,89532.52,0.17985752405199645,-0.21624161896180474,0.9575899287620261,0.9575,0.0010000000000000009,30,30,1414595.10,445669.12,
2026-08-27T03:23:23.937721+00:00,KXBTC15M-26AUG262330-30,2026-08-27T03:30:00Z,6.6,78677.06,78840.23,0.949,916.5,0.95,11545.14,58471.73,74262.61,58471.73,74262.61,58471.73,74262.61,-0.8529086059298776,-0.11896604902695111,0.9490735456970351,0.9495,0.0010000000000000009,30,30,1555556.69,469440.50,
2026-08-27T03:23:44.086843+00:00,KXBTC15M-26AUG262330-30,2026-08-27T03:30:00Z,6.27,78677.06,78848.93,0.962,2031.05,0.964,2433.95,18823.87,94873.56,18823.87,94873.56,18823.87,94873.56,-0.09023516237402013,-0.6688778277574084,0.962909764837626,0.963,0.0020000000000000018,30,30,1555556.69,469440.50,
2026-08-27T03:24:04.303884+00:00,KXBTC15M-26AUG262330-30,2026-08-27T03:30:00Z,5.93,78677.06,78895.36,0.969,206.85,0.97,10.02,19645.25,273030.92,19645.25,273030.92,19645.25,273030.92,0.9075944113985336,-0.8657543591608432,0.9699537972056993,0.9695,0.0010000000000000009,30,26,1671899.69,521359.83,
2026-08-27T03:24:24.529512+00:00,KXBTC15M-26AUG262330-30,2026-08-27T03:30:00Z,5.59,78677.06,78890.31,0.967,2249.69,0.968,0.02,21628.35,250922.07,21628.35,250922.07,21628.35,250922.07,0.9999822199305688,-0.8412891823832083,0.9679999911099652,0.9675,0.0010000000000000009,30,28,1772204.63,566623.18,
2026-08-27T03:24:44.681899+00:00,KXBTC15M-26AUG262330-30,2026-08-27T03:30:00Z,5.26,78677.06,78961.06,0.978,8.02,0.979,1133.12,20831.579999999998,238732.33000000002,20831.579999999998,238732.33000000002,20831.579999999998,238732.33000000002,-0.9859438806807228,-0.8394878548408368,0.9780070280596596,0.9784999999999999,0.0010000000000000009,30,20,1772204.63,566623.18,
2026-08-27T03:25:04.848645+00:00,KXBTC15M-26AUG262330-30,2026-08-27T03:30:00Z,4.92,78677.06,78927.26,0.981,578.58,0.982,646.23,20348.93,230134.97,20348.93,230134.97,20348.93,230134.97,-0.05523305655571067,-0.8375230503836774,0.9814723834717222,0.9815,0.0010000000000000009,30,18,1816224.96,578243.56,
2026-08-27T03:25:24.978717+00:00,KXBTC15M-26AUG262330-30,2026-08-27T03:30:00Z,4.58,78677.06,78875.41,0.98,18.0,0.981,1124.05,21448.989999999998,204162.63999999998,21448.989999999998,204162.63999999998,21448.989999999998,204162.63999999998,-0.9684777374020402,-0.8098591814615231,0.9800157611312988,0.9804999999999999,0.0010000000000000009,30,18,1919197.84,608538.94,
2026-08-27T03:25:45.119600+00:00,KXBTC15M-26AUG262330-30,2026-08-27T03:30:00Z,4.25,78677.06,78869.63,0.972,4269.0,0.976,1140.05,35924.79,205555.84,35924.79,205555.84,35924.79,205555.84,0.5784657194886348,-0.7024623465658508,0.9751569314389772,0.974,0.0040000000000000036,30,21,1919197.84,608538.94,
2026-08-27T03:26:05.240623+00:00,KXBTC15M-26AUG262330-30,2026-08-27T03:30:00Z,3.91,78677.06,78865.01,0.978,38.0,0.98,742.93,25276.51,200937.75,25276.51,200937.75,25276.51,200937.75,-0.9026801377844365,-0.7765259360749406,0.9780973198622155,0.979,0.0020000000000000018,30,18,1983811.61,635401.26,
2026-08-27T03:26:25.455139+00:00,KXBTC15M-26AUG262330-30,2026-08-27T03:30:00Z,3.58,78677.06,78863.2,0.989,157.0,0.99,1134.19,30921.34,152193.44,30921.34,152193.44,30921.34,152193.44,-0.7568134821366337,-0.6622736842979032,0.9891215932589317,0.9895,0.0010000000000000009,30,10,1983811.61,635401.26,
2026-08-27T03:26:45.629941+00:00,KXBTC15M-26AUG262330-30,2026-08-27T03:30:00Z,3.24,78677.06,78876.56,0.991,500.0,0.992,502.22,24811.56,155737.83000000002,24811.56,155737.83000000002,24811.56,155737.83000000002,-0.002215082516812703,-0.725154873134714,0.9914988924587416,0.9915,0.0010000000000000009,30,8,2091549.21,675979.01,
2026-08-27T03:27:05.779309+00:00,KXBTC15M-26AUG262330-30,2026-08-27T03:30:00Z,2.9,78677.06,78874.35,0.991,1392.45,0.992,0.01,35134.51,150107.28,35134.51,150107.28,35134.51,150107.28,0.9999856369303247,-0.620663242349364,0.9919999928184652,0.9915,0.0010000000000000009,30,8,2164518.72,689939.50,
2026-08-27T03:27:25.981496+00:00,KXBTC15M-26AUG262330-30,2026-08-27T03:30:00Z,2.57,78677.06,78915.9,0.999,442919.98,,0.0,507547.31,0,507547.31,0,507547.31,0,1.0,1.0,,,,30,0,2164518.72,689939.50,
2026-08-27T03:27:46.265769+00:00,KXBTC15M-26AUG262330-30,2026-08-27T03:30:00Z,2.23,78677.06,78915.25,0.999,417508.51,,0.0,491048.29000000004,0,491048.29000000004,0,491048.29000000004,0,1.0,1.0,,,,30,0,2448619.96,817257.67,
2026-08-27T03:28:06.452503+00:00,KXBTC15M-26AUG262330-30,2026-08-27T03:30:00Z,1.89,78677.06,78929.33,0.999,378995.16,,0.0,463718.07999999996,0,463718.07999999996,0,463718.07999999996,0,1.0,1.0,,,,30,0,2531930.87,884072.75,
2026-08-27T03:28:26.690327+00:00,KXBTC15M-26AUG262330-30,2026-08-27T03:30:00Z,1.56,78677.06,78908.05,0.999,377793.95,,0.0,464297.56,0,464297.56,0,464297.56,0,1.0,1.0,,,,30,0,2531930.87,884072.75,
2026-08-27T03:28:46.838479+00:00,KXBTC15M-26AUG262330-30,2026-08-27T03:30:00Z,1.22,78677.06,78903.79,0.999,356185.43,,0.0,444185.73,0,444185.73,0,444185.73,0,1.0,1.0,,,,30,0,2568419.06,916790.61,
2026-08-27T03:29:06.998098+00:00,KXBTC15M-26AUG262330-30,2026-08-27T03:30:00Z,0.88,78677.06,78892.89,0.999,336890.75,,0.0,431299.22,0,431299.22,0,431299.22,0,1.0,1.0,,,,30,0,2631030.51,977672.38,
2026-08-27T03:29:27.112131+00:00,KXBTC15M-26AUG262330-30,2026-08-27T03:30:00Z,0.55,78677.06,78890.26,0.999,326270.93,,0.0,423779.39999999997,0,423779.39999999997,0,423779.39999999997,0,1.0,1.0,,,,30,0,2631030.51,977672.38,
2026-08-27T03:29:47.277514+00:00,KXBTC15M-26AUG262330-30,2026-08-27T03:30:00Z,0.21,78677.06,78882.25,0.999,220676.65,,0.0,321887.46,0,321887.46,0,321887.46,0,1.0,1.0,,,,30,0,2631030.51,977672.38,
2026-08-27T03:30:27.450284+00:00,KXBTC15M-26AUG262345-45,2026-08-27T03:45:00Z,14.54,78898.85,78875.36,0.43,6256.1,0.43999999999999995,5263.9,22815.07,20165.22,52819.07,39865.35,148734.6,132345.68,0.08612847222222228,0.061652678471922795,0.4354306423611111,0.43499999999999994,0.009999999999999953,30,30,2839.01,2660.94,
2026-08-27T03:30:47.680019+00:00,KXBTC15M-26AUG262345-45,2026-08-27T03:45:00Z,14.21,78898.85,78860.29,0.38,16.92,0.39,10494.22,24307.170000000002,35483.09,51855.81,59865.22,169054.27,139850.22,-0.9967805585312345,-0.18691873893841565,0.38001609720734386,0.385,0.010000000000000009,30,30,2839.01,2660.94,
2026-08-27T03:31:07.789424+00:00,KXBTC15M-26AUG262345-45,2026-08-27T03:45:00Z,13.87,78898.85,78850.59,0.34,501.37,0.35,7408.55,9868.7,21294.61,39531.37,53678.49,133185.9,129696.62,-0.8732300705948985,-0.36664622596251806,0.34063384964702553,0.345,0.009999999999999953,30,30,73537.07,48091.09,
2026-08-27T03:31:27.904823+00:00,KXBTC15M-26AUG262345-45,2026-08-27T03:45:00Z,13.54,78898.85,78830.7,0.28,4640.2,0.29000000000000004,6802.91,29210.16,32399.64,59968.04,53643.7,137511.84,126848.25,-0.188996697576096,-0.05176903674415433,0.28405501651211956,0.28500000000000003,0.010000000000000009,30,30,174761.62,117470.17,
2026-08-27T03:31:48.120383+00:00,KXBTC15M-26AUG262345-45,2026-08-27T03:45:00Z,13.2,78898.85,78842.66,0.32,5734.99,0.32999999999999996,5849.68,23154.08,26941.440000000002,73649.32,51943.74,153535.19,131614.96,-0.009900152529161427,-0.07560276847111279,0.3249504992373542,0.32499999999999996,0.009999999999999953,30,30,174761.62,117470.17,
2026-08-27T03:32:08.254117+00:00,KXBTC15M-26AUG262345-45,2026-08-27T03:45:00Z,12.86,78898.85,78823.98,0.27,7187.18,0.28,6384.93,43327.23,36377.05,80479.43,82816.63,146580.61,162580.19,0.05911018994098927,0.08719958325951882,0.275295550949705,0.275,0.010000000000000009,30,30,235692.77,157166.96,
2026-08-27T03:32:28.376395+00:00,KXBTC15M-26AUG262345-45,2026-08-27T03:45:00Z,12.53,78898.85,78823.99,0.27,8474.73,0.28,8649.7,24737.09,46519.11,74993.18,73602.69,140300.88,153671.95,-0.010217566365712678,-0.3056859613619587,0.2749489121681714,0.275,0.010000000000000009,30,30,278458.33,187844.67,
2026-08-27T03:32:48.583643+00:00,KXBTC15M-26AUG262345-45,2026-08-27T03:45:00Z,12.19,78898.85,78823.99,0.26,8680.12,0.27,1986.25,42510.840000000004,29172.47,75757.71,74743.05,135735.34,155598.84,0.6275677667285121,0.186073578354571,0.2681378388336426,0.265,0.010000000000000009,30,30,278458.33,187844.67,
2026-08-27T03:33:08.728144+00:00,KXBTC15M-26AUG262345-45,2026-08-27T03:45:00Z,11.86,78898.85,78837.91,0.3,5355.55,0.31000000000000005,3103.58,26557.57,49256.9,66492.68000000001,73964.72,146828.95,156036.88,0.26621768432451093,-0.2994063006705712,0.30633108842162254,0.30500000000000005,0.010000000000000064,30,30,325725.77,212595.33,
2026-08-27T03:33:28.886306+00:00,KXBTC15M-26AUG262345-45,2026-08-27T03:45:00Z,11.52,78898.85,78870.14,0.41,17595.61,0.42000000000000004,1.02,57982.39,9267.75,79655.39,42869.520000000004,167741.17,132079.23,0.9998840687108838,0.7243797559380546,0.4199994203435545,0.41500000000000004,0.010000000000000064,30,30,325725.77,212595.33,
2026-08-27T03:33:49.172549+00:00,KXBTC15M-26AUG262345-45,2026-08-27T03:45:00Z,11.18,78898.85,78849.38,0.34,4296.24,0.35,7221.27,21718.55,28911.95,61731.15,70816.65000000001,151339.86000000002,156787.24,-0.253963747372479,-0.14207641638933058,0.3437301812631376,0.345,0.009999999999999953,30,30,389296.61,232830.31,
2026-08-27T03:34:09.355814+00:00,KXBTC15M-26AUG262345-45,2026-08-27T03:45:00Z,10.85,78898.85,78888.68,0.48,3966.62,0.49,7931.4,32750.79,40209.64,75771.27,57249.89,147964.18,120454.51,-0.33323023494665494,-0.10223144244078604,0.4833338488252667,0.485,0.010000000000000009,30,30,437941.07,252066.67,
2026-08-27T03:34:29.592504+00:00,KXBTC15M-26AUG262345-45,2026-08-27T03:45:00Z,10.51,78898.85,78842.02,0.31,6007.75,0.31999999999999995,5526.48,23773.52,16799.66,42855.3,31243.52,120503.8,99976.15,0.04172536875023304,0.1718834954519217,0.31520862684375117,0.31499999999999995,0.009999999999999953,30,30,437941.07,252066.67,
2026-08-27T03:34:49.865052+00:00,KXBTC15M-26AUG262345-45,2026-08-27T03:45:00Z,10.17,78898.85,78852.79,0.32,815.35,0.32999999999999996,6390.64,16630.98,19428.98,38977.68,37974.94,125758.36,105855.47,-0.7737021561228922,-0.07759298679199866,0.32113148921938556,0.32499999999999996,0.009999999999999953,30,30,530509.23,259596.08,
2026-08-27T03:35:10.148504+00:00,KXBTC15M-26AUG262345-45,2026-08-27T03:45:00Z,9.83,78898.85,78854.7,0.33,4442.09,0.33999999999999997,6154.33,19820.16,20196.61,44673.41,45060.46,121028.61,106868.77,-0.16158664907581993,-0.009407305986964981,0.33419206675462093,0.33499999999999996,0.009999999999999953,30,30,567147.26,278035.00,
2026-08-27T03:35:30.363761+00:00,KXBTC15M-26AUG262345-45,2026-08-27T03:45:00Z,9.5,78898.85,78830.71,0.24,5572.57,0.25,1769.1,23462.07,17955.45,51565.86,50852.49,101580.69,113228.01,0.5180660530914628,0.13295388038685074,0.2475903302654573,0.245,0.010000000000000009,30,30,567147.26,278035.00,
2026-08-27T03:35:50.559198+00:00,KXBTC15M-26AUG262345-45,2026-08-27T03:45:00Z,9.16,78898.85,78840.01,0.29,5999.18,0.30000000000000004,1449.37,29434.16,17672.8,56103.79,37334.0,123987.46,101504.74,0.6108316383725692,0.24967350896767698,0.29805415819186293,0.29500000000000004,0.010000000000000064,30,30,624501.61,304475.45,
2026-08-27T03:36:10.707985+00:00,KXBTC15M-26AUG262345-45,2026-08-27T03:45:00Z,8.82,78898.85,78835.89,0.28,3618.54,0.29000000000000004,2747.97,13763.41,22013.59,41310.43,40164.59,108118.98,105710.39,0.1367421083136601,-0.23060010621348911,0.28568371054156827,0.28500000000000003,0.010000000000000009,30,30,659280.13,320026.21,
2026-08-27T03:36:30.933063+00:00,KXBTC15M-26AUG262345-45,2026-08-27T03:45:00Z,8.49,78898.85,78841.36,0.27,8261.79,0.28,5.86,24885.38,11393.53,57709.299999999996,31448.85,120860.37,97308.18000000001,0.9985824266871479,0.3718923749362922,0.2799929121334357,0.275,0.010000000000000009,30,30,659280.13,320026.21,
2026-08-27T03:36:51.072725+00:00,KXBTC15M-26AUG262345-45,2026-08-27T03:45:00Z,8.15,78898.85,78859.51,0.28,1748.16,0.29000000000000004,4615.54,16097.7,21104.31,41420.29,40075.38,111269.51,109691.83,-0.45058377987648696,-0.1345790187143114,0.2827470811006176,0.28500000000000003,0.010000000000000009,30,30,691601.96,329887.44,
2026-08-27T03:37:11.194748+00:00,KXBTC15M-26AUG262345-45,2026-08-27T03:45:00Z,7.81,78898.85,78841.36,0.26,6449.29,0.27,2245.33,18547.57,20224.73,51342.06,46245.58,112896.44,111949.54000000001,0.48351279296852545,-0.043256654879901366,0.2674175639648427,0.265,0.010000000000000009,30,30,691601.96,329887.44,
2026-08-27T03:37:31.314239+00:00,KXBTC15M-26AUG262345-45,2026-08-27T03:45:00Z,7.48,78898.85,78875.2,0.43,4501.01,0.43999999999999995,2001.02,19444.55,11787.02,32730.66,22369.92,104977.9,82270.2,0.3844937657931446,0.2451855606362408,0.4369224688289656,0.43499999999999994,0.009999999999999953,30,30,727355.12,343475.94,
2026-08-27T03:37:51.510461+00:00,KXBTC15M-26AUG262345-45,2026-08-27T03:45:00Z,7.14,78898.85,78877.36,0.41,2487.24,0.42000000000000004,3890.59,23531.12,19120.58,42217.12,36951.58,118307.69,93883.91,-0.22003565476031822,0.10340830494446875,0.4138998217261984,0.41500000000000004,0.010000000000000064,30,30,854160.60,325610.69,
2026-08-27T03:38:11.633806+00:00,KXBTC15M-26AUG262345-45,2026-08-27T03:45:00Z,6.81,78898.85,78850.42,0.25,5847.16,0.26,3.31,28934.53,11105.11,57171.35,38991.18,117157.72,94854.15,0.9988684669778666,0.4452942134344864,0.25999434233488933,0.255,0.010000000000000009,30,30,854160.60,325610.69,
2026-08-27T03:38:31.756128+00:00,KXBTC15M-26AUG262345-45,2026-08-27T03:45:00Z,6.47,78898.85,78842.86,0.22,3515.09,0.22999999999999998,4885.77,18961.89,19494.58,50281.06,46820.68,97936.33,99570.3,-0.16315948605261846,-0.01385176538564258,0.22418420256973687,0.22499999999999998,0.009999999999999981,30,30,898066.88,342527.85,
2026-08-27T03:38:51.905063+00:00,KXBTC15M-26AUG262345-45,2026-08-27T03:45:00Z,6.14,78898.85,78832.34,0.17,3384.91,0.18000000000000005,4926.46,20770.21,29800.91,75254.89,52151.44,82254.89,108320.11,-0.18547483748166674,-0.1785742534474222,0.1740726258125917,0.17500000000000004,0.010000000000000037,30,30,964342.83,358518.71,
2026-08-27T03:39:12.030842+00:00,KXBTC15M-26AUG262345-45,2026-08-27T03:45:00Z,5.8,78898.85,78840.55,0.19,2788.39,0.19999999999999996,3376.13,21952.989999999998,24558.93,58873.41,43776.520000000004,88393.72,102658.84,-0.0953423786442416,-0.05602735814819088,0.19452328810677877,0.19499999999999998,0.009999999999999953,30,30,964342.83,358518.71,
2026-08-27T03:39:32.143858+00:00,KXBTC15M-26AUG262345-45,2026-08-27T03:45:00Z,5.47,78898.85,78830.58,0.15,5061.13,0.16000000000000003,5401.14,22664.82,28382.08,70075.83,54424.22,70075.83,110539.21,-0.03249868336412654,-0.11200014104676291,0.15483750658317938,0.15500000000000003,0.010000000000000037,30,30,1052220.00,374074.22,
2026-08-27T03:39:52.285362+00:00,KXBTC15M-26AUG262345-45,2026-08-27T03:45:00Z,5.13,78898.85,78834.3,0.15,3697.44,0.16000000000000003,3935.15,24719.53,19522.73,68200.01,45634.97,68200.01,101596.66,-0.031144080842806968,0.11746235386709449,0.15484427959578598,0.15500000000000003,0.010000000000000037,30,30,1090641.08,386710.85,
2026-08-27T03:40:13.452356+00:00,KXBTC15M-26AUG262345-45,2026-08-27T03:45:00Z,4.78,78898.85,78834.0,0.13,1039.85,0.14,1617.04,31673.17,18226.77,58769.13,43172.24,58769.13,100606.21,-0.21724271610793072,0.2694672578764623,0.13391378641946036,0.135,0.010000000000000009,30,30,1090641.08,386710.85,
2026-08-27T03:40:33.592632+00:00,KXBTC15M-26AUG262345-45,2026-08-27T03:45:00Z,4.44,78898.85,78844.17,0.17,3300.03,0.18000000000000005,5257.19,15281.52,17849.739999999998,63949.090000000004,36431.42,71573.09,92844.43,-0.22871446567927428,-0.07751652065149342,0.1738564276716037,0.17500000000000004,0.010000000000000037,30,30,1090641.08,386710.85,
2026-08-27T03:40:53.735267+00:00,KXBTC15M-26AUG262345-45,2026-08-27T03:45:00Z,4.11,78898.85,78836.0,0.11,3106.68,0.12,3427.34,52001.66,12792.869999999999,60073.66,34996.87,60073.66,90837.24,-0.04907545431449556,0.6051250005208775,0.11475462272842751,0.11499999999999999,0.009999999999999995,30,30,1139177.08,399857.06,
2026-08-27T03:41:13.842406+00:00,KXBTC15M-26AUG262345-45,2026-08-27T03:45:00Z,3.77,78898.85,78831.21,0.099,1182.95,0.09999999999999998,134.99,44602.71,12031.34,44602.71,32308.13,44602.71,88836.14,0.795150006828839,0.5751199146096738,0.0998975750034144,0.09949999999999999,0.0009999999999999731,30,30,1208385.43,420200.08,
2026-08-27T03:41:33.963561+00:00,KXBTC15M-26AUG262345-45,2026-08-27T03:45:00Z,3.43,78898.85,78833.43,0.079,938.43,0.07999999999999996,4.04,40102.84,16265.81,40102.84,31117.24,40102.84,36237.24,0.9914267828153682,0.42287743275739265,0.07999571339140764,0.07949999999999999,0.0009999999999999593,30,30,1208385.43,420200.08,
2026-08-27T03:41:54.083775+00:00,KXBTC15M-26AUG262345-45,2026-08-27T03:45:00Z,3.1,78898.85,78810.98,0.037,407.65,0.038000000000000034,2536.86,90387.56999999999,20837.82,90387.56999999999,20837.82,90387.56999999999,20837.82,-0.7231118250574798,0.625304617947395,0.037138444087471266,0.03750000000000002,0.0010000000000000356,30,30,1264825.77,427888.91,
2026-08-27T03:42:14.198699+00:00,KXBTC15M-26AUG262345-45,2026-08-27T03:45:00Z,2.76,78898.85,78851.12,0.13,4988.48,0.14,372.34,35494.31,17748.91,53649.71,37156.21,53649.71,93653.74,0.8610884155782137,0.33328938407556863,0.13930544207789106,0.135,0.010000000000000009,30,30,1366127.04,417078.75,
2026-08-27T03:42:34.457307+00:00,KXBTC15M-26AUG262345-45,2026-08-27T03:45:00Z,2.43,78898.85,78839.15,0.073,5183.81,0.07599999999999996,500.02,31906.58,28862.21,31906.58,52065.06,31906.58,58237.29,0.8240552585140655,0.05009759121417429,0.07573608288777108,0.07449999999999998,0.002999999999999961,30,30,1484208.34,435746.80,
2026-08-27T03:42:54.605477+00:00,KXBTC15M-26AUG262345-45,2026-08-27T03:45:00Z,2.09,78898.85,78886.38,0.39,1518.99,0.4,1039.11,22145.43,9185.11,38978.43,28557.57,102439.43,89324.96,0.1875923537000118,0.4136641117580482,0.39593796176850005,0.395,0.010000000000000009,30,30,1484208.34,435746.80,
2026-08-27T03:43:14.750722+00:00,KXBTC15M-26AUG262345-45,2026-08-27T03:45:00Z,1.76,78898.85,78866.62,0.18,3633.65,0.18999999999999995,1998.62,15612.76,13050.97,39117.35,37017.979999999996,49665.54,103764.9,0.29029680750390163,0.08937392307281715,0.18645148403751943,0.18499999999999997,0.009999999999999953,30,30,1484208.34,435746.80,
2026-08-27T03:43:34.925896+00:00,KXBTC15M-26AUG262345-45,2026-08-27T03:45:00Z,1.42,78898.85,78873.92,0.15,413.97,0.17000000000000004,5267.37,20774.82,18543.9,54011.13,35113.66,54011.13,90668.69,-0.8542702953880598,0.05673938520887756,0.1514572970461194,0.16000000000000003,0.020000000000000046,30,30,1721173.29,432193.17,
2026-08-27T03:43:55.150205+00:00,KXBTC15M-26AUG262345-45,2026-08-27T03:45:00Z,1.08,78898.85,78894.56,0.54,8983.14,0.55,130.53,18380.3,11441.800000000001,27308.04,20615.63,69229.04,72853.96,0.9713551181905861,0.2326630250720103,0.5498567755909529,0.545,0.010000000000000009,30,30,1835440.94,451831.43,
2026-08-27T03:44:15.334204+00:00,KXBTC15M-26AUG262345-45,2026-08-27T03:45:00Z,0.75,78898.85,78880.0,0.14,103.0,0.16000000000000003,2237.47,14991.83,13499.29,49334.39,23748.15,49334.39,66867.33,-0.9119834904954988,0.05238614698193679,0.14088016509504503,0.15000000000000002,0.020000000000000018,30,30,1835440.94,451831.43,
2026-08-27T03:44:35.511411+00:00,KXBTC15M-26AUG262345-45,2026-08-27T03:45:00Z,0.41,78898.85,78869.95,0.007,51.28,0.008000000000000007,175.02,37492.97,40161.18,37492.97,40161.18,37492.97,40161.18,-0.5467962881131242,-0.03436017263726406,0.007226601855943439,0.007500000000000003,0.001000000000000007,6,30,2225274.70,401950.14,
2026-08-27T03:45:35.991915+00:00,KXBTC15M-26AUG270000-00,2026-08-27T04:00:00Z,14.4,78881.13,78860.28,0.47,2212.98,0.48,944.39,18059.23,15703.869999999999,36293.11,39500.87,130300.07,132498.14,0.4017869302615785,0.06976136669914791,0.4770089346513079,0.475,0.010000000000000009,30,30,54224.55,44496.10,
2026-08-27T03:45:56.145035+00:00,KXBTC15M-26AUG270000-00,2026-08-27T04:00:00Z,14.07,78881.13,78906.04,0.6,7522.99,0.61,5200.16,21261.92,18281.46,47784.92,34264.15,115673.33,118955.42,0.1825672101641496,0.07537190801595613,0.6059128360508207,0.605,0.010000000000000009,30,30,54224.55,44496.10,
2026-08-27T03:46:16.274852+00:00,KXBTC15M-26AUG270000-00,2026-08-27T04:00:00Z,13.73,78881.13,78887.99,0.55,3526.83,0.56,475.49,18027.13,18780.73,42367.92,35443.14,116959.72,98149.35,0.7623928121689421,-0.020473887914157426,0.5588119640608448,0.555,0.010000000000000009,30,30,205837.85,87272.52,
2026-08-27T03:46:36.463254+00:00,KXBTC15M-26AUG270000-00,2026-08-27T04:00:00Z,13.39,78881.13,78908.81,0.61,7910.31,0.62,2094.03,22617.92,16386.03,43733.92,35534.0,113375.86,109080.18,0.5813756829535982,0.15977586885430833,0.617906878414768,0.615,0.010000000000000009,30,30,273818.13,126960.32,
2026-08-27T03:46:56.765839+00:00,KXBTC15M-26AUG270000-00,2026-08-27T04:00:00Z,13.06,78881.13,78888.02,0.55,3508.69,0.56,818.61,22089.17,17717.94,46585.96,36000.94,124402.16,99428.59,0.6216532248746331,0.10981028263543874,0.5581082661243731,0.555,0.010000000000000009,30,30,273818.13,126960.32,
2026-08-27T03:47:16.951484+00:00,KXBTC15M-26AUG270000-00,2026-08-27T04:00:00Z,12.72,78881.13,78880.97,0.52,4682.14,0.53,4283.42,26187.65,20598.28,44774.38,41534.69,134162.74,102566.15,0.04447240328546127,0.11946689955719599,0.5252223620164272,0.525,0.010000000000000009,30,30,344982.53,163741.74,
2026-08-27T03:47:37.107636+00:00,KXBTC15M-26AUG270000-00,2026-08-27T04:00:00Z,12.38,78881.13,78869.34,0.48,6174.01,0.49,4268.45,20931.63,19383.52,41276.87,33280.29,130221.45,97748.92,0.18248190560461813,0.03840020438966494,0.4859124095280231,0.485,0.010000000000000009,30,30,411224.63,181045.14,
2026-08-27T03:47:57.253846+00:00,KXBTC15M-26AUG270000-00,2026-08-27T04:00:00Z,12.05,78881.13,78857.68,0.44,4263.44,0.44999999999999996,7212.09,22270.32,22013.79,47044.18,39027.89,140954.19,102057.63,-0.2569510950692474,0.0057928227529016356,0.4437152445246538,0.44499999999999995,0.009999999999999953,30,30,411224.63,181045.14,
2026-08-27T03:48:17.456974+00:00,KXBTC15M-26AUG270000-00,2026-08-27T04:00:00Z,11.71,78881.13,78855.21,0.43,3583.66,0.43999999999999995,7608.19,21295.67,18823.42,47100.19,35915.52,140730.79,98789.26,-0.3595947050755684,0.061622783567623296,0.4332020264746222,0.43499999999999994,0.009999999999999953,30,30,467495.33,176689.73,
2026-08-27T03:48:37.710832+00:00,KXBTC15M-26AUG270000-00,2026-08-27T04:00:00Z,11.37,78881.13,78830.53,0.33,7234.66,0.33999999999999997,10024.1,25959.39,24090.74,54168.54,45072.14,131365.74,101001.55,-0.16162458948383315,0.037335567360164655,0.3341918770525808,0.33499999999999996,0.009999999999999953,30,30,513078.72,182222.72,
2026-08-27T03:48:57.826170+00:00,KXBTC15M-26AUG270000-00,2026-08-27T04:00:00Z,11.04,78881.13,78828.6,0.33,4429.87,0.33999999999999997,7030.19,23071.47,19650.739999999998,49573.51,39520.14,127176.2,95901.36,-0.22690282598869463,0.08006912563746124,0.3338654858700565,0.33499999999999996,0.009999999999999953,30,30,513078.72,182222.72,
2026-08-27T03:49:17.963232+00:00,KXBTC15M-26AUG270000-00,2026-08-27T04:00:00Z,10.7,78881.13,78835.51,0.34,5803.47,0.35,6026.91,18259.04,18466.38,43676.12,38627.78,139652.48,94821.18,-0.01888696728253865,-0.005645680839048271,0.3449055651635873,0.345,0.009999999999999953,30,30,593416.77,201713.06,
2026-08-27T03:49:38.095963+00:00,KXBTC15M-26AUG270000-00,2026-08-27T04:00:00Z,10.37,78881.13,78833.6,0.32,4022.81,0.32999999999999996,3992.33,21497.98,16647.2,58355.9,34830.5,145481.18,94405.98,0.003802803194953553,0.12716626320809074,0.32501901401597477,0.32499999999999996,0.009999999999999953,30,30,651613.64,228765.60,
2026-08-27T03:49:58.261830+00:00,KXBTC15M-26AUG270000-00,2026-08-27T04:00:00Z,10.03,78881.13,78830.59,0.31,3504.03,0.31999999999999995,6718.35,22394.52,19007.39,60744.67,37739.69,142492.26,94367.18000000001,-0.3144394945208454,0.08181095992914339,0.31342780252739577,0.31499999999999995,0.009999999999999953,30,30,651613.64,228765.60,
2026-08-27T03:50:18.369440+00:00,KXBTC15M-26AUG270000-00,2026-08-27T04:00:00Z,9.69,78881.13,78834.57,0.33,4663.93,0.33999999999999997,36.02,20036.24,15818.789999999999,56952.3,34670.19,140732.39,92410.31999999999,0.9846721773635888,0.11762505846460045,0.3399233608868179,0.33499999999999996,0.009999999999999953,30,30,651613.64,228765.60,
2026-08-27T03:50:38.570806+00:00,KXBTC15M-26AUG270000-00,2026-08-27T04:00:00Z,9.36,78881.13,78825.01,0.29,804.07,0.30000000000000004,3785.04,28955.41,27212.59,54806.22,45053.63,120773.22,97758.55,-0.6495747541462288,0.03102869961543939,0.2917521262292689,0.29500000000000004,0.010000000000000064,30,30,722929.78,260965.36,
2026-08-27T03:50:58.728069+00:00,KXBTC15M-26AUG270000-00,2026-08-27T04:00:00Z,9.02,78881.13,78821.43,0.28,2106.78,0.29000000000000004,61.22,31111.399999999998,12978.73,56381.74,29784.46,125844.02,86220.42,0.9435239852398525,0.4112637000616691,0.2897176199261994,0.28500000000000003,0.010000000000000009,30,30,755173.05,276944.88,
2026-08-27T03:51:18.874409+00:00,KXBTC15M-26AUG270000-00,2026-08-27T04:00:00Z,8.69,78881.13,78799.12,0.23,6431.17,0.24,809.27,17484.78,8917.19,43894.42,27271.69,85891.71,81109.55,0.776458336786162,0.32450570923306093,0.2388822916839308,0.235,0.009999999999999981,30,30,755173.05,276944.88,
2026-08-27T03:51:38.983237+00:00,KXBTC15M-26AUG270000-00,2026-08-27T04:00:00Z,8.35,78881.13,78817.45,0.27,103.26,0.28,3026.07,15398.29,17315.04,36234.41,34537.04,86454.54,91531.83,-0.9340050426129554,-0.05859232306830273,0.2703299747869352,0.275,0.010000000000000009,30,30,811366.70,301116.87,
2026-08-27T03:51:59.107054+00:00,KXBTC15M-26AUG270000-00,2026-08-27T04:00:00Z,8.02,78881.13,78817.45,0.23,5860.95,0.24,1983.75,14727.789999999999,16381.18,39747.1,36951.68,80354.18000000001,93938.54,0.4942445217790355,-0.053148336315860065,0.23747122260889517,0.235,0.009999999999999981,30,30,932001.08,312628.63,
2026-08-27T03:52:19.334113+00:00,KXBTC15M-26AUG270000-00,2026-08-27T04:00:00Z,7.68,78881.13,78812.5,0.23,4545.63,0.24,8605.43,11016.93,19826.93,34077.73,41632.56,73624.87,98248.46,-0.3087051538050925,-0.28563221334813477,0.23345647423097451,0.235,0.009999999999999981,30,30,1011412.29,327206.91,
2026-08-27T03:52:39.458545+00:00,KXBTC15M-26AUG270000-00,2026-08-27T04:00:00Z,7.34,78881.13,78791.57,0.15,4207.9,0.16000000000000003,4886.77,18649.21,25424.57,67093.19,45240.18,67093.19,100869.01,-0.0746448194381985,-0.15372768117461222,0.15462677590280902,0.15500000000000003,0.010000000000000037,30,30,1011412.29,327206.91,
2026-08-27T03:52:59.682452+00:00,KXBTC15M-26AUG270000-00,2026-08-27T04:00:00Z,7.01,78881.13,78768.22,0.1,5192.66,0.10999999999999999,3836.86,51875.77,22063.06,51875.77,44526.92,51875.77,97371.53,0.15015194606136315,0.40320775971164263,0.10575075973030681,0.105,0.009999999999999981,30,30,1082794.29,347964.86,
2026-08-27T03:53:19.829311+00:00,KXBTC15M-26AUG270000-00,2026-08-27T04:00:00Z,6.67,78881.13,78756.97,0.091,1638.71,0.09199999999999997,145.02,42161.33,43602.14,42161.33,58646.74,42161.33,99201.76,0.8373969154524508,-0.016799809989031432,0.0919186984577262,0.09149999999999998,0.0009999999999999731,30,30,1191669.39,363934.29,
2026-08-27T03:53:40.043605+00:00,KXBTC15M-26AUG270000-00,2026-08-27T04:00:00Z,6.33,78881.13,78790.62,0.12,255.5,0.13,7114.73,29812.54,23496.399999999998,35894.48,45092.8,35894.48,98782.12,-0.9306670212462841,0.11848181562041944,0.12034666489376858,0.125,0.010000000000000009,30,30,1191669.39,363934.29,
2026-08-27T03:54:00.213342+00:00,KXBTC15M-26AUG270000-00,2026-08-27T04:00:00Z,6.0,78881.13,78781.4,0.095,0.01,0.09899999999999998,696.56,30190.28,22593.62,30190.28,39570.22,30190.28,93680.04,-0.9999712878820507,0.14392002106702992,0.0950000574242359,0.09699999999999999,0.003999999999999976,30,30,1243097.91,375122.02,
2026-08-27T03:54:20.322264+00:00,KXBTC15M-26AUG270000-00,2026-08-27T04:00:00Z,5.66,78881.13,78780.39,0.093,367.78,0.09399999999999997,1244.08,30601.18,23065.64,30601.18,39988.49,30601.18,79284.07,-0.5436576377601032,0.14041338763876826,0.09322817118111995,0.09349999999999999,0.0009999999999999731,30,30,1243097.91,375122.02,
2026-08-27T03:54:40.515756+00:00,KXBTC15M-26AUG270000-00,2026-08-27T04:00:00Z,5.33,78881.13,78799.99,0.13,3786.28,0.14,2713.19,28579.57,19707.27,48444.520000000004,38606.15,48444.520000000004,92956.88,0.16510423157580542,0.18374157430885932,0.13582552115787905,0.135,0.010000000000000009,30,30,1296792.40,397887.33,
2026-08-27T03:55:00.768926+00:00,KXBTC15M-26AUG270000-00,2026-08-27T04:00:00Z,4.99,78881.13,78818.89,0.15,64.43,0.16000000000000003,10.0,11396.85,18849.62,48239.97,35619.0,48239.97,95010.41,0.7312911460432622,-0.24640131559153838,0.15865645573021633,0.15500000000000003,0.010000000000000037,30,30,1296792.40,397887.33,
2026-08-27T03:55:20.935849+00:00,KXBTC15M-26AUG270000-00,2026-08-27T04:00:00Z,4.65,78881.13,78791.26,0.1,3570.85,0.10999999999999999,2396.87,30344.38,13873.7,30344.38,42570.22,30344.38,93845.78,0.1967216960581261,0.3724874530961091,0.10598360848029062,0.105,0.009999999999999981,30,30,1354158.96,409875.76,
2026-08-27T03:55:41.255704+00:00,KXBTC15M-26AUG270000-00,2026-08-27T04:00:00Z,4.31,78881.13,78788.05,0.081,0.02,0.08199999999999996,1120.44,38613.1,17790.76,38613.1,36468.78,38613.1,48920.28,-0.9999643003766311,0.369165159973094,0.08100001784981169,0.08149999999999999,0.0009999999999999593,30,30,1408514.30,419881.99,
2026-08-27T03:56:01.493391+00:00,KXBTC15M-26AUG270000-00,2026-08-27T04:00:00Z,3.98,78881.13,78788.06,0.063,116.02,0.06399999999999995,6.03,47796.82,36984.74,47796.82,45981.94,47796.82,45981.94,0.9011880376894715,0.1275286748675066,0.06395059401884468,0.06349999999999997,0.0009999999999999454,30,30,1408514.30,419881.99,
2026-08-27T03:56:21.677984+00:00,KXBTC15M-26AUG270000-00,2026-08-27T04:00:00Z,3.64,78881.13,78791.3,0.052,336.01,0.05300000000000005,1764.11,49501.13,35183.54,49501.13,43625.73,49501.13,43625.73,-0.6800087614041103,0.16906944314714809,0.052159995619297954,0.05250000000000002,0.0010000000000000495,30,30,1467295.22,432279.66,
2026-08-27T03:56:41.786941+00:00,KXBTC15M-26AUG270000-00,2026-08-27T04:00:00Z,3.3,78881.13,78792.29,0.041,2247.36,0.04200000000000004,644.15,72809.68,37682.56,72809.68,37682.56,72809.68,37682.56,0.5544542470888912,0.31791481465123705,0.04177722712354447,0.04150000000000002,0.0010000000000000356,30,30,1467295.22,432279.66,
2026-08-27T03:57:01.978279+00:00,KXBTC15M-26AUG270000-00,2026-08-27T04:00:00Z,2.97,78881.13,78810.97,0.072,1908.02,0.07299999999999995,200.03,35616.72,30680.05,35616.72,47842.58,35616.72,77159.55,0.8102227176774743,0.07446320537184543,0.07290511135883869,0.07249999999999998,0.0009999999999999593,30,30,1512739.19,437551.04,
2026-08-27T03:57:22.112799+00:00,KXBTC15M-26AUG270000-00,2026-08-27T04:00:00Z,2.63,78881.13,78805.57,0.047,1622.91,0.04800000000000004,0.02,54153.47,14384.51,54153.47,14384.51,54153.47,14384.51,0.9999753532191776,0.5802470396705594,0.04799998767660963,0.04750000000000002,0.0010000000000000425,30,30,1561773.60,443841.82,
2026-08-27T03:57:42.313153+00:00,KXBTC15M-26AUG270000-00,2026-08-27T04:00:00Z,2.3,78881.13,78801.35,0.03,8.07,0.031000000000000028,1.85,245083.12,12830.82,245083.12,12830.82,245083.12,12830.82,0.6270161290322581,0.9005030902943827,0.030813508064516153,0.030500000000000013,0.0010000000000000286,30,30,1561773.60,443841.82,
2026-08-27T03:58:02.476402+00:00,KXBTC15M-26AUG270000-00,2026-08-27T04:00:00Z,1.96,78881.13,78800.02,0.01,27.02,0.01100000000000001,1701.53,196093.6,24829.34,196093.6,24829.34,196093.6,24829.34,-0.9687368025223453,0.77522171305524,0.010015631598738826,0.010500000000000006,0.0010000000000000096,10,30,1617520.49,444025.04,
2026-08-27T03:58:22.743716+00:00,KXBTC15M-26AUG270000-00,2026-08-27T04:00:00Z,1.62,78881.13,78820.83,0.014,1881.41,0.015000000000000013,0.01,144452.07,25052.99,144452.07,25052.99,144452.07,25052.99,0.9999893697313731,0.7043983229763171,0.0149999946848657,0.014500000000000006,0.001000000000000013,12,30,1617520.49,444025.04,
2026-08-27T03:58:42.859847+00:00,KXBTC15M-26AUG270000-00,2026-08-27T04:00:00Z,1.29,78881.13,78820.83,0.008,50.48,0.010000000000000009,1917.66,92748.32,31211.09,92748.32,31211.09,92748.32,31211.09,-0.948702836180353,0.496430484785302,0.008051297163819648,0.009000000000000005,0.0020000000000000087,6,30,1729125.78,473811.61,
2026-08-27T03:59:03.074075+00:00,KXBTC15M-26AUG270000-00,2026-08-27T04:00:00Z,0.95,78881.13,78813.55,0.003,588.74,0.0040000000000000036,1096.68,61924.15,31178.420000000002,61924.15,31178.420000000002,61924.15,31178.420000000002,-0.30137295154916877,0.33023503003193144,0.003349313524225417,0.003500000000000002,0.0010000000000000035,3,30,1729125.78,473811.61,
2026-08-27T03:59:23.235922+00:00,KXBTC15M-26AUG270000-00,2026-08-27T04:00:00Z,0.61,78881.13,78814.18,,0.0,0.0010000000000000009,75981.4,0,122248.87,0,122248.87,0,122248.87,-1.0,-1.0,,,,0,30,1851662.58,502247.93,
2026-08-27T03:59:43.485836+00:00,KXBTC15M-26AUG270000-00,2026-08-27T04:00:00Z,0.28,78881.13,78820.82,,0.0,0.0010000000000000009,134538.79,0,173351.26,0,173351.26,0,173351.26,-1.0,-1.0,,,,0,30,2073388.35,611993.33,
2026-08-27T04:01:03.797907+00:00,KXBTC15M-26AUG270015-15,2026-08-27T04:15:00Z,13.94,78820.09,78833.46,0.59,78.02,0.6,7332.74,13273.25,21992.17,27246.43,43476.26,111536.71,156169.24,-0.9789441298868131,-0.24723709514873207,0.5901052793505658,0.595,0.010000000000000009,30,30,69179.64,32112.20,
2026-08-27T04:01:23.934739+00:00,KXBTC15M-26AUG270015-15,2026-08-27T04:15:00Z,13.6,78820.09,78833.47,0.57,3671.95,0.5800000000000001,1375.47,19915.26,18927.85,38060.5,41494.78,121372.78,143610.97,0.45498096056995446,0.025420467104719468,0.5772749048028498,0.575,0.01000000000000012,30,30,107682.72,57004.65,
2026-08-27T04:01:44.114734+00:00,KXBTC15M-26AUG270015-15,2026-08-27T04:15:00Z,13.27,78820.09,78833.46,0.58,2081.86,0.5900000000000001,1843.38,18223.42,20878.65,34234.36,43003.22,117772.56,147948.92,0.060755520681537944,-0.06790510067625584,0.5853037776034077,0.585,0.01000000000000012,30,30,107682.72,57004.65,
2026-08-27T04:02:04.352021+00:00,KXBTC15M-26AUG270015-15,2026-08-27T04:15:00Z,12.93,78820.09,78833.46,0.58,210.0,0.5900000000000001,2632.05,15740.26,19013.239999999998,31799.2,41541.81,115675.54,144764.11,-0.8522193487095583,-0.09417698936797726,0.5807389032564522,0.585,0.01000000000000012,30,30,170218.77,87719.01,
2026-08-27T04:02:24.538871+00:00,KXBTC15M-26AUG270015-15,2026-08-27T04:15:00Z,12.59,78820.09,78840.55,0.61,1527.12,0.62,4923.12,25110.76,27449.14,40413.2,50138.54,121550.02,159359.9,-0.5264920375055812,-0.04448981067315579,0.612367539812472,0.615,0.010000000000000009,30,30,217552.70,117249.63,
2026-08-27T04:02:44.723481+00:00,KXBTC15M-26AUG270015-15,2026-08-27T04:15:00Z,12.26,78820.09,78832.35,0.56,740.93,0.5700000000000001,5075.51,13953.16,19668.61,33725.6,38339.48,121376.95999999999,131430.39,-0.7452290404439829,-0.169992537573126,0.5612738547977801,0.5650000000000001,0.010000000000000009,30,30,217552.70,117249.63,
2026-08-27T04:03:04.916278+00:00,KXBTC15M-26AUG270015-15,2026-08-27T04:15:00Z,11.92,78820.09,78837.14,0.59,6961.12,0.6,2085.65,30631.690000000002,13474.15,43909.49,36277.93,124157.9,148926.13,0.5389183100708871,0.38900834900775044,0.5976945915503544,0.595,0.010000000000000009,30,30,276304.27,155676.99,
2026-08-27T04:03:25.134574+00:00,KXBTC15M-26AUG270015-15,2026-08-27T04:15:00Z,11.58,78820.09,78848.02,0.63,9836.69,0.64,20.11,21884.39,10218.93,38072.39,31467.5,90678.81,128428.74,0.9959195682168654,0.3633723864073871,0.6399795978410843,0.635,0.010000000000000009,30,30,364339.17,199250.90,
2026-08-27T04:03:45.236356+00:00,KXBTC15M-26AUG270015-15,2026-08-27T04:15:00Z,11.25,78820.09,78855.5,0.68,3722.43,0.69,95.37,14550.029999999999,13062.79,28857.83,35141.8,82205.71,124855.8,0.9500392896432501,0.05386048943932557,0.6897501964482162,0.685,0.009999999999999898,30,30,364339.17,199250.90,
2026-08-27T04:04:05.417488+00:00,KXBTC15M-26AUG270015-15,2026-08-27T04:15:00Z,10.91,78820.09,78870.13,0.71,933.57,0.72,3729.01,14949.24,18690.0,30374.24,42417.26,80957.11,126315.8,-0.5995478897949205,-0.11120227448658175,0.7120022605510254,0.715,0.010000000000000009,30,30,437541.73,236674.39,
2026-08-27T04:04:25.567651+00:00,KXBTC15M-26AUG270015-15,2026-08-27T04:15:00Z,10.57,78820.09,78885.65,0.75,234.2,0.76,5147.43,11504.27,25674.33,30192.18,52045.68,78361.53,115639.09,-0.9129631728677,-0.3811348463901276,0.7504351841356616,0.755,0.010000000000000009,30,30,510970.66,265658.82,
2026-08-27T04:04:45.780233+00:00,KXBTC15M-26AUG270015-15,2026-08-27T04:15:00Z,10.24,78820.09,78840.42,0.59,105.98,0.6,718.65,15734.2,17026.28,27473.49,42484.090000000004,82615.16,142117.94,-0.7429635109079223,-0.03944020356234091,0.5912851824454604,0.595,0.010000000000000009,30,30,510970.66,265658.82,
2026-08-27T04:05:05.930984+00:00,KXBTC15M-26AUG270015-15,2026-08-27T04:15:00Z,9.9,78820.09,78852.76,0.66,2949.85,0.6699999999999999,2878.73,17058.22,15779.77,34846.86,36876.05,87786.36,112835.02,0.012201942840280118,0.038932041821073717,0.6650610097142013,0.665,0.009999999999999898,30,30,561023.11,281748.31,
2026-08-27T04:05:26.050205+00:00,KXBTC15M-26AUG270015-15,2026-08-27T04:15:00Z,9.57,78820.09,78826.23,0.57,1094.93,0.5800000000000001,4177.32,9699.9,30604.95,20651.92,51406.6,76148.55,130855.31999999999,-0.5846441272701407,-0.5186733110283255,0.5720767793636492,0.575,0.01000000000000012,30,30,607216.29,294797.63,
2026-08-27T04:05:46.176859+00:00,KXBTC15M-26AUG270015-15,2026-08-27T04:15:00Z,9.23,78820.09,78813.17,0.5,1052.1,0.51,8924.63,7648.33,22390.1,23604.22,42028.19,81879.37,116920.83,-0.7890892105930499,-0.4907636650783679,0.5010545539470347,0.505,0.010000000000000009,30,30,607216.29,294797.63,
2026-08-27T04:06:06.386145+00:00,KXBTC15M-26AUG270015-15,2026-08-27T04:15:00Z,8.89,78820.09,78808.19,0.45,5274.02,0.45999999999999996,3093.08,19816.88,12885.31,30961.66,26481.72,91351.88,104798.28,0.2606566193782793,0.21196042222248726,0.4563032830968914,0.45499999999999996,0.009999999999999953,30,30,663426.37,288669.40,
2026-08-27T04:06:26.538631+00:00,KXBTC15M-26AUG270015-15,2026-08-27T04:15:00Z,8.56,78820.09,78803.47,0.46,38291.66,0.47,330.21,49206.76,16062.21,65180.51,29302.55,127414.74,107285.67,0.982900361893404,0.5078148161369791,0.469914501809467,0.46499999999999997,0.009999999999999953,30,30,663426.37,288669.40,
2026-08-27T04:06:46.751349+00:00,KXBTC15M-26AUG270015-15,2026-08-27T04:15:00Z,8.22,78820.09,78810.76,0.5,5773.31,0.51,3712.73,20210.84,18870.82,35134.62,38375.82,94773.48,115661.97,0.21722236043702117,0.03428769402323239,0.5060861118021851,0.505,0.010000000000000009,30,30,731746.93,270194.33,
2026-08-27T04:07:06.962420+00:00,KXBTC15M-26AUG270015-15,2026-08-27T04:15:00Z,7.89,78820.09,78810.76,0.5,3501.02,0.51,10993.44,12686.68,26074.61,28381.46,45530.61,88228.12,122817.7,-0.5169161182962317,-0.34539433543104475,0.5024154194085189,0.505,0.010000000000000009,30,30,796160.73,274876.99,
2026-08-27T04:07:27.100348+00:00,KXBTC15M-26AUG270015-15,2026-08-27T04:15:00Z,7.55,78820.09,78810.75,0.48,14.58,0.49,10824.91,11127.07,24776.91,26418.77,36021.55,87703.5,123596.82,-0.9973098365328996,-0.38017623672918716,0.4800134508173355,0.485,0.010000000000000009,30,30,796160.73,274876.99,
2026-08-27T04:07:47.322766+00:00,KXBTC15M-26AUG270015-15,2026-08-27T04:15:00Z,7.21,78820.09,78801.36,0.4,4795.15,0.41000000000000003,5585.47,18455.15,18681.84,32677.91,32611.84,96571.09,107353.59,-0.07613418081000949,-0.006104156529648705,0.40461932909595005,0.405,0.010000000000000009,30,30,834211.04,273384.73,
2026-08-27T04:08:07.530059+00:00,KXBTC15M-26AUG270015-15,2026-08-27T04:15:00Z,6.88,78820.09,78799.78,0.38,4617.74,0.39,7631.37,21706.16,19888.68,36390.35,33761.16,94774.2,107277.96,-0.24602848696762458,0.043694842918015786,0.3837698575651619,0.385,0.010000000000000009,30,30,882086.29,279684.15,
2026-08-27T04:08:27.692899+00:00,KXBTC15M-26AUG270015-15,2026-08-27T04:15:00Z,6.54,78820.09,78788.05,0.31,5678.88,0.31999999999999995,3724.65,40347.270000000004,18073.510000000002,58602.04,48602.61,111467.28,115617.09,0.20781876593151719,0.3812643377921349,0.31603909382965756,0.31499999999999995,0.009999999999999953,30,30,882086.29,279684.15,
2026-08-27T04:08:47.876246+00:00,KXBTC15M-26AUG270015-15,2026-08-27T04:15:00Z,6.2,78820.09,78788.05,0.33,368.81,0.33999999999999997,8966.13,22698.42,20086.82,57636.07,35870.69,113119.54000000001,119943.17,-0.920982887945718,0.06103974174271311,0.3303950855602714,0.33499999999999996,0.009999999999999953,30,30,882086.29,279684.15,
2026-08-27T04:09:08.084342+00:00,KXBTC15M-26AUG270015-15,2026-08-27T04:15:00Z,5.87,78820.09,78807.27,0.47,5114.84,0.48,1183.22,24819.18,10437.880000000001,60279.520000000004,24789.42,122238.66,119187.87,0.6242588987720028,0.40789844643881257,0.47812129449386004,0.475,0.010000000000000009,30,30,959377.34,295285.21,
2026-08-27T04:09:28.244193+00:00,KXBTC15M-26AUG270015-15,2026-08-27T04:15:00Z,5.53,78820.09,78820.83,0.52,2603.07,0.53,7343.67,19228.38,39253.63,51068.17,62909.35,115678.24,144506.51,-0.4765983628807027,-0.34241726643800374,0.5226170081855965,0.525,0.010000000000000009,30,30,1070001.57,310154.41,
2026-08-27T04:09:48.365178+00:00,KXBTC15M-26AUG270015-15,2026-08-27T04:15:00Z,5.19,78820.09,78860.27,0.84,10009.11,0.85,801.84,42547.77,38534.37,56347.77,165356.11,133424.44,165356.11,0.8516615098580606,0.049497953556726475,0.8492583075492902,0.845,0.010000000000000009,30,30,1070001.57,310154.41,
2026-08-27T04:10:08.611703+00:00,KXBTC15M-26AUG270015-15,2026-08-27T04:15:00Z,4.86,78820.09,78855.37,0.77,5599.76,0.78,842.16,18148.8,16633.2,32756.07,38805.96,127226.53,85451.24,0.738537578858477,0.043574262549594574,0.7786926878942925,0.775,0.010000000000000009,30,30,1180295.58,291632.97,
2026-08-27T04:10:28.731059+00:00,KXBTC15M-26AUG270015-15,2026-08-27T04:15:00Z,4.52,78820.09,78840.51,0.77,1643.39,0.78,6411.49,12833.49,29185.14,44889.31,67216.92,132454.5,115710.2,-0.5919517112607512,-0.38915238312148687,0.7720402414436963,0.775,0.010000000000000009,30,30,1180295.58,291632.97,
2026-08-27T04:10:48.986972+00:00,KXBTC15M-26AUG270015-15,2026-08-27T04:15:00Z,4.19,78820.09,78834.45,0.7,4444.82,0.71,930.39,21961.1,21949.83,37602.04,55416.44,116634.13,116086.91,0.6538218971909935,0.00025665591687529276,0.7082691094859549,0.705,0.010000000000000009,30,30,1325881.44,274547.52,
2026-08-27T04:11:09.178483+00:00,KXBTC15M-26AUG270015-15,2026-08-27T04:15:00Z,3.85,78820.09,78839.21,0.74,7824.61,0.75,228.89,38503.399999999994,16587.77,56066.63,51118.020000000004,133475.45,103841.93000000001,0.9431576333271248,0.39780658134506847,0.7497157881666355,0.745,0.010000000000000009,30,30,1405917.43,282362.21,
2026-08-27T04:11:29.362287+00:00,KXBTC15M-26AUG270015-15,2026-08-27T04:15:00Z,3.51,78820.09,78833.79,0.75,4726.34,0.76,3838.56,16512.34,22711.24,32605.47,40844.17,89384.75,92943.12,0.10365328258356785,-0.15804013810060177,0.7555182664129179,0.755,0.010000000000000009,30,30,1405917.43,282362.21,
2026-08-27T04:11:49.499508+00:00,KXBTC15M-26AUG270015-15,2026-08-27T04:15:00Z,3.18,78820.09,78830.69,0.72,4172.91,0.73,1630.03,17736.4,12687.09,31327.97,32091.72,90304.51,90337.54,0.43820546136958166,0.165967481048361,0.727191027306848,0.725,0.010000000000000009,30,30,1483174.43,299608.58,
2026-08-27T04:12:09.651230+00:00,KXBTC15M-26AUG270015-15,2026-08-27T04:15:00Z,2.84,78820.09,78860.27,0.89,114.0,0.9,2805.0,15313.3,50826.14,31798.29,50826.14,92819.41,50826.14,-0.9218910585817061,-0.5369389278167459,0.8903905447070913,0.895,0.010000000000000009,30,30,1529258.66,306819.18,
2026-08-27T04:12:29.856477+00:00,KXBTC15M-26AUG270015-15,2026-08-27T04:15:00Z,2.5,78820.09,78841.64,0.82,3556.63,0.83,2346.12,19126.63,13555.06,32928.9,63421.86,87328.15,72431.4,0.2050756003557664,0.17047986196552262,0.8260253780017788,0.825,0.010000000000000009,30,30,1529258.66,306819.18,
2026-08-27T04:12:49.976775+00:00,KXBTC15M-26AUG270015-15,2026-08-27T04:15:00Z,2.17,78820.09,78841.63,0.82,644.86,0.83,5789.34,16255.84,16299.03,31064.059999999998,65909.6,86350.89,72009.6,-0.7995523919057538,-0.0013266832274249753,0.8210022380404712,0.825,0.010000000000000009,30,30,1622062.62,315088.40,
2026-08-27T04:13:10.125709+00:00,KXBTC15M-26AUG270015-15,2026-08-27T04:15:00Z,1.83,78820.09,78850.07,0.929,5849.47,0.9299999999999999,12485.71,36726.7,42681.5,49716.21,44771.5,54748.21,44771.5,-0.3619402700164383,-0.0749897365763234,0.9293190298649918,0.9295,0.0009999999999998899,30,30,1622062.62,315088.40,
2026-08-27T04:13:30.254665+00:00,KXBTC15M-26AUG270015-15,2026-08-27T04:15:00Z,1.5,78820.09,78837.75,0.904,5489.76,0.905,1971.78,13474.53,39013.63,26858.63,39013.63,71376.17,39013.63,0.47148175845736945,-0.48656878046401325,0.9047357408792288,0.9045000000000001,0.0010000000000000009,30,30,1682847.16,326604.00,
2026-08-27T04:13:50.392965+00:00,KXBTC15M-26AUG270015-15,2026-08-27T04:15:00Z,1.16,78820.09,78837.75,0.958,5.0,0.961,3300.12,33029.66,84310.86,33029.66,84310.86,33029.66,84310.86,-0.996974391247519,-0.4370289137972117,0.9580045384131287,0.9595,0.0030000000000000027,30,30,1806652.92,331220.28,
2026-08-27T04:14:10.526753+00:00,KXBTC15M-26AUG270015-15,2026-08-27T04:15:00Z,0.83,78820.09,78849.25,0.994,297.6,0.995,405.71,33599.51,35490.0,33599.51,35490.0,33599.51,35490.0,-0.15371600005687389,-0.027362909362072443,0.9944231419999716,0.9944999999999999,0.0010000000000000009,30,3,1806652.92,331220.28,
2026-08-27T04:14:30.667395+00:00,KXBTC15M-26AUG270015-15,2026-08-27T04:15:00Z,0.49,78820.09,78850.81,0.996,1324.02,0.997,0.02,59163.94,1048.5,59163.94,1048.5,59163.94,1048.5,0.9999697894323435,0.9651733097014504,0.9969999848947161,0.9964999999999999,0.0010000000000000009,30,3,2031014.05,383877.85,
2026-08-27T04:15:30.981696+00:00,KXBTC15M-26AUG270030-30,2026-08-27T04:30:00Z,14.48,78852,78877.12,0.64,5251.33,0.65,7341.6,17622.38,32709.120000000003,37614.38,58791.55,115650.29000000001,173880.75,-0.1659875819209668,-0.2997474742457507,0.6441700620903953,0.645,0.010000000000000009,30,30,28831.37,19777.79,
2026-08-27T04:15:51.088806+00:00,KXBTC15M-26AUG270030-30,2026-08-27T04:30:00Z,14.15,78852,78872.32,0.61,8848.23,0.62,235.36,29344.21,19152.53,46459.21,41276.74,123945.34,167473.96,0.9481790789764838,0.21015185763001804,0.6197408953948823,0.615,0.010000000000000009,30,30,139815.89,98754.80,
2026-08-27T04:16:11.343344+00:00,KXBTC15M-26AUG270030-30,2026-08-27T04:30:00Z,13.81,78852,78885.24,0.61,1751.66,0.62,4300.6,18993.23,20277.39,37575.23,40230.88,114641.59,163978.8,-0.42115507265054714,-0.03270027313039621,0.6128942246367473,0.615,0.010000000000000009,30,30,139815.89,98754.80,
2026-08-27T04:16:31.480034+00:00,KXBTC15M-26AUG270030-30,2026-08-27T04:30:00Z,13.48,78852,78885.24,0.63,1393.37,0.64,5320.53,14683.64,22600.7,35858.64,46820.99,114551.34,161108.54,-0.5849297725614024,-0.21234276910896108,0.632075351137193,0.635,0.010000000000000009,30,30,139815.89,98754.80,
2026-08-27T04:16:51.658414+00:00,KXBTC15M-26AUG270030-30,2026-08-27T04:30:00Z,13.14,78852,78884.83,0.63,2498.73,0.64,4464.33,17991.78,28208.81,55547.78,69959.05,142092.23,184870.08,-0.2822896829842052,-0.2211450113515867,0.6335885515850791,0.635,0.010000000000000009,30,30,226209.87,158410.60,
2026-08-27T04:17:11.856664+00:00,KXBTC15M-26AUG270030-30,2026-08-27T04:30:00Z,12.8,78852,78871.63,0.56,1011.81,0.5700000000000001,9502.88,14747.4,31921.29,48164.22,62079.229999999996,136893.38999999998,161062.52,-0.8075435414643704,-0.36799597331744255,0.5609622822926782,0.5650000000000001,0.010000000000000009,30,30,286319.05,202203.18,
2026-08-27T04:17:31.961099+00:00,KXBTC15M-26AUG270030-30,2026-08-27T04:30:00Z,12.47,78852,78870.13,0.57,2482.83,0.5800000000000001,770.5,35229.85,21684.68,66299.85,36255.79,149048.38,136499.43,0.5263314818970102,0.2379914232797846,0.5776316574094851,0.575,0.01000000000000012,30,30,286319.05,202203.18,
2026-08-27T04:17:52.171237+00:00,KXBTC15M-26AUG270030-30,2026-08-27T04:30:00Z,12.13,78852,78850.85,0.47,80.05,0.48,3404.48,37023.89,16177.35,58329.78,31279.59,155849.88,119080.77,-0.9540540618103445,0.3918431224535368,0.47022972969094823,0.475,0.010000000000000009,30,30,347805.13,209282.99,
2026-08-27T04:18:12.358175+00:00,KXBTC15M-26AUG270030-30,2026-08-27T04:30:00Z,11.79,78852,78870.13,0.59,2476.21,0.6,9174.6,24029.260000000002,43599.58,68513.68,60067.270000000004,154311.49,182523.67,-0.5749291250994566,-0.2893783184806955,0.5921253543745026,0.595,0.010000000000000009,30,30,398626.70,221877.02,
2026-08-27T04:18:32.508600+00:00,KXBTC15M-26AUG270030-30,2026-08-27T04:30:00Z,11.46,78852,78872.73,0.59,55.0,0.6,4546.16,20764.53,27784.62,65159.95,59534.77,149360.45,179673.06,-0.9760929852471986,-0.14459758821730145,0.590119535073764,0.595,0.010000000000000009,30,30,398626.70,221877.02,
2026-08-27T04:18:52.627369+00:00,KXBTC15M-26AUG270030-30,2026-08-27T04:30:00Z,11.12,78852,78872.42,0.57,2.07,0.5800000000000001,3882.13,18883.07,26457.07,63321.49,57925.8,151121.46,160215.43,-0.9989341434529632,-0.16704844757867973,0.5700053292827352,0.575,0.01000000000000012,30,30,440261.19,234869.63,
2026-08-27T04:19:12.750538+00:00,KXBTC15M-26AUG270030-30,2026-08-27T04:30:00Z,10.79,78852,78870.13,0.56,10016.1,0.5700000000000001,769.85,24473.1,20198.77,69278.52,50071.5,160763.02,133260.98,0.8572494773293033,0.09568280889069561,0.5692862473866466,0.5650000000000001,0.010000000000000009,30,30,475937.95,255549.78,
2026-08-27T04:19:33.089575+00:00,KXBTC15M-26AUG270030-30,2026-08-27T04:30:00Z,10.45,78852,78862.01,0.57,607.09,0.5800000000000001,7672.78,15947.51,27479.93,60776.189999999995,58510.659999999996,147948.34,146902.57,-0.8533576010251369,-0.26555606317111946,0.5707332119948744,0.575,0.01000000000000012,30,30,475937.95,255549.78,
2026-08-27T04:19:53.193784+00:00,KXBTC15M-26AUG270030-30,2026-08-27T04:30:00Z,10.11,78852,78871.15,0.57,2134.87,0.5800000000000001,1207.95,19159.97,25116.12,51462.19,56275.85,136956.42,143357.3,0.27728684164866785,-0.1345229445508851,0.5763864342082434,0.575,0.01000000000000012,30,30,505452.44,263986.15,
2026-08-27T04:20:13.314231+00:00,KXBTC15M-26AUG270030-30,2026-08-27T04:30:00Z,9.78,78852,78844.06,0.5,3927.33,0.51,7874.32,36149.42,37306.01,75888.91,51823.06,159887.19,140226.09,-0.33444391250376004,-0.015745466332441373,0.5033277804374812,0.505,0.010000000000000009,30,30,505452.44,263986.15,
2026-08-27T04:20:33.424224+00:00,KXBTC15M-26AUG270030-30,2026-08-27T04:30:00Z,9.44,78852,78845.59,0.47,6531.38,0.48,5565.14,41374.55,26620.62,68199.78,62157.020000000004,154799.71,133846.74,0.0798775184929219,0.2169849711383912,0.47539938759246464,0.475,0.010000000000000009,30,30,542317.71,269512.09,
2026-08-27T04:20:53.606409+00:00,KXBTC15M-26AUG270030-30,2026-08-27T04:30:00Z,9.11,78852,78843.79,0.46,10868.67,0.47,156.02,24529.260000000002,12438.38,66049.49,48074.83,157974.22,118357.51,0.9716962563119688,0.32706659121328824,0.46985848128155977,0.46499999999999997,0.009999999999999953,30,30,600651.93,258183.27,
2026-08-27T04:21:13.735328+00:00,KXBTC15M-26AUG270030-30,2026-08-27T04:30:00Z,8.77,78852,78854.99,0.54,1770.4,0.55,8177.93,20922.04,28943.03,52650.04,55764.94,140652.23,139278.5,-0.6440809663531468,-0.16085388028132716,0.5417795951682344,0.545,0.010000000000000009,30,30,600651.93,258183.27,
2026-08-27T04:21:33.847188+00:00,KXBTC15M-26AUG270030-30,2026-08-27T04:30:00Z,8.44,78852,78855.2,0.53,5440.69,0.54,9712.04,23301.93,22520.280000000002,55926.93,52665.04,145494.06,134573.03,-0.2818864983405631,0.017058321717787022,0.5335905675082973,0.535,0.010000000000000009,30,30,650557.38,256715.13,
2026-08-27T04:21:53.974062+00:00,KXBTC15M-26AUG270030-30,2026-08-27T04:30:00Z,8.1,78852,78812.97,0.31,10611.85,0.31999999999999995,4461.32,53574.63,32180.08,81072.56999999999,68747.16,149531.29,150376.32,0.4080448903581662,0.24948542185029834,0.3170402244517908,0.31499999999999995,0.009999999999999953,30,30,704763.34,262966.34,
2026-08-27T04:22:14.129709+00:00,KXBTC15M-26AUG270030-30,2026-08-27T04:30:00Z,7.77,78852,78802.5,0.25,5712.02,0.26,13450.13,47707.71,47232.18,73545.34,76307.95999999999,126431.4,162932.82,-0.40382263994384754,0.0050087481668664125,0.25298088680028075,0.255,0.010000000000000009,30,30,704763.34,262966.34,
2026-08-27T04:22:34.256068+00:00,KXBTC15M-26AUG270030-30,2026-08-27T04:30:00Z,7.43,78852,78830.48,0.47,2367.4,0.48,9149.56,26574.260000000002,46730.61,60542.26,65328.49,138306.43,143654.3,-0.588884566760673,-0.2749660425016783,0.47205557716619656,0.475,0.010000000000000009,30,30,821325.68,256925.64,
2026-08-27T04:22:54.576069+00:00,KXBTC15M-26AUG270030-30,2026-08-27T04:30:00Z,7.09,78852,78834.88,0.36,460.07,0.37,4720.53,13719.470000000001,20297.18,44863.47,37671.5,124614.81,121093.39,-0.822387368258503,-0.1933673656870973,0.3608880631587075,0.365,0.010000000000000009,30,30,931502.14,285794.25,
2026-08-27T04:23:14.832951+00:00,KXBTC15M-26AUG270030-30,2026-08-27T04:30:00Z,6.76,78852,78820.59,0.3,6371.07,0.31000000000000005,7384.78,25377.510000000002,41253.3,65118.29,56606.3,129364.52,124640.56999999999,-0.07369301061003138,-0.23826500083069682,0.30463153494694983,0.30500000000000005,0.010000000000000064,30,30,931502.14,285794.25,
2026-08-27T04:23:35.067772+00:00,KXBTC15M-26AUG270030-30,2026-08-27T04:30:00Z,6.42,78852,78821.51,0.32,6857.79,0.32999999999999996,133.85,40103.85,17504.58,61894.86,47473.81,132811.8,117761.75,0.9617114153474721,0.3922910240740808,0.3298085570767373,0.32499999999999996,0.009999999999999953,30,30,931502.14,285794.25,
2026-08-27T04:23:55.208096+00:00,KXBTC15M-26AUG270030-30,2026-08-27T04:30:00Z,6.08,78852,78840.55,0.36,7074.23,0.37,2157.7,24693.66,20472.28,55266.46,38338.18,135721.58,112744.44,0.5325571142762131,0.09346379152077873,0.36766278557138105,0.365,0.010000000000000009,30,30,1014351.16,302244.63,
2026-08-27T04:24:15.364439+00:00,KXBTC15M-26AUG270030-30,2026-08-27T04:30:00Z,5.75,78852,78829.93,0.32,5588.48,0.32999999999999996,3602.89,27092.3,19062.37,62963.25,32836.34,135594.05,118442.05,0.21602764332194221,0.1739787111466727,0.3260801382166097,0.32499999999999996,0.009999999999999953,30,30,1093450.33,319367.00,
2026-08-27T04:24:35.488520+00:00,KXBTC15M-26AUG270030-30,2026-08-27T04:30:00Z,5.41,78852,78829.93,0.36,382.02,0.37,5271.28,18263.46,20938.01,48416.65,53134.74,130991.92,121825.1,-0.8648506182229849,-0.06822575786061082,0.3606757469088851,0.365,0.010000000000000009,30,30,1152632.60,334062.52,
2026-08-27T04:24:55.595348+00:00,KXBTC15M-26AUG270030-30,2026-08-27T04:30:00Z,5.07,78852,78829.94,0.31,4735.47,0.31999999999999995,9891.92,23920.99,22962.15,64385.96,37448.15,136927.66,122857.7,-0.35252016935352104,0.020451701827138714,0.3132373991532324,0.31499999999999995,0.009999999999999953,30,30,1152632.60,334062.52,
2026-08-27T04:25:15.734607+00:00,KXBTC15M-26AUG270030-30,2026-08-27T04:30:00Z,4.74,78852,78810.99,0.16,250.02,0.17000000000000004,18456.31,22519.38,38061.11,68708.0,60462.61,68708.0,135600.85,-0.9732689415828759,-0.25654678593718866,0.16013365529208562,0.16500000000000004,0.010000000000000037,30,30,1207210.19,345854.25,
2026-08-27T04:25:35.860376+00:00,KXBTC15M-26AUG270030-30,2026-08-27T04:30:00Z,4.4,78852,78810.99,0.26,1548.2,0.27,12344.13,12664.470000000001,49112.229999999996,50426.520000000004,72306.72,103570.67,143974.76,-0.7771144221307728,-0.589992019644947,0.26111442788934613,0.265,0.010000000000000009,30,30,1207210.19,345854.25,
2026-08-27T04:25:56.034712+00:00,KXBTC15M-26AUG270030-30,2026-08-27T04:30:00Z,4.07,78852,78815.58,0.15,4742.04,0.16000000000000003,8023.06,42476.61,51115.73,83884.93,66390.14,83884.93,141500.02,-0.257030497215063,-0.09230584468771699,0.1537148475139247,0.15500000000000003,0.010000000000000037,30,30,1332945.20,361175.95,
2026-08-27T04:26:16.254471+00:00,KXBTC15M-26AUG270030-30,2026-08-27T04:30:00Z,3.73,78852,78808.73,0.11,3483.07,0.12,7872.12,68317.61,42754.95,156414.61000000002,65278.71,156414.61000000002,140294.43,-0.3865236953322665,0.2301437906896177,0.11306738152333866,0.11499999999999999,0.009999999999999995,30,30,1332945.20,361175.95,
2026-08-27T04:26:36.383096+00:00,KXBTC15M-26AUG270030-30,2026-08-27T04:30:00Z,3.39,78852,78805.74,0.1,5815.11,0.10999999999999999,3767.44,58567.31,14263.7,58567.31,40752.1,58567.31,115381.35,0.21368737966407686,0.6083069560617106,0.10606843689832038,0.105,0.009999999999999981,30,30,1392567.49,378815.52,
2026-08-27T04:26:56.648416+00:00,KXBTC15M-26AUG270030-30,2026-08-27T04:30:00Z,3.06,78852,78805.73,0.08,1183.47,0.08099999999999996,23723.44,41257.7,55251.11,41257.7,76488.66,41257.7,98845.65,-0.9049685408587416,-0.1449961925755794,0.08004751572957063,0.08049999999999999,0.0009999999999999593,30,30,1489531.47,397609.62,
2026-08-27T04:27:16.835511+00:00,KXBTC15M-26AUG270030-30,2026-08-27T04:30:00Z,2.72,78852,78801.12,0.047,1282.02,0.049000000000000044,125.02,68222.18,18905.21,68222.18,18905.21,68222.18,18905.21,0.8222936092790539,0.5660329088246532,0.048822293609279095,0.04800000000000002,0.0020000000000000434,30,30,1489531.47,397609.62,
2026-08-27T04:27:36.981292+00:00,KXBTC15M-26AUG270030-30,2026-08-27T04:30:00Z,2.38,78852,78800.71,0.033,0.02,0.03500000000000003,1588.02,97383.34,22847.27,97383.34,22847.27,97383.34,22847.27,-0.999974811717589,0.6199425420864121,0.03300002518828241,0.034000000000000016,0.0020000000000000295,30,30,1555434.51,416099.96,
2026-08-27T04:27:57.197551+00:00,KXBTC15M-26AUG270030-30,2026-08-27T04:30:00Z,2.05,78852,78800.68,0.02,2660.04,0.02100000000000002,1104.4,178558.0,23753.04,178558.0,23753.04,178558.0,23753.04,0.413246060503023,0.7651829578850466,0.020706623030251524,0.02050000000000001,0.0010000000000000182,19,30,1555434.51,416099.96,
2026-08-27T04:28:17.349761+00:00,KXBTC15M-26AUG270030-30,2026-08-27T04:30:00Z,1.71,78852,78800.68,0.019,251.21,0.020000000000000018,2751.23,168471.93,41772.36,168471.93,41772.36,168471.93,41772.36,-0.8326627676156726,0.6026302545481735,0.019083668616192165,0.01950000000000001,0.0010000000000000182,19,30,1637284.94,427618.09,
2026-08-27T04:28:37.585849+00:00,KXBTC15M-26AUG270030-30,2026-08-27T04:30:00Z,1.38,78852,78799.79,0.003,5765.36,0.007000000000000006,1600.5,77416.3,33987.44,77416.3,33987.44,77416.3,33987.44,0.5654275264531229,0.38983305228352294,0.006130855052906251,0.005000000000000003,0.004000000000000006,3,30,1740947.62,434639.46,
2026-08-27T04:28:57.698798+00:00,KXBTC15M-26AUG270030-30,2026-08-27T04:30:00Z,1.04,78852,78786.38,0.002,1312.8,0.0030000000000000027,6862.1,62269.8,67846.81,62269.8,67846.81,62269.8,67846.81,-0.6788217592875754,-0.04286163004093017,0.002160589120356213,0.0025000000000000014,0.0010000000000000026,2,30,1740947.62,434639.46,
2026-08-27T04:29:17.898729+00:00,KXBTC15M-26AUG270030-30,2026-08-27T04:30:00Z,0.7,78852,78780.0,,0.0,0.0010000000000000009,161510.7,0,232031.71000000002,0,232031.71000000002,0,232031.71000000002,-1.0,-1.0,,,,0,30,1946553.32,530332.58,
2026-08-27T04:29:38.087602+00:00,KXBTC15M-26AUG270030-30,2026-08-27T04:30:00Z,0.37,78852,78780.0,,0.0,0.0010000000000000009,197756.27,0,284802.69,0,284802.69,0,284802.69,-1.0,-1.0,,,,0,30,2016185.25,555200.71,
2026-08-27T04:30:38.489797+00:00,KXBTC15M-26AUG270045-45,2026-08-27T04:45:00Z,14.36,78790.03,78733.27,0.32,5931.5,0.32999999999999996,6171.7,29703.65,27793.0,73997.52,63415.0,186208.24,158027.51,-0.01984599114283824,0.03323063169767285,0.3249007700442858,0.32499999999999996,0.009999999999999953,30,30,21657.91,21536.86,
2026-08-27T04:30:58.649634+00:00,KXBTC15M-26AUG270045-45,2026-08-27T04:45:00Z,14.02,78790.03,78722.24,0.25,11434.02,0.26,6032.0,39849.98,23449.260000000002,66258.62,42983.26,138705.97,115612.33,0.3092874049153728,0.2590982135014575,0.25654643702457686,0.255,0.010000000000000009,30,30,159066.40,147889.63,
2026-08-27T04:31:18.786594+00:00,KXBTC15M-26AUG270045-45,2026-08-27T04:45:00Z,13.69,78790.03,78721.14,0.26,8388.55,0.27,56.82,25678.6,21206.68,56637.76,41414.68,134681.11,109676.97,0.9865441064157048,0.0953800425208082,0.26993272053207856,0.265,0.010000000000000009,30,30,159066.40,147889.63,
2026-08-27T04:31:38.898771+00:00,KXBTC15M-26AUG270045-45,2026-08-27T04:45:00Z,13.35,78790.03,78721.14,0.28,6108.48,0.29000000000000004,239.34,19671.95,20395.69,44127.49,37567.69,133931.85,119973.0,0.9245914345397317,-0.018062955542178127,0.2896229571726987,0.28500000000000003,0.010000000000000009,30,30,228764.08,212487.31,
2026-08-27T04:31:59.043810+00:00,KXBTC15M-26AUG270045-45,2026-08-27T04:45:00Z,13.02,78790.03,78728.0,0.33,276.57,0.33999999999999997,5404.42,10062.22,19444.42,30370.05,41009.11,126645.86,127939.7,-0.9026331678105401,-0.3179691079702738,0.3304868341609473,0.33499999999999996,0.009999999999999953,30,30,294970.02,265988.52,
2026-08-27T04:32:19.173271+00:00,KXBTC15M-26AUG270045-45,2026-08-27T04:45:00Z,12.68,78790.03,78728.09,0.31,4578.55,0.31999999999999995,1073.06,19479.97,13772.99,42729.19,32867.33,138195.43,123296.09,0.6202639601812581,0.17162321790300777,0.3181013198009062,0.31499999999999995,0.009999999999999953,30,30,294970.02,265988.52,
2026-08-27T04:32:39.282477+00:00,KXBTC15M-26AUG270045-45,2026-08-27T04:45:00Z,12.35,78790.03,78728.09,0.31,4247.75,0.31999999999999995,4478.16,13196.17,19580.68,34554.55,38776.020000000004,130359.31999999999,129280.33,-0.026405268906051042,-0.19478717448443034,0.3148679736554697,0.31499999999999995,0.009999999999999953,30,30,340471.88,291649.24,
2026-08-27T04:32:59.412984+00:00,KXBTC15M-26AUG270045-45,2026-08-27T04:45:00Z,12.01,78790.03,78728.09,0.3,3598.76,0.31000000000000005,4399.68,17730.91,19368.08,41248.51,39051.42,130271.21,127687.06,-0.10013452623261536,-0.04412977280513571,0.30449932736883695,0.30500000000000005,0.010000000000000064,30,30,340471.88,291649.24,
2026-08-27T04:33:19.605924+00:00,KXBTC15M-26AUG270045-45,2026-08-27T04:45:00Z,11.67,78790.03,78721.16,0.27,5469.48,0.28,605.22,14757.95,16588.86,43053.54,31119.86,123213.79000000001,111816.11,0.8007407773223368,-0.05840817614296318,0.2790037038866117,0.275,0.010000000000000009,30,30,373991.14,307786.14,
2026-08-27T04:33:39.726963+00:00,KXBTC15M-26AUG270045-45,2026-08-27T04:45:00Z,11.34,78790.03,78721.14,0.26,6380.67,0.27,762.13,20087.13,17745.44,51780.77,32795.54,126536.0,111114.51,0.7866018928151425,0.061896138697424004,0.2689330094640757,0.265,0.010000000000000009,30,30,426313.55,337893.82,
2026-08-27T04:33:59.847565+00:00,KXBTC15M-26AUG270045-45,2026-08-27T04:45:00Z,11.0,78790.03,78722.72,0.28,698.47,0.29000000000000004,3600.49,9831.72,22478.52,31103.36,36203.22,118575.38,124462.49,-0.675051640396747,-0.39141770534666415,0.2816247417980163,0.28500000000000003,0.010000000000000009,30,30,426313.55,337893.82,
2026-08-27T04:34:19.983320+00:00,KXBTC15M-26AUG270045-45,2026-08-27T04:45:00Z,10.67,78790.03,78710.51,0.24,5232.35,0.25,3868.38,19004.32,16473.7,45077.75,34748.69,113360.98999999999,98533.07,0.14987479026407774,0.07132923426955616,0.2457493739513204,0.245,0.010000000000000009,30,30,450909.03,352298.05,
2026-08-27T04:34:40.096637+00:00,KXBTC15M-26AUG270045-45,2026-08-27T04:45:00Z,10.33,78790.03,78687.01,0.17,2980.02,0.18000000000000005,5294.82,25720.489999999998,16254.94,100401.84,31313.11,100405.84,93620.19,-0.2797395478341575,0.22550215685699937,0.17360130226082923,0.17500000000000004,0.010000000000000037,30,30,450909.03,352298.05,
2026-08-27T04:35:00.306517+00:00,KXBTC15M-26AUG270045-45,2026-08-27T04:45:00Z,10.0,78790.03,78696.02,0.18,5790.82,0.18999999999999995,6184.74,25354.84,18937.94,68355.17,34341.11,94549.13,100654.69,-0.03289366008771198,0.1448746274223474,0.1848355316995614,0.18499999999999997,0.009999999999999953,30,30,496782.45,371008.53,
2026-08-27T04:35:20.572952+00:00,KXBTC15M-26AUG270045-45,2026-08-27T04:45:00Z,9.66,78790.03,78690.58,0.15,3484.0,0.16000000000000003,4787.62,29609.22,17616.02,88249.12,33288.090000000004,88249.12,96313.1,-0.15760153391959497,0.25395741768596625,0.15421199233040206,0.15500000000000003,0.010000000000000037,30,30,579372.48,406130.25,
2026-08-27T04:35:40.715398+00:00,KXBTC15M-26AUG270045-45,2026-08-27T04:45:00Z,9.32,78790.03,78687.01,0.14,4112.42,0.15000000000000002,2327.26,36046.91,14042.06,87485.76,29938.03,87485.76,91652.88,0.2772125322997416,0.4393152823865215,0.14638606266149873,0.14500000000000002,0.010000000000000009,30,30,579372.48,406130.25,
2026-08-27T04:36:00.936850+00:00,KXBTC15M-26AUG270045-45,2026-08-27T04:45:00Z,8.99,78790.03,78689.26,0.15,1199.16,0.16000000000000003,7200.43,31309.69,22107.510000000002,95103.4,37802.58,95103.4,103188.36,-0.714471777789154,0.1722699804557333,0.15142764111105422,0.15500000000000003,0.010000000000000037,30,30,630855.10,422838.20,
2026-08-27T04:36:21.106153+00:00,KXBTC15M-26AUG270045-45,2026-08-27T04:45:00Z,8.65,78790.03,78722.76,0.3,3918.67,0.31000000000000005,1009.85,20471.67,8822.44,40389.06,21819.54,98566.63,81626.23,0.5902015209434069,0.39766458171966984,0.30795100760471705,0.30500000000000005,0.010000000000000064,30,30,716075.75,424770.09,
2026-08-27T04:36:41.227098+00:00,KXBTC15M-26AUG270045-45,2026-08-27T04:45:00Z,8.31,78790.03,78692.66,0.2,31.01,0.20999999999999996,5779.31,11690.54,16734.08,42522.98,32307.67,76296.16,88606.82,-0.9893258891076566,-0.17743561743305628,0.2000533705544617,0.205,0.009999999999999953,30,30,716075.75,424770.09,
2026-08-27T04:37:01.375068+00:00,KXBTC15M-26AUG270045-45,2026-08-27T04:45:00Z,7.98,78790.03,78674.05,0.14,4674.24,0.15000000000000002,5273.38,36806.33,22592.21,80709.57,36788.21,80709.57,89434.31,-0.06022948202685671,0.23930083129989393,0.14469885258986573,0.14500000000000002,0.010000000000000009,30,30,716075.75,424770.09,
2026-08-27T04:37:21.642665+00:00,KXBTC15M-26AUG270045-45,2026-08-27T04:45:00Z,7.64,78790.03,78670.0,0.17,1812.89,0.18000000000000005,2577.9,18460.38,15659.16,63633.92,28246.36,84286.9,81141.68,-0.17423060542635835,0.08210016899407205,0.17412884697286823,0.17500000000000004,0.010000000000000037,30,30,806457.32,426997.86,
2026-08-27T04:37:41.766040+00:00,KXBTC15M-26AUG270045-45,2026-08-27T04:45:00Z,7.3,78790.03,78701.49,0.15,3598.21,0.16000000000000003,5363.29,27984.26,19582.32,55898.47,33190.32,55898.47,86429.84,-0.19696256207108184,0.1766353603727659,0.1540151871896446,0.15500000000000003,0.010000000000000037,30,30,862622.59,445689.74,
2026-08-27T04:38:01.979881+00:00,KXBTC15M-26AUG270045-45,2026-08-27T04:45:00Z,6.97,78790.03,78708.83,0.15,4637.28,0.16000000000000003,2889.31,27909.62,21221.989999999998,77206.85,34830.99,77206.85,87622.51,0.23223930093176323,0.13611664669649542,0.15616119650465882,0.15500000000000003,0.010000000000000037,30,30,862622.59,445689.74,
2026-08-27T04:38:22.109888+00:00,KXBTC15M-26AUG270045-45,2026-08-27T04:45:00Z,6.63,78790.03,78694.91,0.12,3825.88,0.13,2343.94,35954.98,19183.6,62639.72,37030.0,62639.72,91690.72,0.24019177220729293,0.3041677895948718,0.1262009588610365,0.125,0.010000000000000009,30,30,905725.56,459229.63,
2026-08-27T04:38:42.292918+00:00,KXBTC15M-26AUG270045-45,2026-08-27T04:45:00Z,6.3,78790.03,78690.64,0.12,2397.31,0.13,6385.75,28773.39,20323.85,58275.9,36769.67,58275.9,92404.22,-0.4541059721782614,0.1720980649828789,0.1227294701391087,0.125,0.010000000000000009,30,30,905725.56,459229.63,
2026-08-27T04:39:02.569352+00:00,KXBTC15M-26AUG270045-45,2026-08-27T04:45:00Z,5.96,78790.03,78722.23,0.18,282.7,0.18999999999999995,4161.91,16418.2,18233.87,50443.94,33958.07,64660.43,91211.18,-0.8727897385822379,-0.05239715838043725,0.1806360513070888,0.18499999999999997,0.009999999999999953,30,30,947811.10,462144.23,
2026-08-27T04:39:22.847375+00:00,KXBTC15M-26AUG270045-45,2026-08-27T04:45:00Z,5.62,78790.03,78727.35,0.15,1292.73,0.16000000000000003,4252.18,24724.56,19284.21,61189.81,34483.63,61189.81,88718.13,-0.5337237213949371,0.12361967853225622,0.15233138139302532,0.15500000000000003,0.010000000000000037,30,30,998268.48,470321.50,
2026-08-27T04:39:42.974438+00:00,KXBTC15M-26AUG270045-45,2026-08-27T04:45:00Z,5.28,78790.03,78741.96,0.24,4636.49,0.25,805.55,19755.27,11054.48,37047.909999999996,33464.5,88521.19,90885.95,0.7039529294161747,0.2824037845162652,0.24851976464708084,0.245,0.010000000000000009,30,30,998268.48,470321.50,
2026-08-27T04:40:03.260290+00:00,KXBTC15M-26AUG270045-45,2026-08-27T04:45:00Z,4.95,78790.03,78740.37,0.16,3138.14,0.17000000000000004,533.21,24406.079999999998,21887.34,62084.9,44490.97,64584.9,103803.71,0.7095291922589783,0.05440816427042975,0.16854764596129493,0.16500000000000004,0.010000000000000037,30,30,1038187.24,473611.41,
2026-08-27T04:40:23.474484+00:00,KXBTC15M-26AUG270045-45,2026-08-27T04:45:00Z,4.61,78790.03,78734.39,0.14,1456.02,0.15000000000000002,4906.1,28766.56,17378.49,58917.380000000005,35549.26,58917.380000000005,94476.96,-0.5422846472559462,0.24678855045124015,0.14228857676372028,0.14500000000000002,0.010000000000000009,30,30,1094841.27,469268.31,
2026-08-27T04:40:43.582624+00:00,KXBTC15M-26AUG270045-45,2026-08-27T04:45:00Z,4.27,78790.03,78732.73,0.15,2522.01,0.16000000000000003,5256.11,24576.38,19618.91,59349.7,37917.63,59349.7,97053.94,-0.3515116763433837,0.11217190791145394,0.1532424416182831,0.15500000000000003,0.010000000000000037,30,30,1094841.27,469268.31,
2026-08-27T04:41:03.687303+00:00,KXBTC15M-26AUG270045-45,2026-08-27T04:45:00Z,3.94,78790.03,78727.36,0.095,119.01,0.09999999999999998,50.01,38905.7,9171.55,38905.7,26313.32,38905.7,88322.96,0.4082357117500887,0.6184661144304219,0.09852058927937521,0.09749999999999999,0.004999999999999977,30,30,1129234.32,481583.80,
2026-08-27T04:41:23.823586+00:00,KXBTC15M-26AUG270045-45,2026-08-27T04:45:00Z,3.6,78790.03,78727.5,0.09,6232.84,0.09099999999999997,691.26,143094.35,47125.85,143094.35,60786.62,143094.35,107295.65,0.8003321731344145,0.5045126647958523,0.09090016608656717,0.09049999999999998,0.0009999999999999731,30,30,1178968.74,485252.13,
2026-08-27T04:41:44.039331+00:00,KXBTC15M-26AUG270045-45,2026-08-27T04:45:00Z,3.27,78790.03,78727.5,0.068,1278.77,0.06899999999999995,191.02,68329.17,12853.57,68329.17,12853.57,68329.17,12853.57,0.7400717109246899,0.6833422966507413,0.06887003585546231,0.06849999999999998,0.0009999999999999454,30,30,1178968.74,485252.13,
2026-08-27T04:42:04.249753+00:00,KXBTC15M-26AUG270045-45,2026-08-27T04:45:00Z,2.93,78790.03,78742.59,0.13,5940.88,0.14,660.08,48338.55,36022.95,147928.22999999998,53509.98,147928.22999999998,124285.03,0.8000048477797169,0.14598602443057562,0.1390000242388986,0.135,0.010000000000000009,30,30,1244390.10,491296.56,
2026-08-27T04:42:24.399569+00:00,KXBTC15M-26AUG270045-45,2026-08-27T04:45:00Z,2.59,78790.03,78749.49,0.11,2184.29,0.12,7306.43,54266.03,22678.48,56581.03,40559.95,56581.03,109244.44,-0.539699833100123,0.4105237657631454,0.11230150083449938,0.11499999999999999,0.009999999999999995,30,30,1287059.51,496604.37,
2026-08-27T04:42:44.513934+00:00,KXBTC15M-26AUG270045-45,2026-08-27T04:45:00Z,2.26,78790.03,78753.14,0.1,2590.2,0.10999999999999999,4066.51,124367.25,23324.06,126367.25,58099.65,126367.25,126847.39,-0.22177772503233587,0.6841512205423597,0.10389111137483834,0.105,0.009999999999999981,30,30,1287059.51,496604.37,
2026-08-27T04:43:04.724779+00:00,KXBTC15M-26AUG270045-45,2026-08-27T04:45:00Z,1.92,78790.03,78765.0,0.19,1.01,0.19999999999999996,3996.91,4419.48,14767.46,43843.12,29420.09,56504.12,96055.29,-0.9994947372633769,-0.5393241444440854,0.1900025263136831,0.19499999999999998,0.009999999999999953,30,30,1391734.49,493374.45,
2026-08-27T04:43:24.913592+00:00,KXBTC15M-26AUG270045-45,2026-08-27T04:45:00Z,1.59,78790.03,78771.53,0.45,7458.49,0.45999999999999996,336.01,37928.13,12630.7,53075.17,48944.55,124360.85,121299.93000000001,0.9137827955609724,0.5003563175809249,0.4595689139778048,0.45499999999999996,0.009999999999999953,30,30,1391734.49,493374.45,
2026-08-27T04:43:45.058684+00:00,KXBTC15M-26AUG270045-45,2026-08-27T04:45:00Z,1.25,78790.03,78783.23,0.51,7713.19,0.52,3463.06,14182.289999999999,20174.21,41579.159999999996,50789.21,96764.26,106682.47,0.38028229504529687,-0.17440426120239255,0.5169014114752265,0.515,0.010000000000000009,30,30,1477998.73,472964.76,
2026-08-27T04:44:05.353620+00:00,KXBTC15M-26AUG270045-45,2026-08-27T04:45:00Z,0.91,78790.03,78797.04,0.84,1585.23,0.86,2198.01,31122.91,19239.13,41858.380000000005,155581.65,89296.32,155581.65,-0.16197227773019957,0.23596701007346008,0.848380277222698,0.85,0.020000000000000018,30,30,1902750.87,381044.27,
2026-08-27T04:44:25.494741+00:00,KXBTC15M-26AUG270045-45,2026-08-27T04:45:00Z,0.58,78790.03,78796.67,0.971,1225.53,0.976,44.98,43811.8,113325.47,43811.8,113325.47,43811.8,113325.47,0.9291937883212253,-0.44237544663974365,0.9758229844708031,0.9735,0.0050000000000000044,30,21,1902750.87,381044.27,
2026-08-27T04:44:45.671298+00:00,KXBTC15M-26AUG270045-45,2026-08-27T04:45:00Z,0.24,78790.03,78798.7,0.999,43468.02,,0.0,137581.13,0,137581.13,0,137581.13,0,1.0,1.0,,,,30,0,2193716.52,356469.81,
2026-08-27T04:45:25.879508+00:00,KXBTC15M-26AUG270100-00,2026-08-27T05:00:00Z,14.57,78802.44,78799.12,0.5,6224.33,0.51,6658.07,34989.62,31073.739999999998,75718.08,66069.74,187846.16,181268.05,-0.033669192076010664,0.05927461152445175,0.5048316540396199,0.505,0.010000000000000009,30,30,873.69,862.69,
2026-08-27T04:45:45.982405+00:00,KXBTC15M-26AUG270100-00,2026-08-27T05:00:00Z,14.23,78802.44,78764.25,0.34,8393.68,0.35,11028.47,27067.190000000002,36736.83,68137.19,78960.83,189532.66,161726.18,-0.135659028480369,-0.15155220627164243,0.34432170485759817,0.345,0.009999999999999953,30,30,873.69,862.69,
2026-08-27T04:46:06.101608+00:00,KXBTC15M-26AUG270100-00,2026-08-27T05:00:00Z,13.9,78802.44,78771.96,0.38,8525.03,0.39,4.07,30446.420000000002,19052.01,72164.93000000001,51477.01,188634.35,126295.42,0.9990456202881899,0.23019740222063617,0.389995228101441,0.385,0.010000000000000009,30,30,73751.47,42806.87,
2026-08-27T04:46:26.366086+00:00,KXBTC15M-26AUG270100-00,2026-08-27T05:00:00Z,13.56,78802.44,78781.12,0.42,1566.0,0.43000000000000005,9661.51,23987.27,48515.270000000004,58793.97,66509.75,167524.39,156055.79,-0.7210423326276263,-0.3383053890249914,0.4213947883368619,0.42500000000000004,0.010000000000000064,30,30,212869.86,107786.02,
2026-08-27T04:46:46.501466+00:00,KXBTC15M-26AUG270100-00,2026-08-27T05:00:00Z,13.23,78802.44,78766.14,0.35,7415.92,0.36,13196.38,33720.36,31430.199999999997,79766.92,69794.4,180774.88,146930.21,-0.2804374087316796,0.03515180836511618,0.3535978129563415,0.355,0.010000000000000009,30,30,212869.86,107786.02,
2026-08-27T04:47:06.696589+00:00,KXBTC15M-26AUG270100-00,2026-08-27T05:00:00Z,12.89,78802.44,78772.08,0.36,2682.01,0.38,8370.25,15479.06,35292.98,45615.06,53025.840000000004,157821.07,126101.77,-0.5146675883484464,-0.3902525878416547,0.36485332411651555,0.37,0.020000000000000018,30,30,310566.73,153576.29,
2026-08-27T04:47:26.882251+00:00,KXBTC15M-26AUG270100-00,2026-08-27T05:00:00Z,12.55,78802.44,78742.6,0.28,7870.06,0.29000000000000004,4737.86,32017.41,46480.270000000004,76729.77,67228.57,157304.74,141607.14,0.24843114486767054,-0.18424570000030577,0.28624215572433837,0.28500000000000003,0.010000000000000009,30,30,310566.73,153576.29,
2026-08-27T04:47:47.017155+00:00,KXBTC15M-26AUG270100-00,2026-08-27T05:00:00Z,12.22,78802.44,78715.01,0.17,3881.1,0.18000000000000005,8853.76,44338.03,49497.67,108637.42,70990.85,108637.42,153436.04,-0.39047622039033014,-0.05498589556000541,0.17304761889804837,0.17500000000000004,0.010000000000000037,30,30,374027.30,191848.26,
2026-08-27T04:48:07.219801+00:00,KXBTC15M-26AUG270100-00,2026-08-27T05:00:00Z,11.88,78802.44,78727.51,0.2,5454.76,0.20999999999999996,2904.29,28320.12,44078.18,88302.34,62004.18,118782.38,145745.33,0.3051148156788152,-0.2176578731821051,0.20652557407839406,0.205,0.009999999999999953,30,30,525592.66,296730.14,
2026-08-27T04:48:27.358788+00:00,KXBTC15M-26AUG270100-00,2026-08-27T05:00:00Z,11.54,78802.44,78723.13,0.18,10228.35,0.18999999999999995,784.44,51078.34,35619.93,105064.87999999999,56338.93,117650.87999999999,140752.31,0.8575401873639649,0.17830125099382027,0.18928770093681976,0.18499999999999997,0.009999999999999953,30,30,525592.66,296730.14,
2026-08-27T04:48:47.553189+00:00,KXBTC15M-26AUG270100-00,2026-08-27T05:00:00Z,11.21,78802.44,78715.0,0.16,5263.9,0.17000000000000004,5728.34,55027.52,42744.11,107194.8,59737.11,107194.8,142077.74,-0.04225162478257394,0.12563368330874708,0.16478874187608716,0.16500000000000004,0.010000000000000037,30,30,613345.21,355597.37,
2026-08-27T04:49:07.769300+00:00,KXBTC15M-26AUG270100-00,2026-08-27T05:00:00Z,10.87,78802.44,78712.39,0.16,9746.43,0.17000000000000004,1071.0,58467.52,42449.29,114271.72,62594.29,114271.72,143473.24,0.8019862388755925,0.15872707431001828,0.169009931194378,0.16500000000000004,0.010000000000000037,30,30,692322.87,410674.79,
2026-08-27T04:51:07.530463+00:00,KXBTC15M-26AUG270100-00,2026-08-27T05:00:00Z,8.88,78802.44,78692.66,0.11,5065.62,0.12,1139.47,56636.5,9888.22,58641.5,27045.71,58641.5,97814.06,0.6327305486302374,0.702720432344548,0.11816365274315116,0.11499999999999999,0.009999999999999995,30,30,857502.20,501946.23,
2026-08-27T04:51:27.730827+00:00,KXBTC15M-26AUG270100-00,2026-08-27T05:00:00Z,8.54,78802.44,78699.35,0.13,3795.58,0.14,2226.09,32444.7,15291.49,59734.05,31012.78,59734.05,103662.97,0.2606403207083749,0.35933345329822086,0.13630320160354187,0.135,0.010000000000000009,30,30,929375.06,536151.20,
2026-08-27T04:51:47.857404+00:00,KXBTC15M-26AUG270100-00,2026-08-27T05:00:00Z,8.2,78802.44,78689.31,0.096,0.23,0.09699999999999998,800.27,49145.07,9265.59,49145.07,21760.56,49145.07,85646.55,-0.9994253591505309,0.6827431842064444,0.09600028732042473,0.09649999999999999,0.0009999999999999731,30,30,929375.06,536151.20,
2026-08-27T04:52:08.201997+00:00,KXBTC15M-26AUG270100-00,2026-08-27T05:00:00Z,7.87,78802.44,78699.35,0.11,3453.85,0.12,2268.27,51932.3,9705.380000000001,51932.3,30111.73,51932.3,101334.34,0.20719243916590355,0.6850828908550742,0.11603596219582953,0.11499999999999999,0.009999999999999995,30,30,966587.88,549777.46,
2026-08-27T04:52:28.320215+00:00,KXBTC15M-26AUG270100-00,2026-08-27T05:00:00Z,7.53,78802.44,78698.96,0.1,5778.57,0.10999999999999999,2221.88,47561.02,8998.3,47561.02,29549.15,47561.02,100141.06999999999,0.44456124343005704,0.6818101773500814,0.10722280621715027,0.105,0.009999999999999981,30,30,1025785.20,577790.52,
2026-08-27T04:52:48.445530+00:00,KXBTC15M-26AUG270100-00,2026-08-27T05:00:00Z,7.19,78802.44,78694.66,0.1,6152.42,0.10999999999999999,2999.86,53027.38,10280.28,53027.38,30826.13,53027.38,101069.66,0.3444562447827208,0.6752279266047743,0.10672228122391358,0.105,0.009999999999999981,30,30,1025785.20,577790.52,
2026-08-27T04:53:08.604316+00:00,KXBTC15M-26AUG270100-00,2026-08-27T05:00:00Z,6.86,78802.44,78719.89,0.14,1757.02,0.15000000000000002,3965.47,14793.17,22406.42,47803.85,38590.32,47803.85,111212.74,-0.38592465867131265,-0.20465951372044688,0.14307037670664347,0.14500000000000002,0.010000000000000009,30,30,1061939.76,596547.79,
2026-08-27T04:53:28.802649+00:00,KXBTC15M-26AUG270100-00,2026-08-27T05:00:00Z,6.52,78802.44,78692.67,0.098,48.02,0.09999999999999998,131.0,41152.36,14347.9,41152.36,33033.78,41152.36,102934.41,-0.4635236286448441,0.4829609807233335,0.09853647637135515,0.09899999999999999,0.001999999999999974,30,30,1117258.96,619385.75,
2026-08-27T04:53:48.936617+00:00,KXBTC15M-26AUG270100-00,2026-08-27T05:00:00Z,6.19,78802.44,78713.97,0.11,4951.91,0.12,4881.12,49624.65,13342.35,49624.65,34141.7,49624.65,106106.25,0.00719920512802259,0.5762113488017534,0.11503599602564012,0.11499999999999999,0.009999999999999995,30,30,1117258.96,619385.75,
2026-08-27T04:54:09.059488+00:00,KXBTC15M-26AUG270100-00,2026-08-27T05:00:00Z,5.85,78802.44,78713.97,0.11,5370.67,0.12,173.0,44575.95,9502.69,52947.95,30448.1,52947.95,102341.15,0.937586472499265,0.6485603188245858,0.11968793236249632,0.11499999999999999,0.009999999999999995,30,30,1168550.52,636265.61,
2026-08-27T04:54:29.216771+00:00,KXBTC15M-26AUG270100-00,2026-08-27T05:00:00Z,5.51,78802.44,78713.97,0.1,3326.17,0.10999999999999999,3151.62,42614.48,12467.66,42614.48,33742.57,42614.48,103452.14,0.026945918283859185,0.5473066224369643,0.1051347295914193,0.105,0.009999999999999981,30,30,1168550.52,636265.61,
2026-08-27T04:54:49.340689+00:00,KXBTC15M-26AUG270100-00,2026-08-27T05:00:00Z,5.18,78802.44,78722.23,0.1,4255.01,0.10999999999999999,329.34,41460.7,11023.35,41460.7,32009.26,41460.7,101713.17,0.856319870865008,0.579935237467383,0.10928159935432503,0.105,0.009999999999999981,30,30,1208876.83,654023.32,
2026-08-27T04:55:09.543364+00:00,KXBTC15M-26AUG270100-00,2026-08-27T05:00:00Z,4.84,78802.44,78736.05,0.14,6103.73,0.15000000000000002,338.37,17529.84,18742.600000000002,53586.75,35303.5,53586.75,104365.1,0.8949504043712454,-0.03343475101206321,0.14947475202185626,0.14500000000000002,0.010000000000000009,30,30,1257151.26,677308.78,
2026-08-27T04:55:29.668882+00:00,KXBTC15M-26AUG270100-00,2026-08-27T05:00:00Z,4.51,78802.44,78734.08,0.1,5219.37,0.10999999999999999,1712.65,47052.25,16038.61,47052.25,33508.94,47052.25,101219.66,0.5058727470492006,0.4915710453146462,0.10752936373524599,0.105,0.009999999999999981,30,30,1257151.26,677308.78,
2026-08-27T04:55:49.791356+00:00,KXBTC15M-26AUG270100-00,2026-08-27T05:00:00Z,4.17,78802.44,78731.94,0.1,4091.41,0.10999999999999999,4752.43,37411.86,15225.32,37411.86,35778.65,37411.86,104628.61,-0.07474355031298627,0.4214994040334228,0.10462628224843507,0.105,0.009999999999999981,30,30,1285847.47,684757.60,
2026-08-27T04:56:09.930291+00:00,KXBTC15M-26AUG270100-00,2026-08-27T05:00:00Z,3.84,78802.44,78729.96,0.095,1168.01,0.09699999999999998,3.94,44260.33,9881.58,44260.33,23615.39,44260.33,84436.89,0.9932761636588591,0.6349748281876276,0.09699327616365884,0.09599999999999999,0.001999999999999974,30,30,1285847.47,684757.60,
2026-08-27T04:56:30.097100+00:00,KXBTC15M-26AUG270100-00,2026-08-27T05:00:00Z,3.5,78802.44,78735.09,0.068,0.02,0.07199999999999995,5.02,51326.54,19774.4,51326.54,25084.3,51326.54,25084.3,-0.9920634920634922,0.44376544107574384,0.06801587301587303,0.06999999999999998,0.003999999999999948,30,30,1317478.72,691366.10,
2026-08-27T04:56:50.218932+00:00,KXBTC15M-26AUG270100-00,2026-08-27T05:00:00Z,3.16,78802.44,78722.85,0.044,2705.08,0.04500000000000004,0.02,74935.35,9681.61,74935.35,9681.61,74935.35,9681.61,0.9999852131159661,0.7711662059237298,0.04499999260655802,0.04450000000000002,0.0010000000000000425,30,30,1403102.89,665719.88,
2026-08-27T04:57:10.340461+00:00,KXBTC15M-26AUG270100-00,2026-08-27T05:00:00Z,2.83,78802.44,78731.54,0.036,69.01,0.03700000000000003,698.02,91540.41,30853.78,91540.41,30853.78,91540.41,30853.78,-0.8200591893407038,0.495829336343498,0.03608997040532965,0.03650000000000002,0.0010000000000000356,30,30,1403102.89,665719.88,
2026-08-27T04:57:30.457120+00:00,KXBTC15M-26AUG270100-00,2026-08-27T05:00:00Z,2.49,78802.44,78730.14,0.021,109.02,0.02200000000000002,411.22,236722.8,23185.66,236722.8,23185.66,236722.8,23185.66,-0.5808857450407505,0.8215859537623361,0.02120955712747963,0.021500000000000012,0.0010000000000000182,20,30,1488467.99,651036.37,
2026-08-27T04:57:50.835534+00:00,KXBTC15M-26AUG270100-00,2026-08-27T05:00:00Z,2.16,78802.44,78741.95,0.028,130.75,0.029000000000000026,4215.59,231739.27,25270.31,231739.27,25270.31,231739.27,25270.31,-0.9398344354100231,0.803351221382487,0.02803008278229499,0.02850000000000001,0.0010000000000000252,25,30,1488467.99,651036.37,
2026-08-27T04:58:11.099436+00:00,KXBTC15M-26AUG270100-00,2026-08-27T05:00:00Z,1.82,78802.44,78749.26,0.03,10.02,0.031000000000000028,708.02,219905.23,24018.76,219905.23,24018.76,219905.23,24018.76,-0.9720906913263886,0.8030635691060973,0.030013954654336802,0.030500000000000013,0.0010000000000000286,26,30,1590506.63,663844.76,
2026-08-27T04:58:31.433466+00:00,KXBTC15M-26AUG270100-00,2026-08-27T05:00:00Z,1.48,78802.44,78749.26,0.017,0.02,0.018000000000000016,2474.02,124244.16,14531.71,124244.16,14531.71,124244.16,14531.71,-0.9999838321126578,0.7905729576762878,0.017000008083943672,0.01750000000000001,0.0010000000000000148,17,30,1590506.63,663844.76,
2026-08-27T04:58:51.647587+00:00,KXBTC15M-26AUG270100-00,2026-08-27T05:00:00Z,1.14,78802.44,78759.25,0.013,27.02,0.014000000000000012,783.47,97434.18,32676.22,97434.18,32676.22,97434.18,32676.22,-0.9333242853088872,0.4977154785474489,0.013033337857345556,0.013500000000000005,0.001000000000000013,11,30,1651973.34,674998.93,
2026-08-27T04:59:11.963374+00:00,KXBTC15M-26AUG270100-00,2026-08-27T05:00:00Z,0.8,78802.44,78766.27,0.007,180.04,0.008000000000000007,2.02,89872.47,22527.12,89872.47,22527.12,89872.47,22527.12,0.9778095133472481,0.5991601036978872,0.00798890475667363,0.007500000000000003,0.001000000000000007,7,30,1753256.68,695891.02,
2026-08-27T04:59:32.118412+00:00,KXBTC15M-26AUG270100-00,2026-08-27T05:00:00Z,0.47,78802.44,78765.28,,0.0,0.0010000000000000009,18460.52,0,77891.16,0,77891.16,0,77891.16,-1.0,-1.0,,,,0,30,1753256.68,695891.02,
2026-08-27T05:00:12.379514+00:00,KXBTC15M-26AUG270115-15,2026-08-27T05:15:00Z,14.8,78767.09,78759.26,0.5,7448.62,0.51,621.29,22684.2,15728.28,46263.2,39017.28,159846.0,154814.28,0.8460230659325817,0.18108489740834227,0.5092301153296629,0.505,0.010000000000000009,30,30,2.00,2.00,
2026-08-27T05:00:32.577106+00:00,KXBTC15M-26AUG270115-15,2026-08-27T05:15:00Z,14.46,78767.09,78759.38,0.52,4087.94,0.53,2364.3,15206.22,23006.77,34521.3,46569.770000000004,130676.27,141752.57,0.2671382341636393,-0.20413346351594056,0.5263356911708182,0.525,0.010000000000000009,30,30,2.00,2.00,
2026-08-27T05:00:52.693759+00:00,KXBTC15M-26AUG270115-15,2026-08-27T05:15:00Z,14.12,78767.09,78759.38,0.42,2526.05,0.43000000000000005,5877.46,25599.55,23341.29,49042.56,42366.26,160175.55,123151.64,-0.39881073503809716,0.04614264896148081,0.4230059463248095,0.42500000000000004,0.010000000000000064,30,30,83005.12,54894.45,
2026-08-27T05:01:12.827206+00:00,KXBTC15M-26AUG270115-15,2026-08-27T05:15:00Z,13.79,78767.09,78758.35,0.46,5272.78,0.47,3318.66,20533.47,17860.43,46850.25,34014.0,146533.96,131088.14,0.22744964755617222,0.06962147632827091,0.46613724823778085,0.46499999999999997,0.009999999999999953,30,30,83005.12,54894.45,
2026-08-27T05:01:33.026260+00:00,KXBTC15M-26AUG270115-15,2026-08-27T05:15:00Z,13.45,78767.09,78758.35,0.47,2360.78,0.48,2841.49,16962.04,19635.93,43603.08,38864.5,139337.61000000002,132203.21,-0.09240389291597698,-0.0730611561242331,0.47453798053542007,0.475,0.010000000000000009,30,30,155859.91,93339.58,
2026-08-27T05:01:53.191898+00:00,KXBTC15M-26AUG270115-15,2026-08-27T05:15:00Z,13.11,78767.09,78757.4,0.48,5542.48,0.49,1576.81,21525.26,17077.9,46475.04,33349.9,139274.51,128451.38,0.5570316702929646,0.11520714884480951,0.4877851583514648,0.485,0.010000000000000009,30,30,236961.30,136343.52,
2026-08-27T05:02:13.384986+00:00,KXBTC15M-26AUG270115-15,2026-08-27T05:15:00Z,12.78,78767.09,78754.21,0.45,261.56,0.45999999999999996,4398.63,17653.29,19994.82,37205.9,36308.24,137347.01,128825.61,-0.8877470661067466,-0.062195154019683827,0.4505612646694663,0.45499999999999996,0.009999999999999953,30,30,236961.30,136343.52,
2026-08-27T05:02:33.524817+00:00,KXBTC15M-26AUG270115-15,2026-08-27T05:15:00Z,12.44,78767.09,78753.01,0.45,1311.56,0.45999999999999996,3778.65,20695.079999999998,22272.77,40630.69,40949.62,140332.07,130552.95,-0.48467352034591893,-0.03671791816439506,0.45257663239827045,0.45499999999999996,0.009999999999999953,30,30,236961.30,136343.52,
2026-08-27T05:02:53.651957+00:00,KXBTC15M-26AUG270115-15,2026-08-27T05:15:00Z,12.11,78767.09,78753.93,0.46,1416.02,0.47,6467.13,14835.29,20597.18,38852.58,39011.03,138610.0,131246.12,-0.6407476706646456,-0.1626160976076463,0.4617962616466768,0.46499999999999997,0.009999999999999953,30,30,294544.81,171937.35,
2026-08-27T05:03:13.890424+00:00,KXBTC15M-26AUG270115-15,2026-08-27T05:15:00Z,11.77,78767.09,78740.03,0.4,5116.73,0.41000000000000003,438.08,20671.23,23647.47,43931.42,40914.04,163335.06,123570.55,0.8422700326383801,-0.0671553994137915,0.40921135016319193,0.405,0.010000000000000009,30,30,342779.77,200414.99,
2026-08-27T05:03:34.025214+00:00,KXBTC15M-26AUG270115-15,2026-08-27T05:15:00Z,11.43,78767.09,78740.03,0.39,4488.11,0.4,1659.32,27221.67,17357.5,46102.86,39362.07,176881.68,118389.97,0.46015814738842087,0.2212730743977512,0.39730079073694213,0.395,0.010000000000000009,30,30,342779.77,200414.99,
2026-08-27T05:03:54.177207+00:00,KXBTC15M-26AUG270115-15,2026-08-27T05:15:00Z,11.1,78767.09,78740.04,0.36,6032.78,0.37,23.21,23556.65,15126.28,47840.53,41869.6,155175.35,115383.06,0.9923348618475262,0.21793514607088968,0.3699616743092376,0.365,0.010000000000000009,30,30,393283.36,230832.77,
2026-08-27T05:04:14.404767+00:00,KXBTC15M-26AUG270115-15,2026-08-27T05:15:00Z,10.76,78767.09,78738.0,0.32,463.79,0.32999999999999996,3487.37,7335.34,16970.54,30102.899999999998,33382.7,112096.91,109583.98,-0.7652385628524282,-0.3964143655773829,0.32117380718573785,0.32499999999999996,0.009999999999999953,30,30,439070.73,255422.33,
2026-08-27T05:04:34.639230+00:00,KXBTC15M-26AUG270115-15,2026-08-27T05:15:00Z,10.42,78767.09,78703.01,0.2,8789.32,0.20999999999999996,763.0,18427.25,11649.3,56016.09,26535.3,97488.45,95511.23,0.8402482328900204,0.22535663166154365,0.20920124116445005,0.205,0.009999999999999953,30,30,439070.73,255422.33,
2026-08-27T05:04:54.825099+00:00,KXBTC15M-26AUG270115-15,2026-08-27T05:15:00Z,10.09,78767.09,78675.84,0.16,3555.14,0.17000000000000004,1907.74,20488.04,17505.28,70124.57,30704.38,70124.57,94743.5,0.3015625457634068,0.07850748499999478,0.16650781272881704,0.16500000000000004,0.010000000000000037,30,30,535682.26,309180.55,
2026-08-27T05:05:15.037474+00:00,KXBTC15M-26AUG270115-15,2026-08-27T05:15:00Z,9.75,78767.09,78664.65,0.16,5161.03,0.18000000000000005,4438.93,20475.93,17010.2,68656.61,31868.2,68656.61,97401.43,0.07521906341276417,0.09245366219452365,0.1707521906341277,0.17000000000000004,0.020000000000000046,30,30,535682.26,309180.55,
2026-08-27T05:05:35.159286+00:00,KXBTC15M-26AUG270115-15,2026-08-27T05:15:00Z,9.41,78767.09,78651.11,0.15,2871.74,0.16000000000000003,3637.38,18169.0,17377.75,74477.92,31288.85,74477.92,92351.34,-0.11762573128164795,0.02225941893422043,0.15441187134359177,0.15500000000000003,0.010000000000000037,30,30,645996.20,361531.68,
2026-08-27T05:05:55.284334+00:00,KXBTC15M-26AUG270115-15,2026-08-27T05:15:00Z,9.08,78767.09,78654.74,0.15,4382.19,0.16000000000000003,2692.07,18207.75,20106.9,74528.0,34665.0,74528.0,96867.71,0.2389112076740181,-0.04956720210154605,0.1561945560383701,0.15500000000000003,0.010000000000000037,30,30,715420.59,399407.42,
2026-08-27T05:06:15.453555+00:00,KXBTC15M-26AUG270115-15,2026-08-27T05:15:00Z,8.74,78767.09,78668.52,0.17,1121.09,0.18000000000000005,3948.35,7859.09,21617.739999999998,55664.5,37341.96,69485.55,102694.15,-0.5577065711400077,-0.46676152082839295,0.1722114671443,0.17500000000000004,0.010000000000000037,30,30,715420.59,399407.42,
2026-08-27T05:06:35.703271+00:00,KXBTC15M-26AUG270115-15,2026-08-27T05:15:00Z,8.41,78767.09,78655.54,0.15,1914.31,0.16000000000000003,1399.3,10677.06,15350.9,71587.11,29734.0,71587.11,92928.94,0.15542263573564785,-0.17956997013980353,0.15577711317867826,0.15500000000000003,0.010000000000000037,30,30,783818.43,437686.89,
2026-08-27T05:06:55.838615+00:00,KXBTC15M-26AUG270115-15,2026-08-27T05:15:00Z,8.07,78767.09,78643.36,0.12,3547.38,0.13,1441.56,38910.73,11224.82,53247.86,29208.0,53247.86,89626.63,0.4220976800683111,0.5522211285205807,0.12711048840034156,0.125,0.010000000000000009,30,30,783818.43,437686.89,
2026-08-27T05:07:15.997558+00:00,KXBTC15M-26AUG270115-15,2026-08-27T05:15:00Z,7.73,78767.09,78657.53,0.15,4434.97,0.16000000000000003,2540.24,15831.42,15874.46,61877.03,29435.559999999998,61877.03,91164.31,0.27163769979685204,-0.001357476909645752,0.1563581884989843,0.15500000000000003,0.010000000000000037,30,30,831387.73,460958.17,
2026-08-27T05:07:36.149488+00:00,KXBTC15M-26AUG270115-15,2026-08-27T05:15:00Z,7.4,78767.09,78674.63,0.17,4847.03,0.18000000000000005,1814.12,9639.65,17844.47,50086.63,34203.69,61805.909999999996,100310.19,0.4553132717323585,-0.2985294781131796,0.17727656635866182,0.17500000000000004,0.010000000000000037,30,30,878741.14,471502.72,
2026-08-27T05:07:56.271341+00:00,KXBTC15M-26AUG270115-15,2026-08-27T05:15:00Z,7.06,78767.09,78657.53,0.15,60.02,0.16000000000000003,2961.11,6934.08,24955.91,55533.03,38075.12,55533.03,101240.73,-0.9602665227911411,-0.565124981224516,0.1501986673860443,0.15500000000000003,0.010000000000000037,30,30,878741.14,471502.72,
2026-08-27T05:08:16.419411+00:00,KXBTC15M-26AUG270115-15,2026-08-27T05:15:00Z,6.73,78767.09,78657.54,0.15,2608.53,0.16000000000000003,2963.49,7884.83,23444.75,54508.5,38080.96,54508.5,100478.47,-0.06370400680543134,-0.4966526841406747,0.15468147996597284,0.15500000000000003,0.010000000000000037,30,30,909287.06,491377.30,
2026-08-27T05:08:36.636325+00:00,KXBTC15M-26AUG270115-15,2026-08-27T05:15:00Z,6.39,78767.09,78675.63,0.16,4039.04,0.17000000000000004,3601.79,9667.9,21410.16,63474.62,37258.479999999996,65474.62,101128.77,0.05722545849076605,-0.3778311773643529,0.16528612729245384,0.16500000000000004,0.010000000000000037,30,30,953361.33,505201.63,
2026-08-27T05:08:56.885336+00:00,KXBTC15M-26AUG270115-15,2026-08-27T05:15:00Z,6.05,78767.09,78685.91,0.15,5901.16,0.16000000000000003,2651.93,20123.92,21317.9,71469.2,36491.0,71469.2,98621.17,0.3798896071478261,-0.02881099333957831,0.15689944803573913,0.15500000000000003,0.010000000000000037,30,30,953361.33,505201.63,
2026-08-27T05:09:17.035413+00:00,KXBTC15M-26AUG270115-15,2026-08-27T05:15:00Z,5.72,78767.09,78702.51,0.18,4528.31,0.18999999999999995,19.33,13453.720000000001,7580.06,57018.77,23519.06,69759.07,93304.55,0.9914988873349694,0.2792489034305769,0.1899574944366748,0.18499999999999997,0.009999999999999953,30,30,953361.33,505201.63,
2026-08-27T05:09:37.188335+00:00,KXBTC15M-26AUG270115-15,2026-08-27T05:15:00Z,5.38,78767.09,78721.81,0.25,1278.3,0.26,2887.3,7135.3,14857.470000000001,17799.28,33245.37,68851.59,100967.71,-0.3862588822738621,-0.35112311909777627,0.25306870558863065,0.255,0.010000000000000009,30,30,984339.65,508228.24,
2026-08-27T05:09:58.302142+00:00,KXBTC15M-26AUG270115-15,2026-08-27T05:15:00Z,5.03,78767.09,78695.97,0.17,3547.04,0.18000000000000005,2558.09,10640.49,11233.05,63871.270000000004,24752.96,69872.27,87690.08,0.16198672264145067,-0.027090265224558964,0.1758099336132073,0.17500000000000004,0.010000000000000037,30,30,1035625.83,514388.54,
2026-08-27T05:10:18.492116+00:00,KXBTC15M-26AUG270115-15,2026-08-27T05:15:00Z,4.69,78767.09,78711.12,0.21,734.39,0.21999999999999997,1987.58,8348.78,12618.72,25728.34,30664.57,60989.62,93785.87,-0.46039816750368306,-0.2036456420651007,0.21269800916248158,0.21499999999999997,0.009999999999999981,30,30,1035625.83,514388.54,
2026-08-27T05:10:38.703163+00:00,KXBTC15M-26AUG270115-15,2026-08-27T05:15:00Z,4.36,78767.09,78682.8,0.11,2996.46,0.12,3249.24,54906.950000000004,14302.01,61108.950000000004,37931.4,61108.950000000004,88254.48,-0.04047264517988372,0.5867006237342679,0.11479763677410057,0.11499999999999999,0.009999999999999995,30,30,1066834.35,518594.01,
2026-08-27T05:10:58.865182+00:00,KXBTC15M-26AUG270115-15,2026-08-27T05:15:00Z,4.02,78767.09,78678.16,0.093,1869.1,0.09399999999999997,89.23,55799.7,10365.8,55799.7,29724.8,55799.7,69111.87,0.9088713342490795,0.6866705458282639,0.09395443566712453,0.09349999999999999,0.0009999999999999731,30,30,1131909.50,533965.59,
2026-08-27T05:11:19.033609+00:00,KXBTC15M-26AUG270115-15,2026-08-27T05:15:00Z,3.68,78767.09,78672.94,0.068,0.03,0.06899999999999995,243.33,51901.02,6583.07,51901.02,6583.07,51901.02,6583.07,-0.9997534516765286,0.7748765518964218,0.06800012327416173,0.06849999999999998,0.0009999999999999454,30,30,1131909.50,533965.59,
2026-08-27T05:11:39.180837+00:00,KXBTC15M-26AUG270115-15,2026-08-27T05:15:00Z,3.35,78767.09,78663.09,0.05,3383.85,0.051000000000000045,233.96,68752.02,9421.67,68752.02,9421.67,68752.02,9421.67,0.8706620856263872,0.7589554746616157,0.05093533104281324,0.050500000000000024,0.0010000000000000425,30,30,1206749.24,521632.39,
2026-08-27T05:11:59.333436+00:00,KXBTC15M-26AUG270115-15,2026-08-27T05:15:00Z,3.01,78767.09,78665.65,0.033,1003.03,0.03400000000000003,251.04,195866.0,18396.43,195866.0,18396.43,195866.0,18396.43,0.599639573548526,0.8282813277157364,0.033799819786774286,0.033500000000000016,0.0010000000000000286,30,30,1206749.24,521632.39,
2026-08-27T05:12:19.457196+00:00,KXBTC15M-26AUG270115-15,2026-08-27T05:15:00Z,2.68,78767.09,78668.78,0.026,43.06,0.028000000000000025,2115.21,179642.43,39191.45,179642.43,39191.45,179642.43,39191.45,-0.9600976708196843,0.6418155177799707,0.02603990232918032,0.02700000000000001,0.002000000000000026,23,30,1276255.71,504133.53,
2026-08-27T05:12:39.705369+00:00,KXBTC15M-26AUG270115-15,2026-08-27T05:15:00Z,2.34,78767.09,78664.82,0.023,77.53,0.02400000000000002,175.02,167936.18,42715.54,167936.18,42715.54,167936.18,42715.54,-0.3860225697881608,0.5944439475737486,0.023306988715105923,0.02350000000000001,0.0010000000000000217,20,30,1354317.86,516013.94,
2026-08-27T05:12:59.848204+00:00,KXBTC15M-26AUG270115-15,2026-08-27T05:15:00Z,2.0,78767.09,78678.15,0.019,0.02,0.020000000000000018,1964.72,161406.96,37508.4,161406.96,37508.4,161406.96,37508.4,-0.9999796410721011,0.6228707526658576,0.01900001017946395,0.01950000000000001,0.0010000000000000182,18,30,1354317.86,516013.94,
2026-08-27T05:13:19.975579+00:00,KXBTC15M-26AUG270115-15,2026-08-27T05:15:00Z,1.67,78767.09,78678.15,0.012,2975.34,0.013000000000000012,5447.89,145940.07,42090.14,145940.07,42090.14,145940.07,42090.14,-0.293539414215212,0.5523044940491211,0.012353230292892401,0.012500000000000006,0.0010000000000000113,12,30,1408698.32,526098.68,
2026-08-27T05:13:40.119467+00:00,KXBTC15M-26AUG270115-15,2026-08-27T05:15:00Z,1.33,78767.09,78679.0,0.005,8872.63,0.006000000000000005,500.0,85721.08,49285.63,85721.08,49299.68,85721.08,49299.68,0.89330636118144,0.2698788082459013,0.005946653180590725,0.005500000000000003,0.0010000000000000052,5,30,1408698.32,526098.68,
2026-08-27T05:14:00.251319+00:00,KXBTC15M-26AUG270115-15,2026-08-27T05:15:00Z,1.0,78767.09,78650.01,,0.0,0.0010000000000000009,172895.89,0,249442.54,0,249442.54,0,249442.54,-1.0,-1.0,,,,0,30,1506866.65,548438.54,
2026-08-27T05:14:20.459243+00:00,KXBTC15M-26AUG270115-15,2026-08-27T05:15:00Z,0.66,78767.09,78650.0,,0.0,0.0010000000000000009,259835.86,0,363033.63999999996,0,363033.63999999996,0,363033.63999999996,-1.0,-1.0,,,,0,30,1707878.86,666563.17,
2026-08-27T05:14:40.674478+00:00,KXBTC15M-26AUG270115-15,2026-08-27T05:15:00Z,0.32,78767.09,78627.91,,0.0,0.0010000000000000009,250331.6,0,340143.29,0,340143.29,0,340143.29,-1.0,-1.0,,,,0,30,1707878.86,666563.17,
2026-08-27T05:15:20.946729+00:00,KXBTC15M-26AUG270130-30,2026-08-27T05:30:00Z,14.65,78648.35,78627.91,0.44,4952.0,0.44999999999999996,5105.93,32176.19,21231.82,59790.19,41883.14,180691.56,149999.76,-0.015304341947100475,0.2049200110620111,0.4449234782902645,0.44499999999999995,0.009999999999999953,30,30,46913.95,41552.34,
2026-08-27T05:15:41.115370+00:00,KXBTC15M-26AUG270130-30,2026-08-27T05:30:00Z,14.32,78648.35,78629.64,0.46,3834.46,0.47,3027.44,19903.21,17867.77,46575.25,32239.03,155213.75,133953.92,0.11760882554394556,0.053888990966080276,0.46558804412771976,0.46499999999999997,0.009999999999999953,30,30,46913.95,41552.34,
2026-08-27T05:16:01.242758+00:00,KXBTC15M-26AUG270130-30,2026-08-27T05:30:00Z,13.98,78648.35,78629.64,0.46,86.0,0.47,9052.47,15104.84,24340.489999999998,40042.24,39248.75,144590.17,138787.94,-0.981178468605795,-0.23413798287401824,0.46009410765697106,0.46499999999999997,0.009999999999999953,30,30,109305.26,91167.22,
2026-08-27T05:16:21.374586+00:00,KXBTC15M-26AUG270130-30,2026-08-27T05:30:00Z,13.64,78648.35,78629.64,0.46,5994.4,0.47,2242.29,18843.4,18721.34,43702.86,33827.9,150221.95,135846.98,0.45553614376648877,0.0032493237008961407,0.4672776807188325,0.46499999999999997,0.009999999999999953,30,30,159296.53,131133.18,
2026-08-27T05:16:41.649234+00:00,KXBTC15M-26AUG270130-30,2026-08-27T05:30:00Z,13.31,78648.35,78632.2,0.47,927.22,0.48,4873.9,17031.62,19864.309999999998,42113.62,34806.39,143850.47,137053.99,-0.6803306947623906,-0.07677513481839322,0.471598346526188,0.475,0.010000000000000009,30,30,159296.53,131133.18,
2026-08-27T05:17:01.776959+00:00,KXBTC15M-26AUG270130-30,2026-08-27T05:30:00Z,12.97,78648.35,78611.46,0.37,6146.35,0.38,2388.35,24699.82,14458.75,47431.9,33652.5,161099.3,112296.48,0.4403201049831863,0.26152819165766267,0.3772016005249159,0.375,0.010000000000000009,30,30,187698.74,149591.21,
2026-08-27T05:17:22.041827+00:00,KXBTC15M-26AUG270130-30,2026-08-27T05:30:00Z,12.64,78648.35,78623.96,0.39,5974.68,0.4,716.83,22378.73,18406.78,42401.65,36784.57,167985.18,118883.83,0.7857494048428532,0.09738630214505105,0.3989287470242143,0.395,0.010000000000000009,30,30,187698.74,149591.21,
2026-08-27T05:17:42.206834+00:00,KXBTC15M-26AUG270130-30,2026-08-27T05:30:00Z,12.3,78648.35,78623.96,0.42,4967.92,0.43000000000000005,4.01,19768.62,22217.7,40599.33,37852.06,146307.75,125063.3,0.99838694430533,-0.0583304276249979,0.4299919347215267,0.42500000000000004,0.010000000000000064,30,30,245926.77,174919.59,
2026-08-27T05:18:02.426358+00:00,KXBTC15M-26AUG270130-30,2026-08-27T05:30:00Z,11.96,78648.35,78621.74,0.41,1817.98,0.42000000000000004,7747.23,7049.03,26643.29,28466.64,44261.76,138813.0,126872.39,-0.6198766153592028,-0.581564582076865,0.411900616923204,0.41500000000000004,0.010000000000000064,30,30,245926.77,174919.59,
2026-08-27T05:18:22.556926+00:00,KXBTC15M-26AUG270130-30,2026-08-27T05:30:00Z,11.63,78648.35,78621.75,0.41,5343.57,0.42000000000000004,1052.68,15775.85,22524.05,36562.97,40071.52,148087.77,122087.19,0.6708446355286299,-0.1761936715239465,0.4183542231776431,0.41500000000000004,0.010000000000000064,30,30,278625.52,197649.48,
2026-08-27T05:18:42.709958+00:00,KXBTC15M-26AUG270130-30,2026-08-27T05:30:00Z,11.29,78648.35,78621.74,0.42,7572.46,0.43000000000000005,862.29,20816.81,18178.5,42131.42,33896.7,143259.55,118703.12,0.7955386940928896,0.06765711056021868,0.4289776934704645,0.42500000000000004,0.010000000000000064,30,30,321472.61,231535.18,
2026-08-27T05:19:02.906823+00:00,KXBTC15M-26AUG270130-30,2026-08-27T05:30:00Z,10.95,78648.35,78636.72,0.51,3822.34,0.52,143.0,17898.39,11907.99,30441.95,39336.25,122418.52,133095.43,0.9278750371973148,0.20097710624369683,0.5196393751859866,0.515,0.010000000000000009,30,30,321472.61,231535.18,
2026-08-27T05:19:23.075225+00:00,KXBTC15M-26AUG270130-30,2026-08-27T05:30:00Z,10.62,78648.35,78638.42,0.49,799.86,0.5,4329.79,19422.77,16825.47,34603.52,38345.88,125953.42,134816.69,-0.6881424658602439,0.07165313405561205,0.4915592876706988,0.495,0.010000000000000009,30,30,366300.87,255055.31,
2026-08-27T05:19:43.288921+00:00,KXBTC15M-26AUG270130-30,2026-08-27T05:30:00Z,10.28,78648.35,78638.42,0.48,3139.09,0.49,1985.93,20110.99,15403.14,37332.16,28497.06,129302.12,132004.45,0.22500595119628802,0.13256272925734072,0.4861250297559814,0.485,0.010000000000000009,30,30,366300.87,255055.31,
2026-08-27T05:20:03.445499+00:00,KXBTC15M-26AUG270130-30,2026-08-27T05:30:00Z,9.94,78648.35,78628.34,0.43,5573.82,0.43999999999999995,757.48,22605.21,11538.85,40516.21,26584.85,134618.44,110034.91,0.7607189676685674,0.32410791218150387,0.4388035948383428,0.43499999999999994,0.009999999999999953,30,30,409167.69,268761.72,
2026-08-27T05:20:23.566008+00:00,KXBTC15M-26AUG270130-30,2026-08-27T05:30:00Z,9.61,78648.35,78628.35,0.42,3565.68,0.43000000000000005,3958.11,19797.73,19064.61,39152.72,35225.68,132963.44,115021.04,-0.05215855306966307,0.0188645356918806,0.4247392072346517,0.42500000000000004,0.010000000000000064,30,30,443611.56,279753.82,
2026-08-27T05:20:43.768548+00:00,KXBTC15M-26AUG270130-30,2026-08-27T05:30:00Z,9.27,78648.35,78634.18,0.45,1692.87,0.45999999999999996,5134.42,18662.51,16616.5,30843.51,31883.5,125348.82,133365.21,-0.5040872732811994,0.05799510813937236,0.452479563633594,0.45499999999999996,0.009999999999999953,30,30,443611.56,279753.82,
2026-08-27T05:21:03.897103+00:00,KXBTC15M-26AUG270130-30,2026-08-27T05:30:00Z,8.94,78648.35,78643.35,0.52,4856.23,0.53,4390.02,24303.69,17054.28,40488.36,43102.64,124204.67,137255.28,0.050421522238745346,0.17528447358513968,0.5252521076111938,0.525,0.010000000000000009,30,30,483112.81,286868.86,
2026-08-27T05:21:24.029002+00:00,KXBTC15M-26AUG270130-30,2026-08-27T05:30:00Z,8.6,78648.35,78638.41,0.47,6437.95,0.48,748.04,20420.22,6493.51,36705.84,21350.8,122251.71,121971.76,0.7918060002866689,0.5174574464409057,0.4789590300014333,0.475,0.010000000000000009,30,30,520895.68,297383.35,
2026-08-27T05:21:44.173635+00:00,KXBTC15M-26AUG270130-30,2026-08-27T05:30:00Z,8.26,78648.35,78639.93,0.49,4032.09,0.5,2434.02,18072.67,19172.02,34953.159999999996,37638.52,123000.95,134486.97,0.2471455017004041,-0.029516959330309962,0.4962357275085019,0.495,0.010000000000000009,30,30,520895.68,297383.35,
2026-08-27T05:22:04.315498+00:00,KXBTC15M-26AUG270130-30,2026-08-27T05:30:00Z,7.93,78648.35,78646.05,0.53,6080.02,0.54,16.02,22547.08,7451.16,40526.08,28873.55,118518.47,137409.76,0.9947441289755315,0.5032268559755506,0.5399737206448777,0.535,0.010000000000000009,30,30,559354.80,317425.92,
2026-08-27T05:22:24.452632+00:00,KXBTC15M-26AUG270130-30,2026-08-27T05:30:00Z,7.59,78648.35,78646.05,0.53,4262.78,0.54,5456.62,20356.65,16806.239999999998,35554.65,37318.63,118334.04,146458.55,-0.12283062740498386,0.09553643433005354,0.5343858468629751,0.535,0.010000000000000009,30,30,559354.80,317425.92,
2026-08-27T05:22:44.585294+00:00,KXBTC15M-26AUG270130-30,2026-08-27T05:30:00Z,7.26,78648.35,78661.49,0.64,3280.94,0.65,3943.27,17603.19,15270.82,35493.62,43807.56,100678.12,104153.64,-0.09168199706265459,0.07094875252517108,0.6445415900146868,0.645,0.010000000000000009,30,30,590412.46,316492.75,
2026-08-27T05:23:04.746349+00:00,KXBTC15M-26AUG270130-30,2026-08-27T05:30:00Z,6.92,78648.35,78661.48,0.64,3482.7,0.65,2811.02,19463.68,20165.21,36599.05,48463.67,101300.15,108998.44,0.10672225647153033,-0.017702489269823072,0.6455336112823578,0.645,0.010000000000000009,30,30,660080.69,316991.55,
2026-08-27T05:23:25.015643+00:00,KXBTC15M-26AUG270130-30,2026-08-27T05:30:00Z,6.58,78648.35,78661.48,0.61,1047.97,0.62,4487.32,16836.01,20890.06,33671.04,36280.57,101418.44,111878.25,-0.621349558921032,-0.10746017276647164,0.6118932522053948,0.615,0.010000000000000009,30,30,660080.69,316991.55,
2026-08-27T05:23:45.155776+00:00,KXBTC15M-26AUG270130-30,2026-08-27T05:30:00Z,6.25,78648.35,78660.01,0.6,7077.88,0.61,3913.22,23387.19,21831.47,36365.89,33004.55,101929.28,102639.68,0.28792932463538684,0.034404380846314274,0.606439646623177,0.605,0.010000000000000009,30,30,709807.53,323550.77,
2026-08-27T05:24:05.352971+00:00,KXBTC15M-26AUG270130-30,2026-08-27T05:30:00Z,5.91,78648.35,78660.0,0.63,5246.16,0.64,5645.15,17813.88,19846.95,32884.88,33843.95,92575.83,97518.12,-0.03663379336370003,-0.05398367481545148,0.6348168310331815,0.635,0.010000000000000009,30,30,795605.77,316761.82,
2026-08-27T05:24:25.478653+00:00,KXBTC15M-26AUG270130-30,2026-08-27T05:30:00Z,5.58,78648.35,78660.0,0.66,860.88,0.6699999999999999,8781.75,11593.81,23527.48,26652.54,42771.49,86336.29,97616.77,-0.8214429050995424,-0.33978450108182245,0.6608927854745024,0.665,0.009999999999999898,30,30,795605.77,316761.82,
2026-08-27T05:24:45.612166+00:00,KXBTC15M-26AUG270130-30,2026-08-27T05:30:00Z,5.24,78648.35,78712.37,0.934,856.58,0.9359999999999999,48.14,37920.74,35116.090000000004,37920.74,35116.090000000004,37920.74,35116.090000000004,0.8935803342470598,0.038400489177857176,0.935893580334247,0.935,0.0019999999999998908,30,30,795605.77,316761.82,
2026-08-27T05:25:05.734755+00:00,KXBTC15M-26AUG270130-30,2026-08-27T05:30:00Z,4.91,78648.35,78738.12,0.958,849.32,0.959,0.02,36512.64,58682.32,36512.64,58682.32,36512.64,58682.32,0.9999529046082841,-0.2328871192340435,0.9589999764523042,0.9584999999999999,0.0010000000000000009,30,30,896993.09,308112.35,
2026-08-27T05:25:25.872260+00:00,KXBTC15M-26AUG270130-30,2026-08-27T05:30:00Z,4.57,78648.35,78762.51,0.969,60.0,0.97,1309.38,17540.23,274417.91,17540.23,274417.91,17540.23,274417.91,-0.9123691013451343,-0.8798442132834522,0.9690438154493275,0.9695,0.0010000000000000009,30,28,1113948.38,314183.83,
2026-08-27T05:25:46.062410+00:00,KXBTC15M-26AUG270130-30,2026-08-27T05:30:00Z,4.23,78648.35,78741.96,0.964,1075.14,0.965,725.01,27515.94,271148.82,27515.94,271148.82,27515.94,271148.82,0.19450045829514212,-0.8157402969135026,0.9645972502291474,0.9644999999999999,0.0010000000000000009,30,29,1113948.38,314183.83,
2026-08-27T05:26:06.184760+00:00,KXBTC15M-26AUG270130-30,2026-08-27T05:30:00Z,3.9,78648.35,78741.96,0.97,3041.62,0.971,1291.39,21508.6,273099.24,21508.6,273099.24,21508.6,273099.24,0.4039293701145392,-0.8539848769808707,0.9707019646850572,0.9704999999999999,0.0010000000000000009,30,25,1258002.95,321074.14,
2026-08-27T05:26:26.303735+00:00,KXBTC15M-26AUG270130-30,2026-08-27T05:30:00Z,3.56,78648.35,78733.48,0.958,2203.01,0.959,94.27,38754.89,242540.42,38754.89,242540.42,38754.89,242540.42,0.9179290291126898,-0.7244540621740193,0.9589589645145564,0.9584999999999999,0.0010000000000000009,30,30,1351381.09,350082.62,
2026-08-27T05:26:46.442359+00:00,KXBTC15M-26AUG270130-30,2026-08-27T05:30:00Z,3.23,78648.35,78737.21,0.971,231.58,0.972,1414.09,29681.66,230953.88,29681.66,230953.88,29681.66,230953.88,-0.7185583987069097,-0.7722362805931992,0.9711407208006465,0.9715,0.0010000000000000009,30,23,1351381.09,350082.62,
2026-08-27T05:27:06.564821+00:00,KXBTC15M-26AUG270130-30,2026-08-27T05:30:00Z,2.89,78648.35,78727.93,0.964,40.02,0.965,1077.9,39126.21,234882.7,39126.21,234882.7,39126.21,234882.7,-0.9284027479604982,-0.7144165129520789,0.9640357986260198,0.9644999999999999,0.0010000000000000009,30,26,1426509.95,368938.12,
2026-08-27T05:27:26.704377+00:00,KXBTC15M-26AUG270130-30,2026-08-27T05:30:00Z,2.56,78648.35,78717.16,0.962,299.26,0.965,52.02,24919.45,218511.1,24919.45,218511.1,24919.45,218511.1,0.7038260077431109,-0.7952643988192936,0.9645557390116147,0.9635,0.0030000000000000027,30,28,1426509.95,368938.12,
2026-08-27T05:27:47.071367+00:00,KXBTC15M-26AUG270130-30,2026-08-27T05:30:00Z,2.22,78648.35,78712.38,0.961,16.0,0.962,3071.92,25075.56,218711.79,25075.56,218711.79,25075.56,218711.79,-0.9896370372289438,-0.7942833375070528,0.9610051814813855,0.9615,0.0010000000000000009,30,25,1471788.49,386394.20,
2026-08-27T05:28:07.196649+00:00,KXBTC15M-26AUG270130-30,2026-08-27T05:30:00Z,1.88,78648.35,78712.39,0.964,69.43,0.966,3502.34,14457.57,188973.18,14457.57,188973.18,14457.57,188973.18,-0.9611229166491684,-0.8578624912900336,0.9640388770833508,0.965,0.0020000000000000018,30,25,1509973.42,397529.86,
2026-08-27T05:28:27.326275+00:00,KXBTC15M-26AUG270130-30,2026-08-27T05:30:00Z,1.55,78648.35,78704.73,0.976,34.27,0.977,1112.93,12577.55,116516.98,12577.55,116516.98,12577.55,116516.98,-0.9402545327754533,-0.805142014925032,0.9760298727336122,0.9764999999999999,0.0010000000000000009,30,20,1509973.42,397529.86,
2026-08-27T05:28:47.463651+00:00,KXBTC15M-26AUG270130-30,2026-08-27T05:30:00Z,1.21,78648.35,78660.0,0.72,1361.19,0.76,2700.38,12259.62,23205.38,22605.89,44701.38,76186.15,88291.38,-0.3297222502628294,-0.30863555618215144,0.7334055549947435,0.74,0.040000000000000036,30,30,1551570.73,400889.48,
2026-08-27T05:29:07.585024+00:00,KXBTC15M-26AUG270130-30,2026-08-27T05:30:00Z,0.87,78648.35,78653.23,0.71,2032.6,0.72,0.02,11593.1,4806.92,22300.0,15513.96,62591.6,49582.04,0.9999803209650598,0.4137909587915137,0.7199999016048254,0.715,0.010000000000000009,30,30,1807425.28,347314.57,
2026-08-27T05:29:27.725896+00:00,KXBTC15M-26AUG270130-30,2026-08-27T05:30:00Z,0.54,78648.35,78639.57,0.84,2321.02,0.87,156.0,12767.58,21213.37,23120.32,45129.37,62370.39,45129.37,0.8740421958643855,-0.24854484645073194,0.8681106329379659,0.855,0.030000000000000027,30,30,1807425.28,347314.57,
2026-08-27T05:29:47.883627+00:00,KXBTC15M-26AUG270130-30,2026-08-27T05:30:00Z,0.2,78648.35,78644.38,0.995,476.28,0.996,523.02,28351.42,47248.6,37023.78,47248.6,37023.78,47248.6,-0.046772740918643065,-0.24996263228501794,0.9954766136295407,0.9955,0.0010000000000000009,30,4,1807425.28,347314.57,
2026-08-27T05:30:28.155877+00:00,KXBTC15M-26AUG270145-45,2026-08-27T05:45:00Z,14.53,,78663.07,0.56,5319.2,0.5700000000000001,1280.7,8864.07,9559.02,15103.07,22214.73,66391.1,83219.59,0.6119032106547069,-0.037721685124482415,0.5680595160532736,0.5650000000000001,0.010000000000000009,30,30,1858.65,1825.04,
2026-08-27T05:30:48.473153+00:00,KXBTC15M-26AUG270145-45,2026-08-27T05:45:00Z,14.19,,78666.67,0.55,3133.54,0.56,2184.77,17438.57,19950.64,35258.57,39253.64,124083.75,132601.46,0.17839689675855677,-0.06718703069682402,0.5558919844837928,0.555,0.010000000000000009,30,30,1858.65,1825.04,
2026-08-27T05:31:08.703125+00:00,KXBTC15M-26AUG270145-45,2026-08-27T05:45:00Z,13.86,78654.75,78644.73,0.49,3256.57,0.5,7407.43,20511.68,32165.73,43731.68,48399.04,140851.62,139283.68,-0.38924043510877726,-0.22123430138269892,0.4930537978244561,0.495,0.010000000000000009,30,30,59248.11,37639.51,
2026-08-27T05:31:28.935389+00:00,KXBTC15M-26AUG270145-45,2026-08-27T05:45:00Z,13.52,78654.75,78636.82,0.44,14814.07,0.44999999999999996,876.02,36120.7,18199.940000000002,63500.85,40417.42,159978.23,125651.8,0.8883346112100058,0.3299070114048729,0.44944167305605,0.44499999999999995,0.009999999999999953,30,30,138814.26,81749.30,
2026-08-27T05:31:49.232885+00:00,KXBTC15M-26AUG270145-45,2026-08-27T05:45:00Z,13.18,78654.75,78633.95,0.42,5822.84,0.43000000000000005,6803.18,27358.68,24192.18,47186.68,41657.18,147498.86,122370.92,-0.07764442001517502,0.06142477545476448,0.42461177789992416,0.42500000000000004,0.010000000000000064,30,30,256078.76,105779.62,
2026-08-27T05:32:09.423226+00:00,KXBTC15M-26AUG270145-45,2026-08-27T05:45:00Z,12.84,78654.75,78636.57,0.43,9202.7,0.43999999999999995,1866.88,31030.760000000002,13213.96,48540.73,31096.96,147925.02,118988.75,0.6627008432117568,0.40268759752576133,0.4383135042160587,0.43499999999999994,0.009999999999999953,30,30,256078.76,105779.62,
2026-08-27T05:32:29.597478+00:00,KXBTC15M-26AUG270145-45,2026-08-27T05:45:00Z,12.51,78654.75,78637.95,0.44,7495.86,0.44999999999999996,7523.0,32625.21,20343.68,49550.18,38906.68,149239.09,126714.95,-0.001807061254982091,0.23186308038548664,0.44499096469372507,0.44499999999999995,0.009999999999999953,30,30,256078.76,105779.62,
2026-08-27T05:32:49.837363+00:00,KXBTC15M-26AUG270145-45,2026-08-27T05:45:00Z,12.17,78654.75,78638.45,0.46,4643.06,0.47,987.7,16860.98,22160.86,34664.61,42714.33,132910.11,142468.43,0.6491770205087769,-0.13581830072595247,0.46824588510254395,0.46499999999999997,0.009999999999999953,30,30,338182.93,152229.10,
2026-08-27T05:33:09.960377+00:00,KXBTC15M-26AUG270145-45,2026-08-27T05:45:00Z,11.83,78654.75,78625.52,0.39,4589.31,0.4,4569.21,22444.41,22738.92,40195.44,39656.24,152224.6,115916.62,0.0021946777426920905,-0.006518111878872106,0.39501097338871344,0.395,0.010000000000000009,30,30,408474.54,192584.81,
2026-08-27T05:33:30.098385+00:00,KXBTC15M-26AUG270145-45,2026-08-27T05:45:00Z,11.5,78654.75,78632.81,0.43,4414.08,0.43999999999999995,6624.25,18745.08,20882.79,34228.71,40246.91,134118.41,123707.82,-0.20022684590875614,-0.0539446101947947,0.4339988657704562,0.43499999999999994,0.009999999999999953,30,30,408474.54,192584.81,
2026-08-27T05:33:50.237434+00:00,KXBTC15M-26AUG270145-45,2026-08-27T05:45:00Z,11.16,78654.75,78631.91,0.4,6025.02,0.41000000000000003,765.06,16144.61,18868.309999999998,36021.1,34279.42,148140.84,113286.02,0.7746536123285735,-0.07779128390319909,0.40887326806164287,0.405,0.010000000000000009,30,30,455027.64,216277.92,
2026-08-27T05:34:10.417144+00:00,KXBTC15M-26AUG270145-45,2026-08-27T05:45:00Z,10.83,78654.75,78623.52,0.38,3064.02,0.39,5451.06,20074.47,22281.53,43329.35,39487.39,149812.92,111596.98,-0.28033089530574,-0.05210737557843039,0.38359834552347133,0.385,0.010000000000000009,30,30,483240.70,231523.84,
2026-08-27T05:34:30.545580+00:00,KXBTC15M-26AUG270145-45,2026-08-27T05:45:00Z,10.49,78654.75,78619.7,0.35,5990.39,0.36,1767.66,24994.600000000002,16913.41,48484.78,35987.51,142762.42,105159.8,0.5443030142883843,0.19283163290263608,0.3577215150714419,0.355,0.010000000000000009,30,30,483240.70,231523.84,
2026-08-27T05:34:50.689217+00:00,KXBTC15M-26AUG270145-45,2026-08-27T05:45:00Z,10.16,78654.75,78619.95,0.35,2633.02,0.36,4425.38,24949.33,18045.38,38539.92,33556.77,122985.72,98526.0,-0.25393290264082513,0.16057673141649287,0.3537303354867959,0.355,0.010000000000000009,30,30,517582.38,243572.24,
2026-08-27T05:35:10.905375+00:00,KXBTC15M-26AUG270145-45,2026-08-27T05:45:00Z,9.82,78654.75,78619.14,0.34,41.82,0.35,6252.03,11767.34,22260.010000000002,26411.13,44037.86,104719.95,101821.81,-0.9867108367692272,-0.3083598928508979,0.3400664458161539,0.345,0.009999999999999953,30,30,517582.38,243572.24,
2026-08-27T05:35:31.175908+00:00,KXBTC15M-26AUG270145-45,2026-08-27T05:45:00Z,9.48,78654.75,78590.01,0.22,20.02,0.22999999999999998,8001.4,18735.44,23249.8,43912.26,48574.97,87551.23,105080.67,-0.9950083651024381,-0.10752254840034262,0.2200249581744878,0.22499999999999998,0.009999999999999981,30,30,595085.87,260487.19,
2026-08-27T05:35:51.324320+00:00,KXBTC15M-26AUG270145-45,2026-08-27T05:45:00Z,9.15,78654.75,78609.37,0.31,4774.69,0.31999999999999995,4575.03,19002.3,18514.239999999998,40826.96,34988.03,115820.99,98565.09,0.02135465019273303,0.013009195410877479,0.31510677325096365,0.31499999999999995,0.009999999999999953,30,30,657368.88,299458.93,
2026-08-27T05:36:11.463375+00:00,KXBTC15M-26AUG270145-45,2026-08-27T05:45:00Z,8.81,78654.75,78606.94,0.29,3559.47,0.30000000000000004,1713.09,19455.08,25115.19,39147.79,39967.31,111689.48,100070.78,0.3501866266102235,-0.1269929484384994,0.2967509331330512,0.29500000000000004,0.010000000000000064,30,30,657368.88,299458.93,
2026-08-27T05:36:31.658093+00:00,KXBTC15M-26AUG270145-45,2026-08-27T05:45:00Z,8.47,78654.75,78606.95,0.36,4650.43,0.37,1472.01,15489.19,14825.13,36178.9,36825.729999999996,125560.1,99093.99,0.5191426947426189,0.02190581876815978,0.36759571347371306,0.365,0.010000000000000009,30,30,702201.04,322971.62,
2026-08-27T05:36:51.830371+00:00,KXBTC15M-26AUG270145-45,2026-08-27T05:45:00Z,8.14,78654.75,78632.79,0.41,383.83,0.42000000000000004,6673.71,11787.98,24897.64,28964.91,39042.81,117246.33,111890.66,-0.8912283883619505,-0.3573514635979984,0.4105438580581902,0.41500000000000004,0.010000000000000064,30,30,782131.17,332675.87,
2026-08-27T05:37:11.977606+00:00,KXBTC15M-26AUG270145-45,2026-08-27T05:45:00Z,7.8,78654.75,78632.81,0.41,3.02,0.42000000000000004,6896.91,14605.97,23983.59,30169.35,38434.66,126818.1,111745.32,-0.999124628800582,-0.24300924913370356,0.41000437685599705,0.41500000000000004,0.010000000000000064,30,30,782131.17,332675.87,
2026-08-27T05:37:32.109348+00:00,KXBTC15M-26AUG270145-45,2026-08-27T05:45:00Z,7.47,78654.75,78643.84,0.49,4077.3,0.5,5462.02,13685.44,18562.73,35457.49,29840.18,114480.04,93115.65,-0.14515919373707983,-0.15124238057539388,0.49427420403131467,0.495,0.010000000000000009,30,30,817348.18,341415.35,
2026-08-27T05:37:52.318682+00:00,KXBTC15M-26AUG270145-45,2026-08-27T05:45:00Z,7.13,78654.75,78659.16,0.6,4324.44,0.61,2948.24,18049.95,17182.45,37764.81,29848.23,107124.97,108242.25,0.1892287299867449,0.02462222272680828,0.6059461436499337,0.605,0.010000000000000009,30,30,817348.18,341415.35,
2026-08-27T05:38:12.485852+00:00,KXBTC15M-26AUG270145-45,2026-08-27T05:45:00Z,6.79,78654.75,78669.26,0.54,4669.74,0.55,6168.52,17179.81,19802.25,33661.81,38665.25,108539.81,118752.54000000001,-0.13828603484323135,-0.07091113907662253,0.5443085698257838,0.545,0.010000000000000009,30,30,883003.38,347844.04,
2026-08-27T05:38:32.609806+00:00,KXBTC15M-26AUG270145-45,2026-08-27T05:45:00Z,6.46,78654.75,78682.79,0.73,3032.63,0.74,4621.55,18615.97,23053.33,32343.97,45785.95,89995.63,100096.72,-0.2075885333242751,-0.10648990983769827,0.7339620573333786,0.735,0.010000000000000009,30,30,883003.38,347844.04,
2026-08-27T05:38:52.739760+00:00,KXBTC15M-26AUG270145-45,2026-08-27T05:45:00Z,6.12,78654.75,78698.88,0.79,1027.08,0.8,7169.06,14427.26,23687.09,27466.9,47412.3,90170.0,86508.91,-0.7493747056541251,-0.24294865319754896,0.7912531264717295,0.795,0.010000000000000009,30,30,1018506.10,295500.13,
2026-08-27T05:39:12.866542+00:00,KXBTC15M-26AUG270145-45,2026-08-27T05:45:00Z,5.79,78654.75,78685.14,0.75,155.14,0.76,8122.24,6269.28,26950.81,24210.28,49610.83,82820.33,98224.53,-0.9625147087605015,-0.6225609262346972,0.7501874264561976,0.755,0.010000000000000009,30,30,1189326.14,271916.24,
2026-08-27T05:39:32.989013+00:00,KXBTC15M-26AUG270145-45,2026-08-27T05:45:00Z,5.45,78654.75,78674.72,0.66,163.09,0.6699999999999999,5973.55,9034.52,22460.81,29794.05,39141.23,96725.02,104096.99,-0.9468471345883088,-0.42629462844174043,0.6602657643270584,0.665,0.009999999999999898,30,30,1189326.14,271916.24,
2026-08-27T05:39:53.174818+00:00,KXBTC15M-26AUG270145-45,2026-08-27T05:45:00Z,5.12,78654.75,78672.75,0.73,4938.39,0.74,750.02,19707.4,6067.08,33626.4,23420.29,90329.09,80343.64,0.7362988954734278,0.5292180482399644,0.7386814944773672,0.735,0.010000000000000009,30,30,1303968.01,285377.50,
2026-08-27T05:40:13.335282+00:00,KXBTC15M-26AUG270145-45,2026-08-27T05:45:00Z,4.78,78654.75,78687.42,0.8,5755.05,0.81,4369.61,18723.86,18880.73,34212.9,47903.45,96303.12,81085.93,0.13683817530662765,-0.004171565226478975,0.8056841908765332,0.805,0.010000000000000009,30,30,1383502.13,290586.64,
2026-08-27T05:40:33.448745+00:00,KXBTC15M-26AUG270145-45,2026-08-27T05:45:00Z,4.44,78654.75,78692.65,0.84,1917.57,0.85,45.02,19983.89,19388.24,35227.89,65143.95,93988.62,65143.95,0.9541218491890818,0.01512872176333863,0.8497706092459454,0.845,0.010000000000000009,30,30,1383502.13,290586.64,
2026-08-27T05:40:53.593728+00:00,KXBTC15M-26AUG270145-45,2026-08-27T05:45:00Z,4.11,78654.75,78717.89,0.923,113.68,0.925,105.0,15255.380000000001,51233.2,33703.35,51233.2,33703.35,51233.2,0.03969270166453268,-0.5411127745546678,0.9240396927016645,0.924,0.0020000000000000018,30,30,1472953.10,314311.68,
2026-08-27T05:41:13.739083+00:00,KXBTC15M-26AUG270145-45,2026-08-27T05:45:00Z,3.77,78654.75,78787.41,0.963,590.63,0.965,90.84,25713.83,268097.92,25713.83,268097.92,25713.83,268097.92,0.7333998561932292,-0.8249639097142982,0.9647333998561932,0.964,0.0020000000000000018,30,29,1472953.10,314311.68,
2026-08-27T05:41:33.858497+00:00,KXBTC15M-26AUG270145-45,2026-08-27T05:45:00Z,3.44,78654.75,78764.19,0.953,0.02,0.954,1587.43,24927.23,48411.17,24927.23,48411.17,24927.23,48411.17,-0.9999748023559797,-0.32021342161814276,0.9530000125988219,0.9535,0.0010000000000000009,30,30,1602502.60,304976.58,
2026-08-27T05:41:54.037625+00:00,KXBTC15M-26AUG270145-45,2026-08-27T05:45:00Z,3.1,78654.75,78749.73,0.956,116.0,0.957,2652.3,13402.41,62009.7,13402.41,62009.7,13402.41,62009.7,-0.9161940541126323,-0.6445554964580622,0.9560419029729438,0.9564999999999999,0.0010000000000000009,30,30,1711440.59,329686.04,
2026-08-27T05:42:14.169105+00:00,KXBTC15M-26AUG270145-45,2026-08-27T05:45:00Z,2.76,78654.75,78722.25,0.917,8.01,0.925,139.02,28188.0,21847.12,43069.37,31566.61,75251.66,31566.61,-0.8910426443582944,0.12672858584130509,0.9174358294225671,0.921,0.008000000000000007,30,30,1711440.59,329686.04,
2026-08-27T05:42:34.316935+00:00,KXBTC15M-26AUG270145-45,2026-08-27T05:45:00Z,2.43,78654.75,78717.89,0.932,169.0,0.933,1591.62,18035.97,37134.94,18035.97,37134.94,18035.97,37134.94,-0.8080221740068839,-0.3461782667713837,0.9320959889129966,0.9325000000000001,0.0010000000000000009,30,30,1807141.01,369798.26,
2026-08-27T05:42:54.443346+00:00,KXBTC15M-26AUG270145-45,2026-08-27T05:45:00Z,2.09,78654.75,78717.33,0.945,325.2,0.947,0.02,7967.8,56721.97,7967.8,56721.97,7967.8,56721.97,0.9998770063341739,-0.7536612048551107,0.946999877006334,0.946,0.0020000000000000018,30,30,1903138.62,385182.47,
2026-08-27T05:43:14.562515+00:00,KXBTC15M-26AUG270145-45,2026-08-27T05:45:00Z,1.76,78654.75,78704.17,0.939,654.02,0.94,0.02,26362.81,31715.89,40372.85,31715.89,40372.85,31715.89,0.9999388416610605,-0.09216941839262928,0.9399999694208304,0.9395,0.0010000000000000009,30,30,1903138.62,385182.47,
2026-08-27T05:43:34.682703+00:00,KXBTC15M-26AUG270145-45,2026-08-27T05:45:00Z,1.42,78654.75,78693.42,0.948,0.02,0.955,722.18,8218.19,53599.29,8218.19,53599.29,8218.19,53599.29,-0.999944613680421,-0.7341143637689533,0.9480001938521185,0.9515,0.007000000000000006,30,30,1949207.20,390078.72,
2026-08-27T05:43:54.824968+00:00,KXBTC15M-26AUG270145-45,2026-08-27T05:45:00Z,1.09,78654.75,78693.42,0.961,120.38,0.963,48.8,5386.79,80383.69,5386.79,80383.69,5386.79,80383.69,0.4230996571698782,-0.8743905828672057,0.9624230996571699,0.962,0.0020000000000000018,30,30,1949207.20,390078.72,
2026-08-27T05:44:14.957622+00:00,KXBTC15M-26AUG270145-45,2026-08-27T05:45:00Z,0.75,78654.75,78682.81,0.988,159.02,0.989,42.86,21329.12,92707.0,21329.12,92707.0,21329.12,92707.0,0.5753913215771747,-0.6259234354869317,0.9887876956607887,0.9884999999999999,0.0010000000000000009,30,11,2018518.90,407466.09,
2026-08-27T05:44:35.080880+00:00,KXBTC15M-26AUG270145-45,2026-08-27T05:45:00Z,0.42,78654.75,78706.58,0.993,9.02,0.994,30.04,31068.27,56436.770000000004,32380.05,56436.770000000004,32380.05,56436.770000000004,-0.5381464413722478,-0.28990901552641996,0.9932309267793138,0.9935,0.0010000000000000009,30,6,2170325.92,434167.41,
2026-08-27T05:45:35.299823+00:00,KXBTC15M-26AUG270200-00,2026-08-27T06:00:00Z,14.41,78692.9,78700.99,0.52,1852.4,0.53,5733.74,20264.690000000002,33264.64,41726.69,49702.8,144917.18,150794.54,-0.5116356935147519,-0.2428565797479624,0.5224418215324262,0.525,0.010000000000000009,30,30,47910.98,39595.24,
2026-08-27T05:45:55.438535+00:00,KXBTC15M-26AUG270200-00,2026-08-27T06:00:00Z,14.08,78692.9,78707.93,0.58,6034.18,0.5900000000000001,4783.65,24381.18,24203.66,44118.18,50441.63,135291.56,153620.25,0.11559896947909153,0.0036538146467087356,0.5855779948473954,0.585,0.01000000000000012,30,30,47910.98,39595.24,
2026-08-27T05:46:15.583213+00:00,KXBTC15M-26AUG270200-00,2026-08-27T06:00:00Z,13.74,78692.9,78704.29,0.54,5146.24,0.55,4851.8,23426.32,20013.37,41294.25,32880.12,155561.73,132581.39,0.029449772155342405,0.07856754963030355,0.5451472488607767,0.545,0.010000000000000009,30,30,135826.15,92484.25,
2026-08-27T05:46:35.729847+00:00,KXBTC15M-26AUG270200-00,2026-08-27T06:00:00Z,13.41,78692.9,78730.27,0.62,3863.71,0.63,4219.76,18475.1,20878.13,37613.090000000004,43628.98,120186.82,142187.54,-0.044046677973692015,-0.06106309443977032,0.6247797666101316,0.625,0.010000000000000009,30,30,194024.03,137657.63,
2026-08-27T05:46:55.960690+00:00,KXBTC15M-26AUG270200-00,2026-08-27T06:00:00Z,13.07,78692.9,78760.94,0.72,4135.89,0.73,3109.42,26714.48,15848.37,47535.92,42915.59,120128.79,105516.63,0.1416737172046469,0.25529563927227616,0.7257083685860232,0.725,0.010000000000000009,30,30,194024.03,137657.63,
2026-08-27T05:47:16.093772+00:00,KXBTC15M-26AUG270200-00,2026-08-27T06:00:00Z,12.73,78692.9,78781.39,0.77,1712.93,0.78,5025.84,16386.82,20035.3,42313.82,49239.44,105145.29,91436.48,-0.4916193904822393,-0.1001720932224703,0.7725419030475889,0.775,0.010000000000000009,30,30,310629.59,220673.28,
2026-08-27T05:47:36.249395+00:00,KXBTC15M-26AUG270200-00,2026-08-27T06:00:00Z,12.4,78692.9,78781.39,0.76,3478.76,0.77,6290.05,19215.760000000002,16857.12,43984.38,44644.57,105074.47,89279.47,-0.2877822375499165,0.06538540865048764,0.7635610888122504,0.765,0.010000000000000009,30,30,387740.51,281542.91,
2026-08-27T05:47:56.444871+00:00,KXBTC15M-26AUG270200-00,2026-08-27T06:00:00Z,12.06,78692.9,78780.01,0.75,603.46,0.76,6276.89,13611.939999999999,24246.170000000002,40263.79,54803.14,97561.16,100455.51,-0.8245845051487206,-0.2808970125555661,0.7508770774742565,0.755,0.010000000000000009,30,30,387740.51,281542.91,
2026-08-27T05:48:16.564337+00:00,KXBTC15M-26AUG270200-00,2026-08-27T06:00:00Z,11.72,78692.9,78777.2,0.75,2942.45,0.76,4162.5,17984.76,15752.08,44720.99,42456.32,102148.18,90888.55,-0.17171830906621444,0.06617928650104749,0.7541414084546689,0.755,0.010000000000000009,30,30,437959.28,308833.44,
2026-08-27T05:48:36.779930+00:00,KXBTC15M-26AUG270200-00,2026-08-27T06:00:00Z,11.39,78692.9,78777.2,0.74,5977.56,0.75,3955.17,21069.940000000002,13761.0,48310.25,35971.24,105320.77,87813.55,0.2036086755604955,0.20984044645364155,0.7460180433778025,0.745,0.010000000000000009,30,30,437959.28,308833.44,
2026-08-27T05:48:56.957173+00:00,KXBTC15M-26AUG270200-00,2026-08-27T06:00:00Z,11.05,78692.9,78786.25,0.74,3980.55,0.75,3628.58,7369.87,26076.2,32846.18,50501.44,90417.31,102710.24,0.0462562737132892,-0.5592982972289421,0.7452312813685664,0.745,0.010000000000000009,30,30,485823.42,339402.33,
2026-08-27T05:49:17.082740+00:00,KXBTC15M-26AUG270200-00,2026-08-27T06:00:00Z,10.72,78692.9,78805.73,0.79,131.66,0.8,7133.2,5758.27,22707.35,21418.84,59046.619999999995,89444.36,101753.64,-0.9637542912045105,-0.5954228293639836,0.7901812285439775,0.795,0.010000000000000009,30,30,485823.42,339402.33,
2026-08-27T05:49:37.203017+00:00,KXBTC15M-26AUG270200-00,2026-08-27T06:00:00Z,10.38,78692.9,78815.76,0.82,1919.48,0.83,1033.94,7647.92,18839.2,21844.49,81643.01,88813.52,85647.01,0.29983544500951437,-0.4225178124310986,0.8264991772250476,0.825,0.010000000000000009,30,30,534218.20,355442.96,
2026-08-27T05:49:57.336814+00:00,KXBTC15M-26AUG270200-00,2026-08-27T06:00:00Z,10.05,78692.9,78815.76,0.83,3839.57,0.84,4157.63,14013.81,24654.97,30284.13,70874.37,95613.47,70874.37,-0.03977141999699894,-0.27518737337976534,0.834801142900015,0.835,0.010000000000000009,30,30,586909.37,376557.00,
2026-08-27T05:50:17.503467+00:00,KXBTC15M-26AUG270200-00,2026-08-27T06:00:00Z,9.71,78692.9,78832.07,0.87,4926.71,0.88,2558.49,12605.75,45039.15,26744.05,62738.93,94477.55,62738.93,0.3163870036872763,-0.5626412744232361,0.8765819350184363,0.875,0.010000000000000009,30,30,586909.37,376557.00,
2026-08-27T05:50:37.623530+00:00,KXBTC15M-26AUG270200-00,2026-08-27T06:00:00Z,9.37,78692.9,78815.76,0.86,94.02,0.87,3030.35,7825.13,35719.02,22160.11,63193.42,89834.18,63193.42,-0.9398150667174503,-0.6405886898699366,0.8603009246664126,0.865,0.010000000000000009,30,30,661973.33,392263.20,
2026-08-27T05:50:57.917064+00:00,KXBTC15M-26AUG270200-00,2026-08-27T06:00:00Z,9.04,78692.9,78817.15,0.86,3595.63,0.87,3911.02,11407.41,35203.06,26269.19,61937.46,93950.18000000001,61937.46,-0.04201474692439369,-0.5105215630737042,0.8647899262653781,0.865,0.010000000000000009,30,30,661973.33,392263.20,
2026-08-27T05:51:18.123335+00:00,KXBTC15M-26AUG270200-00,2026-08-27T06:00:00Z,8.7,78692.9,78820.44,0.88,2563.44,0.89,5179.82,9148.85,58016.2,25458.670000000002,62019.2,93105.45,62019.2,-0.3378912757675707,-0.7275711102723812,0.8833105436211621,0.885,0.010000000000000009,30,30,712068.37,409344.21,
2026-08-27T05:51:38.250775+00:00,KXBTC15M-26AUG270200-00,2026-08-27T06:00:00Z,8.36,78692.9,78839.71,0.89,3868.79,0.9,4813.96,12228.61,56215.25,27993.329999999998,56215.25,95501.51,56215.25,-0.10885606518672081,-0.6426674357641431,0.8944557196740663,0.895,0.010000000000000009,30,30,746783.87,422686.78,
2026-08-27T05:51:58.491671+00:00,KXBTC15M-26AUG270200-00,2026-08-27T06:00:00Z,8.03,78692.9,78846.53,0.917,17.79,0.918,2033.4,11776.56,49295.51,24651.22,49295.51,50222.2,49295.51,-0.9826539715969754,-0.614338927761905,0.9170086730142016,0.9175,0.0010000000000000009,30,30,746783.87,422686.78,
2026-08-27T05:52:18.691973+00:00,KXBTC15M-26AUG270200-00,2026-08-27T06:00:00Z,7.69,78692.9,78900.0,0.95,0.02,0.951,16.0,16542.13,96635.61,16542.13,96635.61,16542.13,96635.61,-0.9975031210986268,-0.7076787361189576,0.9500012484394507,0.9504999999999999,0.0010000000000000009,30,30,795322.91,436657.27,
2026-08-27T05:52:38.818133+00:00,KXBTC15M-26AUG270200-00,2026-08-27T06:00:00Z,7.35,78692.9,78890.6,0.949,529.15,0.95,55.02,31952.69,113052.22,31952.69,113052.22,31952.69,113052.22,0.8116301761473544,-0.559288164793868,0.9499058150880737,0.9495,0.0010000000000000009,30,30,876450.74,447235.14,
2026-08-27T05:52:59.020954+00:00,KXBTC15M-26AUG270200-00,2026-08-27T06:00:00Z,7.02,78692.9,78878.01,0.953,165.02,0.954,110.02,30971.38,113955.0,30971.38,113955.0,30971.38,113955.0,0.1999709133216987,-0.572591546135355,0.9535999854566608,0.9535,0.0010000000000000009,30,30,876450.74,447235.14,
2026-08-27T05:53:19.190296+00:00,KXBTC15M-26AUG270200-00,2026-08-27T06:00:00Z,6.68,78692.9,78840.56,0.922,5.02,0.923,1859.85,36540.67,26733.57,50441.14,31833.57,72714.92,31833.57,-0.9946162467088859,0.1549935645216758,0.9220026918766456,0.9225000000000001,0.0010000000000000009,30,30,935633.48,459690.92,
2026-08-27T05:53:39.321964+00:00,KXBTC15M-26AUG270200-00,2026-08-27T06:00:00Z,6.35,78692.9,78844.08,0.928,230.56,0.9299999999999999,3.92,30604.05,27078.31,47521.61,27078.31,53770.61,27078.31,0.9665643125213239,0.06112336596491541,0.9299665643125213,0.929,0.0019999999999998908,30,30,996402.87,474872.21,
2026-08-27T05:53:59.750194+00:00,KXBTC15M-26AUG270200-00,2026-08-27T06:00:00Z,6.01,78692.9,78837.39,0.935,237.0,0.94,1657.91,30073.54,44175.73,34919.03,44175.73,34919.03,44175.73,-0.7498561936978537,-0.1899303521771999,0.9356253595157553,0.9375,0.004999999999999893,30,30,996402.87,474872.21,
2026-08-27T05:54:19.980349+00:00,KXBTC15M-26AUG270200-00,2026-08-27T06:00:00Z,5.67,78692.9,78837.39,0.946,41.02,0.947,1479.47,14455.2,41496.42,14455.2,41496.42,14455.2,41496.42,-0.9460437095936178,-0.48329646219358796,0.9460269781452031,0.9464999999999999,0.0010000000000000009,30,30,1025686.32,488271.07,
2026-08-27T05:54:40.128670+00:00,KXBTC15M-26AUG270200-00,2026-08-27T06:00:00Z,5.33,78692.9,78837.39,0.951,3.68,0.952,747.45,18660.52,60379.56,18660.52,60379.56,18660.52,60379.56,-0.9902014298456993,-0.5278213281160645,0.9510048992850773,0.9515,0.0010000000000000009,30,30,1025686.32,488271.07,
2026-08-27T05:55:00.292990+00:00,KXBTC15M-26AUG270200-00,2026-08-27T06:00:00Z,5.0,78692.9,78830.78,0.948,817.58,0.949,862.06,23770.6,55869.89,23770.6,55869.89,23770.6,55869.89,-0.02648186516158219,-0.4030523920684065,0.9484867590674192,0.9484999999999999,0.0010000000000000009,30,30,1060126.57,493292.87,
2026-08-27T05:55:20.419580+00:00,KXBTC15M-26AUG270200-00,2026-08-27T06:00:00Z,4.66,78692.9,78810.98,0.937,0.01,0.938,6.02,24255.35,32466.1,24255.35,32466.1,24255.35,32466.1,-0.9966832504145937,-0.14475564358809587,0.9370016583747929,0.9375,0.0009999999999998899,30,30,1086699.93,499766.16,
2026-08-27T05:55:40.602139+00:00,KXBTC15M-26AUG270200-00,2026-08-27T06:00:00Z,4.33,78692.9,78787.55,0.903,8.02,0.904,1354.02,16929.18,10210.9,33375.37,17816.1,97582.42,17816.1,-0.9882235470323926,0.2475409062906226,0.9030058882264838,0.9035,0.0010000000000000009,30,30,1086699.93,499766.16,
2026-08-27T05:56:00.753980+00:00,KXBTC15M-26AUG270200-00,2026-08-27T06:00:00Z,3.99,78692.9,78796.56,0.93,154.46,0.931,8.02,7768.4800000000005,40501.31,15423.43,46313.31,15423.43,46313.31,0.9012801575578532,-0.6781224861347024,0.9309506400787789,0.9305000000000001,0.0010000000000000009,30,30,1130525.19,512660.81,
2026-08-27T05:56:20.906956+00:00,KXBTC15M-26AUG270200-00,2026-08-27T06:00:00Z,3.65,78692.9,78789.67,0.94,49.53,0.9410000000000001,830.46,5476.06,51721.22,5476.06,51721.22,5476.06,51721.22,-0.8874305389833976,-0.808520265299329,0.9400562847305082,0.9405,0.001000000000000112,30,30,1163001.28,516962.85,
2026-08-27T05:56:41.089583+00:00,KXBTC15M-26AUG270200-00,2026-08-27T06:00:00Z,3.32,78692.9,78782.8,0.945,1829.93,0.948,0.02,8822.98,56728.7,8822.98,56728.7,8822.98,56728.7,0.9999781414792754,-0.7308084247421273,0.9479999672122188,0.9464999999999999,0.0030000000000000027,30,30,1163001.28,516962.85,
2026-08-27T05:57:01.291436+00:00,KXBTC15M-26AUG270200-00,2026-08-27T06:00:00Z,2.98,78692.9,78796.56,0.971,745.35,0.972,57.02,18838.38,242259.88999999998,18838.38,242259.88999999998,18838.38,242259.88999999998,0.8578710569936563,-0.8556989289894567,0.9719289355284969,0.9715,0.0010000000000000009,30,23,1187732.00,517866.38,
2026-08-27T05:57:21.454241+00:00,KXBTC15M-26AUG270200-00,2026-08-27T06:00:00Z,2.64,78692.9,78796.56,0.98,300.45,0.984,2319.78,20078.91,208555.24,20078.91,208555.24,20078.91,208555.24,-0.7706689870736539,-0.8243577348353253,0.9804586620258529,0.982,0.0040000000000000036,30,15,1187732.00,517866.38,
2026-08-27T05:57:41.645834+00:00,KXBTC15M-26AUG270200-00,2026-08-27T06:00:00Z,2.31,78692.9,78811.28,0.989,2740.02,0.99,8.64,32082.89,174557.67,32082.89,174557.67,32082.89,174557.67,0.9937133002990549,-0.6894811938179031,0.9899968566501496,0.9895,0.0010000000000000009,30,10,1249839.50,512822.02,
2026-08-27T05:58:01.843898+00:00,KXBTC15M-26AUG270200-00,2026-08-27T06:00:00Z,1.97,78692.9,78821.22,0.994,626.02,0.995,4493.49,26833.49,162363.97999999998,26833.49,162363.97999999998,26833.49,162363.97999999998,-0.7554375321075649,-0.716344092761917,0.9941222812339462,0.9944999999999999,0.0010000000000000009,30,5,1249839.50,512822.02,
2026-08-27T05:58:22.009217+00:00,KXBTC15M-26AUG270200-00,2026-08-27T06:00:00Z,1.63,78692.9,78829.32,0.999,320721.99,,0.0,382030.04,0,382030.04,0,382030.04,0,1.0,1.0,,,,30,0,1352191.69,521220.67,
2026-08-27T05:58:42.208451+00:00,KXBTC15M-26AUG270200-00,2026-08-27T06:00:00Z,1.3,78692.9,78890.78,0.999,329963.76,,0.0,380117.86,0,380117.86,0,380117.86,0,1.0,1.0,,,,30,0,1598143.28,645316.71,
2026-08-27T05:59:02.385655+00:00,KXBTC15M-26AUG270200-00,2026-08-27T06:00:00Z,0.96,78692.9,78876.53,0.999,314167.33,,0.0,363830.97000000003,0,363830.97000000003,0,363830.97000000003,0,1.0,1.0,,,,30,0,1598143.28,645316.71,
2026-08-27T05:59:22.510263+00:00,KXBTC15M-26AUG270200-00,2026-08-27T06:00:00Z,0.63,78692.9,78859.81,0.999,296260.79,,0.0,352886.11,0,352886.11,0,352886.11,0,1.0,1.0,,,,30,0,1641411.63,645704.82,
2026-08-27T05:59:42.678391+00:00,KXBTC15M-26AUG270200-00,2026-08-27T06:00:00Z,0.29,78692.9,78880.14,0.999,302243.11,,0.0,359304.82999999996,0,359304.82999999996,0,359304.82999999996,0,1.0,1.0,,,,30,0,1668868.49,671971.64,
2026-08-27T06:00:22.965420+00:00,KXBTC15M-26AUG270215-15,2026-08-27T06:15:00Z,14.62,78880.34,78854.22,0.42,3924.89,0.43000000000000005,5949.95,25654.89,22349.67,56032.89,39572.69,168116.63,125019.74,-0.20507268978535348,0.06885220904014121,0.42397463655107326,0.42500000000000004,0.010000000000000064,30,30,10701.08,9987.79,
2026-08-27T06:00:43.177123+00:00,KXBTC15M-26AUG270215-15,2026-08-27T06:15:00Z,14.28,78880.34,78843.08,0.38,9974.83,0.39,5550.19,33970.83,25102.19,57680.83,41415.42,185572.57,119371.15,0.28500059903304475,0.15013012708678178,0.38642500299516525,0.385,0.010000000000000009,30,30,10701.08,9987.79,
2026-08-27T06:01:03.311465+00:00,KXBTC15M-26AUG270215-15,2026-08-27T06:15:00Z,13.95,78880.34,78825.0,0.32,1956.02,0.32999999999999996,4316.51,24852.5,18239.92,54897.61,38880.37,155949.88999999998,106408.93,-0.3763218350490153,0.15345111738909076,0.3231183908247549,0.32499999999999996,0.009999999999999953,30,30,94508.56,66951.05,
2026-08-27T06:01:23.451783+00:00,KXBTC15M-26AUG270215-15,2026-08-27T06:15:00Z,13.61,78880.34,78831.46,0.32,9043.8,0.32999999999999996,4203.87,30073.87,18248.77,59918.19,33276.14,150636.15,102699.31,0.3653419808917342,0.24471138166292236,0.3268267099044586,0.32499999999999996,0.009999999999999953,30,30,170440.82,120416.32,
2026-08-27T06:01:43.578245+00:00,KXBTC15M-26AUG270215-15,2026-08-27T06:15:00Z,13.27,78880.34,78832.44,0.34,10672.46,0.35,2545.83,23493.129999999997,16341.83,50854.92,36416.2,151729.21,102079.06,0.6148019146198185,0.17952321277591335,0.3480740095730991,0.345,0.009999999999999953,30,30,170440.82,120416.32,
2026-08-27T06:02:03.724986+00:00,KXBTC15M-26AUG270215-15,2026-08-27T06:15:00Z,12.94,78880.34,78825.0,0.31,6167.47,0.31999999999999995,2950.59,22196.36,16566.260000000002,48685.36,36186.79,137786.93,99315.19,0.3528031182071624,0.14524560001362133,0.31676401559103573,0.31499999999999995,0.009999999999999953,30,30,170440.82,120416.32,
2026-08-27T06:02:23.919438+00:00,KXBTC15M-26AUG270215-15,2026-08-27T06:15:00Z,12.6,78880.34,78826.57,0.32,3917.31,0.32999999999999996,8715.95,18627.71,22390.54,45400.95,39658.07,132638.84,106408.45,-0.37984178272274943,-0.09173550797510868,0.3231007910863863,0.32499999999999996,0.009999999999999953,30,30,219633.39,154453.51,
2026-08-27T06:02:44.170298+00:00,KXBTC15M-26AUG270215-15,2026-08-27T06:15:00Z,12.27,78880.34,78826.57,0.3,3984.01,0.31000000000000005,6872.66,18300.11,23555.489999999998,45522.27,42013.14,128081.06,101804.17,-0.26607145653317266,-0.12555978172574273,0.30366964271733415,0.30500000000000005,0.010000000000000064,30,30,269100.71,178332.98,
2026-08-27T06:03:04.361137+00:00,KXBTC15M-26AUG270215-15,2026-08-27T06:15:00Z,11.93,78880.34,78823.67,0.28,6393.21,0.29000000000000004,328.42,24620.04,15761.15,50796.479999999996,33352.74,128846.05,91839.79,0.9022796553812096,0.2193815982144162,0.2895113982769061,0.28500000000000003,0.010000000000000009,30,30,311499.74,202482.35,
2026-08-27T06:03:24.506674+00:00,KXBTC15M-26AUG270215-15,2026-08-27T06:15:00Z,11.59,78880.34,78793.36,0.2,7599.07,0.20999999999999996,1582.08,22228.57,19303.86,67481.97,40651.86,98490.01,100586.91,0.6553634348638242,0.07041991041699219,0.2082768171743191,0.205,0.009999999999999953,30,30,311499.74,202482.35,
2026-08-27T06:03:44.718486+00:00,KXBTC15M-26AUG270215-15,2026-08-27T06:15:00Z,11.26,78880.34,78801.55,0.22,5760.18,0.22999999999999998,2054.82,21041.17,16832.77,54106.54,39251.770000000004,100421.69,94311.35,0.4741343570057582,0.1111159810677209,0.22737067178502882,0.22499999999999998,0.009999999999999981,30,30,311499.74,202482.35,
2026-08-27T06:04:05.019683+00:00,KXBTC15M-26AUG270215-15,2026-08-27T06:15:00Z,10.92,78880.34,78804.26,0.22,1.04,0.22999999999999998,6754.88,15767.810000000001,21124.31,47297.18,43178.31,102425.01,99037.31,-0.9996921218723727,-0.1451936077406232,0.22000153939063813,0.22499999999999998,0.009999999999999981,30,30,372259.85,223900.14,
2026-08-27T06:04:25.140820+00:00,KXBTC15M-26AUG270215-15,2026-08-27T06:15:00Z,10.58,78880.34,78803.56,0.19,5150.29,0.19999999999999996,7790.44,27148.47,19574.72,76374.46,37472.72,102459.51000000001,98611.22,-0.20401862955181044,0.16209830707192724,0.1939799068522409,0.19499999999999998,0.009999999999999953,30,30,408233.98,241573.56,
2026-08-27T06:04:45.346284+00:00,KXBTC15M-26AUG270215-15,2026-08-27T06:15:00Z,10.25,78880.34,78781.51,0.15,4610.47,0.16000000000000003,5734.11,35495.22,24914.51,78406.6,44703.51,78406.6,100092.62,-0.1086211329991164,0.17514910263628067,0.15445689433500445,0.15500000000000003,0.010000000000000037,30,30,408233.98,241573.56,
2026-08-27T06:05:05.683718+00:00,KXBTC15M-26AUG270215-15,2026-08-27T06:15:00Z,9.91,78880.34,78786.74,0.16,5655.68,0.17000000000000004,661.42,25720.920000000002,22967.53,72614.24,41830.53,72614.24,98699.25,0.7905937851229203,0.05655119437977597,0.16895296892561462,0.16500000000000004,0.010000000000000037,30,30,455683.87,261981.27,
2026-08-27T06:05:25.883799+00:00,KXBTC15M-26AUG270215-15,2026-08-27T06:15:00Z,9.57,78880.34,78793.36,0.17,6688.46,0.18000000000000005,5755.97,12750.27,28684.9,66235.6,45243.9,68551.6,104141.07,0.07493231911787039,-0.3845677476404707,0.17537466159558937,0.17500000000000004,0.010000000000000037,30,30,487519.51,278765.91,
2026-08-27T06:05:46.095854+00:00,KXBTC15M-26AUG270215-15,2026-08-27T06:15:00Z,9.23,78880.34,78807.1,0.18,4092.09,0.18999999999999995,5908.88,19820.54,18178.74,62634.61,36924.74,74244.1,98672.13,-0.1816613788462519,0.0432060817994446,0.1840916931057687,0.18499999999999997,0.009999999999999953,30,30,487519.51,278765.91,
2026-08-27T06:06:06.236563+00:00,KXBTC15M-26AUG270215-15,2026-08-27T06:15:00Z,8.9,78880.34,78794.6,0.15,5230.02,0.16000000000000003,5467.65,27920.06,20871.92,69738.48,40954.92,69738.48,96939.66,-0.022213248305472052,0.14445283835581182,0.15488893375847268,0.15500000000000003,0.010000000000000037,30,30,527258.14,297083.34,
2026-08-27T06:06:26.363467+00:00,KXBTC15M-26AUG270215-15,2026-08-27T06:15:00Z,8.56,78880.34,78821.02,0.23,3938.04,0.24,1337.03,14547.04,19585.96,45385.16,39575.96,94242.99,100729.13,0.4930759212673956,-0.1476260510356546,0.237465379606337,0.235,0.009999999999999981,30,30,527258.14,297083.34,
2026-08-27T06:06:46.483162+00:00,KXBTC15M-26AUG270215-15,2026-08-27T06:15:00Z,8.23,78880.34,78826.95,0.24,5665.95,0.25,33.73,18816.13,12005.59,46134.7,31937.649999999998,95635.08,93394.53,0.9881642478174215,0.22096560477481467,0.24994082123908712,0.245,0.010000000000000009,30,30,565746.20,316784.47,
2026-08-27T06:07:06.675395+00:00,KXBTC15M-26AUG270215-15,2026-08-27T06:15:00Z,7.89,78880.34,78810.46,0.18,7.08,0.18999999999999995,3518.7,12501.18,18219.38,51374.01,38419.06,69458.96,99170.99,-0.9959838673995541,-0.18613592981377944,0.18002008066300224,0.18499999999999997,0.009999999999999953,30,30,595255.80,323753.46,
2026-08-27T06:07:26.808542+00:00,KXBTC15M-26AUG270215-15,2026-08-27T06:15:00Z,7.55,78880.34,78797.41,0.14,6398.24,0.15000000000000002,510.02,29533.71,14119.65,65581.85,39180.65,65581.85,96570.72,0.852344874107228,0.3531013420272804,0.14926172437053617,0.14500000000000002,0.010000000000000009,30,30,595255.80,323753.46,
2026-08-27T06:07:46.931074+00:00,KXBTC15M-26AUG270215-15,2026-08-27T06:15:00Z,7.22,78880.34,78797.41,0.15,5484.36,0.16000000000000003,9581.32,21656.05,26190.17,65788.19,52695.15,65788.19,108031.09,-0.2719399323495521,-0.09476443489161733,0.15364030033825224,0.15500000000000003,0.010000000000000037,30,30,619666.65,331818.40,
2026-08-27T06:08:07.086790+00:00,KXBTC15M-26AUG270215-15,2026-08-27T06:15:00Z,6.88,78880.34,78808.58,0.15,6191.02,0.16000000000000003,386.14,25232.49,13816.39,71490.78,40598.13,71490.78,95709.17,0.8825815397527199,0.2923540956872515,0.15941290769876362,0.15500000000000003,0.010000000000000037,30,30,644448.94,336909.09,
2026-08-27T06:08:27.208956+00:00,KXBTC15M-26AUG270215-15,2026-08-27T06:15:00Z,6.55,78880.34,78801.14,0.11,1639.86,0.12,3029.32,47875.8,13121.62,53875.8,36234.47,53875.8,98261.51,-0.29758115986104633,0.5697647539846766,0.11351209420069477,0.11499999999999999,0.009999999999999995,30,30,644448.94,336909.09,
2026-08-27T06:08:47.331984+00:00,KXBTC15M-26AUG270215-15,2026-08-27T06:15:00Z,6.21,78880.34,78801.15,0.12,4597.18,0.13,1895.65,40335.86,13331.67,52360.73,39248.65,52360.73,97794.72,0.4160789671067932,0.5031755700327555,0.12708039483553396,0.125,0.010000000000000009,30,30,676964.43,343920.43,
2026-08-27T06:09:07.486276+00:00,KXBTC15M-26AUG270215-15,2026-08-27T06:15:00Z,5.88,78880.34,78801.14,0.1,8946.37,0.10999999999999999,2723.61,45042.06,12343.630000000001,45042.06,32705.13,45042.06,97370.18,0.5332279918217512,0.5698011124376129,0.10766613995910874,0.105,0.009999999999999981,30,30,676964.43,343920.43,
2026-08-27T06:09:27.624023+00:00,KXBTC15M-26AUG270215-15,2026-08-27T06:15:00Z,5.54,78880.34,78796.93,0.079,98.02,0.08099999999999996,115.52,48007.39,10004.88,48007.39,27323.88,48007.39,58821.36,-0.08195185913646155,0.655077106963751,0.07991804814086352,0.07999999999999999,0.00199999999999996,30,30,698016.93,344545.60,
2026-08-27T06:09:47.743719+00:00,KXBTC15M-26AUG270215-15,2026-08-27T06:15:00Z,5.21,78880.34,78797.33,0.068,2181.04,0.06899999999999995,851.76,39079.87,9460.9,39079.87,27232.9,39079.87,33413.9,0.43830123977842256,0.6101874774545192,0.06871915061988917,0.06849999999999998,0.0009999999999999454,30,30,698016.93,344545.60,
2026-08-27T06:10:07.941764+00:00,KXBTC15M-26AUG270215-15,2026-08-27T06:15:00Z,4.87,78880.34,78798.9,0.072,655.48,0.07299999999999995,3796.92,39667.2,15085.32,39667.2,32889.32,39667.2,59634.15,-0.7055610457281467,0.4489634449702041,0.07214721947713593,0.07249999999999998,0.0009999999999999593,30,30,739914.92,342213.31,
2026-08-27T06:10:28.082194+00:00,KXBTC15M-26AUG270215-15,2026-08-27T06:15:00Z,4.53,78880.34,78798.91,0.062,2443.69,0.06299999999999994,135.02,46913.33,8443.91,46913.33,8443.91,46913.33,8443.91,0.8952809738202435,0.6949302385740329,0.06294764048691007,0.06249999999999997,0.0009999999999999454,30,30,765084.27,352021.26,
2026-08-27T06:10:48.237027+00:00,KXBTC15M-26AUG270215-15,2026-08-27T06:15:00Z,4.2,78880.34,78781.52,0.034,1000.02,0.03500000000000003,315.6,88252.79,15739.83,88252.79,15739.83,88252.79,15739.83,0.5202262051352214,0.6972894807343059,0.03476011310256764,0.03450000000000002,0.0010000000000000286,30,30,765084.27,352021.26,
2026-08-27T06:11:08.559250+00:00,KXBTC15M-26AUG270215-15,2026-08-27T06:15:00Z,3.86,78880.34,78772.49,0.024,2651.81,0.025000000000000022,4.5,195368.96,22858.0,195368.96,22858.0,195368.96,22858.0,0.9966118412384096,0.7905116764674722,0.024998305920619225,0.02450000000000001,0.0010000000000000217,23,30,814479.04,353911.01,
2026-08-27T06:11:28.812122+00:00,KXBTC15M-26AUG270215-15,2026-08-27T06:15:00Z,3.52,78880.34,78754.38,0.02,1971.58,0.02100000000000002,2981.82,190572.25,17072.98,190572.25,17072.98,190572.25,17072.98,-0.2039488028424921,0.8355562514005257,0.02039802559857876,0.02050000000000001,0.0010000000000000182,20,30,897805.68,377494.62,
2026-08-27T06:11:48.947184+00:00,KXBTC15M-26AUG270215-15,2026-08-27T06:15:00Z,3.19,78880.34,78750.02,0.009,2725.35,0.010000000000000009,162.96,156715.69,35586.83,156715.69,35586.83,156715.69,35586.83,0.887158926846495,0.6298870134411134,0.009943579463423256,0.009500000000000005,0.0010000000000000096,9,30,897805.68,377494.62,
2026-08-27T06:12:09.105530+00:00,KXBTC15M-26AUG270215-15,2026-08-27T06:15:00Z,2.85,78880.34,78754.38,0.01,1338.63,0.01100000000000001,165.02,146164.01,25905.5,146164.01,25905.5,146164.01,25905.5,0.780507431915672,0.6988949407713198,0.010890253715957846,0.010500000000000006,0.0010000000000000096,10,30,978294.51,404717.50,
2026-08-27T06:12:29.241538+00:00,KXBTC15M-26AUG270215-15,2026-08-27T06:15:00Z,2.51,78880.34,78748.45,0.006,1574.44,0.007000000000000006,1982.51,133654.9,28129.06,133654.9,28129.06,133654.9,28129.06,-0.11472469390910751,0.6522639203540327,0.00644263765304545,0.006500000000000003,0.001000000000000006,6,30,978294.51,404717.50,
2026-08-27T06:12:49.375019+00:00,KXBTC15M-26AUG270215-15,2026-08-27T06:15:00Z,2.18,78880.34,78736.52,0.009,35.39,0.010000000000000009,2187.25,131182.2,28549.92,131182.2,28549.92,131182.2,28549.92,-0.9681549868624699,0.6425275016696705,0.009015922506568765,0.009500000000000005,0.0010000000000000096,7,30,1037663.91,415705.06,
2026-08-27T06:13:09.608390+00:00,KXBTC15M-26AUG270215-15,2026-08-27T06:15:00Z,1.84,78880.34,78690.02,,0.0,0.0010000000000000009,334931.63,0,470135.48,0,470135.48,0,470135.48,-1.0,-1.0,,,,0,30,1078473.40,428742.09,
2026-08-27T06:13:29.751090+00:00,KXBTC15M-26AUG270215-15,2026-08-27T06:15:00Z,1.51,78880.34,78647.62,,0.0,0.0010000000000000009,363031.97,0,426202.95999999996,0,426202.95999999996,0,426202.95999999996,-1.0,-1.0,,,,0,30,1078473.40,428742.09,
2026-08-27T06:13:49.906641+00:00,KXBTC15M-26AUG270215-15,2026-08-27T06:15:00Z,1.17,78880.34,78660.84,,0.0,0.0010000000000000009,377424.01,0,441059.0,0,441059.0,0,441059.0,-1.0,-1.0,,,,0,30,1295247.24,566416.18,
2026-08-27T06:14:10.101371+00:00,KXBTC15M-26AUG270215-15,2026-08-27T06:15:00Z,0.83,78880.34,78645.61,,0.0,0.0010000000000000009,366230.01,0,439618.47000000003,0,439618.47000000003,0,439618.47000000003,-1.0,-1.0,,,,0,30,1295247.24,566416.18,
2026-08-27T06:14:30.237475+00:00,KXBTC15M-26AUG270215-15,2026-08-27T06:15:00Z,0.5,78880.34,78668.87,,0.0,0.0010000000000000009,343726.83,0,419783.29000000004,0,419783.29000000004,0,419783.29000000004,-1.0,-1.0,,,,0,30,1314405.60,582260.25,
2026-08-27T06:15:30.548300+00:00,KXBTC15M-26AUG270230-30,2026-08-27T06:30:00Z,14.49,78665.97,78647.68,0.46,4722.56,0.47,10720.33,20484.56,27719.41,43691.56,47105.51,149640.0,148212.85,-0.3883839100064819,-0.15008826036527692,0.4630580804499676,0.46499999999999997,0.009999999999999953,30,30,19144.71,12899.34,
2026-08-27T06:15:50.740470+00:00,KXBTC15M-26AUG270230-30,2026-08-27T06:30:00Z,14.16,78665.97,78636.57,0.42,7413.23,0.43000000000000005,5771.31,27504.23,24641.41,50827.24,45931.51,159602.18,138271.58,0.12453373420688163,0.05490046722985852,0.42562266867103443,0.42500000000000004,0.010000000000000064,30,30,87821.11,60112.23,
2026-08-27T06:16:10.954107+00:00,KXBTC15M-26AUG270230-30,2026-08-27T06:30:00Z,13.82,78665.97,78631.89,0.4,3486.02,0.41000000000000003,7955.02,20354.07,24546.9,43214.28,44854.200000000004,165498.57,135501.77,-0.39061134302475997,-0.09337949714672092,0.40304694328487617,0.405,0.010000000000000009,30,30,87821.11,60112.23,
2026-08-27T06:16:31.135895+00:00,KXBTC15M-26AUG270230-30,2026-08-27T06:30:00Z,13.48,78665.97,78651.77,0.45,5758.04,0.45999999999999996,1994.68,27761.04,17677.08,48021.14,38534.270000000004,125621.03,128967.17,0.48542447037942804,0.221927315654785,0.45742712235189714,0.45499999999999996,0.009999999999999953,30,30,168587.35,115409.77,
2026-08-27T06:16:51.345842+00:00,KXBTC15M-26AUG270230-30,2026-08-27T06:30:00Z,13.15,78665.97,78665.03,0.52,9.02,0.53,5162.4,11248.45,24324.5,27339.65,46392.97,107091.65000000001,136846.55,-0.9965115964280602,-0.36758407722721903,0.5200174420178597,0.525,0.010000000000000009,30,30,308754.38,141556.66,
2026-08-27T06:17:11.623562+00:00,KXBTC15M-26AUG270230-30,2026-08-27T06:30:00Z,12.81,78665.97,78670.01,0.51,5421.19,0.52,4317.77,25888.02,19661.370000000003,40080.12,34870.74,120911.77,126774.81,0.1132995720282247,0.13670106229743137,0.5155664978601412,0.515,0.010000000000000009,30,30,308754.38,141556.66,
2026-08-27T06:17:31.754354+00:00,KXBTC15M-26AUG270230-30,2026-08-27T06:30:00Z,12.47,78665.97,78670.0,0.54,4056.66,0.55,5704.02,16868.17,21448.66,31479.37,36832.56,115004.65,134350.27,-0.16877512632316607,-0.11954250912719036,0.5441561243683842,0.545,0.010000000000000009,30,30,353774.21,161997.27,
2026-08-27T06:17:52.024880+00:00,KXBTC15M-26AUG270230-30,2026-08-27T06:30:00Z,12.14,78665.97,78717.66,0.69,10542.48,0.7,5270.96,25570.579999999998,25109.91,40282.68,49390.6,108316.27,129593.92,0.33335694194305604,0.009089691121770887,0.6966667847097153,0.695,0.010000000000000009,30,30,404413.21,169432.63,
2026-08-27T06:18:12.333920+00:00,KXBTC15M-26AUG270230-30,2026-08-27T06:30:00Z,11.8,78665.97,78712.76,0.69,195.82,0.7,6007.22,18457.13,26213.7,33846.229999999996,52151.39,103998.45,138348.38,-0.9368632154556477,-0.1736383675879763,0.6903156839227216,0.695,0.010000000000000009,30,30,404413.21,169432.63,
2026-08-27T06:18:32.456739+00:00,KXBTC15M-26AUG270230-30,2026-08-27T06:30:00Z,11.46,78665.97,78722.23,0.72,12319.02,0.73,3464.63,27849.24,16085.32,44088.21,45046.72,104271.84,118570.5,0.560984943279913,0.26776005040223466,0.7278049247163995,0.725,0.010000000000000009,30,30,404413.21,169432.63,
2026-08-27T06:18:52.598539+00:00,KXBTC15M-26AUG270230-30,2026-08-27T06:30:00Z,11.12,78665.97,78695.2,0.63,13458.28,0.64,0.02,25221.28,8902.97,50145.8,27595.15,127771.78,126365.32,0.9999970278564156,0.4782027443826604,0.6399999851392821,0.635,0.010000000000000009,30,30,481536.83,177870.13,
2026-08-27T06:19:12.955393+00:00,KXBTC15M-26AUG270230-30,2026-08-27T06:30:00Z,10.79,78665.97,78698.52,0.67,4277.09,0.6799999999999999,1132.27,16931.13,17541.82,32411.23,38260.51,111468.54,134885.86,0.58136637236198,-0.017715049045701012,0.6779068318618098,0.675,0.009999999999999898,30,30,545223.16,192331.01,
2026-08-27T06:19:33.074088+00:00,KXBTC15M-26AUG270230-30,2026-08-27T06:30:00Z,10.45,78665.97,78700.0,0.63,7395.49,0.64,0.02,19893.59,15729.66,44710.27,32385.45,121855.45999999999,133159.09,0.999994591312837,0.11688798748008675,0.6399999729565641,0.635,0.010000000000000009,30,30,545223.16,192331.01,
2026-08-27T06:19:53.197388+00:00,KXBTC15M-26AUG270230-30,2026-08-27T06:30:00Z,10.11,78665.97,78696.01,0.66,3413.08,0.6699999999999999,4671.81,17077.2,18701.690000000002,42011.4,38770.340000000004,113254.17,134855.11000000002,-0.15568919305024564,-0.04540358854061715,0.6642215540347487,0.665,0.009999999999999898,30,30,587825.53,204186.54,
2026-08-27T06:20:13.367587+00:00,KXBTC15M-26AUG270230-30,2026-08-27T06:30:00Z,9.78,78665.97,78707.07,0.7,3025.74,0.71,4430.75,19863.8,20511.57,35512.07,46232.68,103993.5,120275.7,-0.1884277991387369,-0.016043691983503815,0.7040578610043062,0.705,0.010000000000000009,30,30,632186.08,222719.01,
2026-08-27T06:20:33.633760+00:00,KXBTC15M-26AUG270230-30,2026-08-27T06:30:00Z,9.44,78665.97,78710.32,0.72,6624.61,0.73,698.82,24932.18,11092.03,40991.31,42107.7,105838.91,109035.67,0.8091549997746958,0.38419024317257755,0.7290457749988736,0.725,0.010000000000000009,30,30,632186.08,222719.01,
2026-08-27T06:20:53.762443+00:00,KXBTC15M-26AUG270230-30,2026-08-27T06:30:00Z,9.1,78665.97,78693.37,0.69,5502.38,0.7,1108.02,19223.33,13922.14,35485.6,39146.96,103634.01,110983.24,0.6647646133365607,0.1599370894423884,0.6983238230666827,0.695,0.010000000000000009,30,30,674181.55,239287.84,
2026-08-27T06:21:13.913357+00:00,KXBTC15M-26AUG270230-30,2026-08-27T06:30:00Z,8.77,78665.97,78710.32,0.74,4680.99,0.75,6104.39,17792.989999999998,26057.4,37088.19,49063.93,99001.67,111319.81999999999,-0.13197495127663564,-0.18846833517330186,0.7443401252436167,0.745,0.010000000000000009,30,30,708504.26,252132.37,
2026-08-27T06:21:34.037572+00:00,KXBTC15M-26AUG270230-30,2026-08-27T06:30:00Z,8.43,78665.97,78741.96,0.88,7906.58,0.89,2545.75,24747.77,53500.05,48387.65,53500.05,111441.74,53500.05,0.5128837302304845,-0.3674515149431639,0.8875644186511524,0.885,0.010000000000000009,30,30,708504.26,252132.37,
2026-08-27T06:21:54.163935+00:00,KXBTC15M-26AUG270230-30,2026-08-27T06:30:00Z,8.1,78665.97,78773.63,0.88,1347.84,0.89,5665.47,21250.149999999998,46976.76,44949.03,46976.76,113131.82,46976.76,-0.6156337022033819,-0.3770742365439092,0.8819218314889831,0.885,0.010000000000000009,30,30,765574.57,239463.03,
2026-08-27T06:22:14.350709+00:00,KXBTC15M-26AUG270230-30,2026-08-27T06:30:00Z,7.76,78665.97,78749.97,0.86,2550.0,0.88,6778.64,21310.33,39745.18,43752.43,55293.56,108822.59,55293.56,-0.4532965148188804,-0.30193589407409743,0.8654670348518112,0.87,0.020000000000000018,30,30,765574.57,239463.03,
2026-08-27T06:22:34.485981+00:00,KXBTC15M-26AUG270230-30,2026-08-27T06:30:00Z,7.43,78665.97,78749.9,0.87,841.76,0.88,8646.21,18071.08,42053.88,37788.9,50679.159999999996,101880.96,50679.159999999996,-0.8225626767369626,-0.39888259385120584,0.8708871866163151,0.875,0.010000000000000009,30,30,846085.84,248504.52,
2026-08-27T06:22:54.618530+00:00,KXBTC15M-26AUG270230-30,2026-08-27T06:30:00Z,7.09,78665.97,78721.0,0.79,5372.31,0.8,603.51,20926.78,12535.51,39013.41,32148.05,103063.35,65570.61,0.7980160044981274,0.2507679540162971,0.7989900800224907,0.795,0.010000000000000009,30,30,908835.28,265701.45,
2026-08-27T06:23:14.815723+00:00,KXBTC15M-26AUG270230-30,2026-08-27T06:30:00Z,6.75,78665.97,78713.16,0.83,9067.28,0.84,0.02,28495.28,15107.22,45770.76,55563.55,105968.99,61563.55,0.9999955885434473,0.3070479903675248,0.8399999779427171,0.835,0.010000000000000009,30,30,908835.28,265701.45,
2026-08-27T06:23:34.959639+00:00,KXBTC15M-26AUG270230-30,2026-08-27T06:30:00Z,6.42,78665.97,78739.4,0.87,461.6,0.88,7891.3,13202.77,38468.96,47001.15,53729.73,110822.28,53729.73,-0.8894755114990004,-0.4889751126970202,0.8705526224425051,0.875,0.010000000000000009,30,30,955114.83,278023.03,
2026-08-27T06:23:55.088822+00:00,KXBTC15M-26AUG270230-30,2026-08-27T06:30:00Z,6.08,78665.97,78727.48,0.85,3411.65,0.86,5301.31,23645.010000000002,20216.41,49312.29,50559.19,111948.83,50559.19,-0.2168792235933598,0.07816892385153063,0.8539156038820331,0.855,0.010000000000000009,30,30,955114.83,278023.03,
2026-08-27T06:24:15.300961+00:00,KXBTC15M-26AUG270230-30,2026-08-27T06:30:00Z,5.75,78665.97,78715.92,0.86,3953.28,0.87,9605.02,16219.8,33383.62,35291.23,62283.17,95689.22,62283.17,-0.4168472448610814,-0.34602089936540675,0.8629157637756946,0.865,0.010000000000000009,30,30,986616.62,290825.42,
2026-08-27T06:24:35.463729+00:00,KXBTC15M-26AUG270230-30,2026-08-27T06:30:00Z,5.41,78665.97,78696.37,0.71,234.02,0.72,10036.6,7258.22,29218.45,22548.57,51606.83,86161.88,120813.59,-0.954429236014963,-0.6020349445275569,0.710227853819925,0.715,0.010000000000000009,30,30,1028402.23,300982.03,
2026-08-27T06:24:55.620826+00:00,KXBTC15M-26AUG270230-30,2026-08-27T06:30:00Z,5.07,78665.97,78674.57,0.54,711.68,0.55,4028.7,10846.78,20027.89,25775.74,31645.989999999998,113628.76,118737.25,-0.6997371518739004,-0.29736706497591714,0.5415013142406305,0.545,0.010000000000000009,30,30,1028402.23,300982.03,
2026-08-27T06:25:15.778269+00:00,KXBTC15M-26AUG270230-30,2026-08-27T06:30:00Z,4.74,78665.97,78663.05,0.51,5438.43,0.52,824.6,22525.11,15772.7,35291.98,33221.8,118858.76,108973.35,0.7366769758407671,0.1763132147765107,0.5186833848792037,0.515,0.010000000000000009,30,30,1142660.49,271805.41,
2026-08-27T06:25:35.948009+00:00,KXBTC15M-26AUG270230-30,2026-08-27T06:30:00Z,4.4,78665.97,78675.41,0.6,6641.0,0.61,0.02,24131.1,11618.08,42801.49,23470.989999999998,123956.7,96469.72,0.9999939768288605,0.3500225739443534,0.6099999698841443,0.605,0.010000000000000009,30,30,1226303.06,266120.75,
2026-08-27T06:25:56.071448+00:00,KXBTC15M-26AUG270230-30,2026-08-27T06:30:00Z,4.07,78665.97,78660.03,0.47,87.04,0.48,5798.18,17154.35,17283.25,44125.1,31738.35,119174.88,93162.0,-0.970420816893846,-0.003743001835203425,0.47014789591553074,0.475,0.010000000000000009,30,30,1226303.06,266120.75,
2026-08-27T06:26:16.223103+00:00,KXBTC15M-26AUG270230-30,2026-08-27T06:30:00Z,3.73,78665.97,78658.65,0.42,1527.44,0.43000000000000005,10739.22,14129.619999999999,23846.239999999998,34777.89,36262.26,105200.55,93509.87,-0.7509607342177903,-0.25586306669552705,0.42124519632891105,0.42500000000000004,0.010000000000000064,30,30,1297610.20,271178.17,
2026-08-27T06:26:36.415426+00:00,KXBTC15M-26AUG270230-30,2026-08-27T06:30:00Z,3.39,78665.97,78660.44,0.51,5657.81,0.52,3627.99,28874.0,15107.92,42974.06,34092.02,113054.8,92362.56,0.21859398220939508,0.3129940666528428,0.516092969911047,0.515,0.010000000000000009,30,30,1297610.20,271178.17,
2026-08-27T06:26:56.633129+00:00,KXBTC15M-26AUG270230-30,2026-08-27T06:30:00Z,3.06,78665.97,78656.7,0.43,65.19,0.43999999999999995,10368.18,11640.7,20388.2,30475.78,35570.22,104060.03,97424.93,-0.987503558294204,-0.2731127200746825,0.43006248220852894,0.43499999999999994,0.009999999999999953,30,30,1414124.23,252139.63,
2026-08-27T06:27:16.868898+00:00,KXBTC15M-26AUG270230-30,2026-08-27T06:30:00Z,2.72,78665.97,78656.7,0.39,2855.02,0.4,7012.25,17722.04,19293.45,28584.14,33746.17,108115.09,92727.95,-0.4213151155284085,-0.04245276774669198,0.3928934244223579,0.395,0.010000000000000009,30,30,1414124.23,252139.63,
2026-08-27T06:27:37.020660+00:00,KXBTC15M-26AUG270230-30,2026-08-27T06:30:00Z,2.38,78665.97,78655.92,0.39,1720.78,0.4,6284.07,17611.78,17589.07,30439.08,31546.69,114093.79,90204.45999999999,-0.5700656477010813,0.000645154875521447,0.3921496717614946,0.395,0.010000000000000009,30,30,1477244.54,255271.16,
2026-08-27T06:27:57.161600+00:00,KXBTC15M-26AUG270230-30,2026-08-27T06:30:00Z,2.05,78665.97,78655.15,0.41,5084.8,0.42000000000000004,7700.03,20654.13,19196.5,35854.53,33920.5,113453.97,92812.27,-0.20455727608423419,0.0365773389278915,0.41397721361957884,0.41500000000000004,0.010000000000000064,30,30,1585178.03,259976.58,
2026-08-27T06:28:17.391007+00:00,KXBTC15M-26AUG270230-30,2026-08-27T06:30:00Z,1.71,78665.97,78613.78,0.055,78.02,0.05600000000000005,194.11,44039.909999999996,39533.93,44039.909999999996,39533.93,44039.909999999996,39533.93,-0.42659758203799664,0.05391615366722405,0.055286701208981014,0.05550000000000002,0.0010000000000000495,30,30,1585178.03,259976.58,
2026-08-27T06:28:37.613883+00:00,KXBTC15M-26AUG270230-30,2026-08-27T06:30:00Z,1.38,78665.97,78609.83,0.029,106.02,0.030000000000000027,10.01,106780.22,19750.22,106780.22,19750.22,106780.22,19750.22,0.8274584159269154,0.6878186782563943,0.029913729207963483,0.029500000000000012,0.0010000000000000252,26,30,1737211.00,272866.90,
2026-08-27T06:28:57.737826+00:00,KXBTC15M-26AUG270230-30,2026-08-27T06:30:00Z,1.04,78665.97,78610.95,0.013,237.83,0.014000000000000012,4658.68,95436.05,28264.55,95436.05,28264.55,95436.05,28264.55,-0.9028573412491755,0.5430167679057336,0.013048571329375412,0.013500000000000005,0.001000000000000013,12,30,1737211.00,272866.90,
2026-08-27T06:29:17.928454+00:00,KXBTC15M-26AUG270230-30,2026-08-27T06:30:00Z,0.7,78665.97,78638.7,0.008,538.02,0.009000000000000008,1254.07,71880.98,38856.43,71880.98,41256.43,71880.98,41256.43,-0.39956140595617406,0.29822396965939507,0.008300219297021915,0.008500000000000004,0.0010000000000000078,6,30,1939256.36,295244.64,
2026-08-27T06:29:38.122210+00:00,KXBTC15M-26AUG270230-30,2026-08-27T06:30:00Z,0.37,78665.97,78638.71,0.015,0.02,0.016000000000000014,388.66,45059.240000000005,39045.52,45059.240000000005,39045.52,45059.240000000005,39045.52,-0.9998970875784708,0.07150273064211833,0.015000051456210766,0.015500000000000007,0.0010000000000000148,11,30,2123115.91,328152.68,
2026-08-27T06:30:38.352543+00:00,KXBTC15M-26AUG270245-45,2026-08-27T06:45:00Z,14.36,78638.62,78711.28,0.74,11305.76,0.75,4214.18,24021.190000000002,19067.73,46963.76,41217.22,114237.55,121212.69,0.45693346752629194,0.11495901962731958,0.7472846673376314,0.745,0.010000000000000009,30,30,167135.90,80280.64,
2026-08-27T06:30:58.546095+00:00,KXBTC15M-26AUG270245-45,2026-08-27T06:45:00Z,14.03,78638.62,78776.17,0.85,8496.29,0.86,7651.68,35114.82,48335.7,53150.82,100383.44,110967.39,100383.44,0.052304407303209045,-0.15842777252915857,0.8552615220365161,0.855,0.010000000000000009,30,30,167135.90,80280.64,
2026-08-27T06:31:18.752397+00:00,KXBTC15M-26AUG270245-45,2026-08-27T06:45:00Z,13.69,78638.62,78777.12,0.84,1560.02,0.85,5146.1,30051.15,44871.25,50350.03,102389.86,106397.06,102389.86,-0.5347473650933774,-0.19780599660448678,0.842326263174533,0.845,0.010000000000000009,30,30,167135.90,80280.64,
2026-08-27T06:31:38.978884+00:00,KXBTC15M-26AUG270245-45,2026-08-27T06:45:00Z,13.35,78638.62,78745.19,0.78,4579.29,0.79,3088.81,20896.37,24135.649999999998,44075.68,52176.409999999996,99817.58,107526.87,0.19437409527783936,-0.07193281580528697,0.7859718704763893,0.785,0.010000000000000009,30,30,330554.32,172293.71,
2026-08-27T06:31:59.132192+00:00,KXBTC15M-26AUG270245-45,2026-08-27T06:45:00Z,13.02,78638.62,78733.45,0.76,3302.04,0.77,4584.02,17844.58,11246.32,37749.89,36864.2,97877.43000000001,87841.59,-0.16256280068881043,0.2268152583797683,0.764187185996556,0.765,0.010000000000000009,30,30,439860.78,246655.10,
2026-08-27T06:32:19.408217+00:00,KXBTC15M-26AUG270245-45,2026-08-27T06:45:00Z,12.68,78638.62,78710.15,0.71,5573.74,0.72,343.02,24020.64,5694.02,36797.98,20193.02,113125.46,83830.09,0.8840514065130238,0.6167534812782647,0.7194202570325651,0.715,0.010000000000000009,30,30,521996.41,287277.96,
2026-08-27T06:32:39.532401+00:00,KXBTC15M-26AUG270245-45,2026-08-27T06:45:00Z,12.34,78638.62,78693.18,0.7,816.9,0.71,6671.47,14945.47,18485.47,35102.51,36829.47,113848.36,96392.88,-0.7818216781489163,-0.10588993309790277,0.7010908916092553,0.705,0.010000000000000009,30,30,521996.41,287277.96,
2026-08-27T06:32:59.668532+00:00,KXBTC15M-26AUG270245-45,2026-08-27T06:45:00Z,12.01,78638.62,78686.49,0.67,3888.45,0.6799999999999999,3814.02,18023.010000000002,19849.19,35864.05,37862.06,123949.41,99903.32,0.009663134033628153,-0.048219538342108376,0.6750483156701682,0.675,0.009999999999999898,30,30,521996.41,287277.96,
2026-08-27T06:33:19.829957+00:00,KXBTC15M-26AUG270245-45,2026-08-27T06:45:00Z,11.67,78638.62,78716.55,0.76,4166.27,0.77,2825.0,13471.880000000001,16140.74,42264.88,44730.93,110228.47,86086.45999999999,0.19184926343854555,-0.09012576394793836,0.7659592463171928,0.765,0.010000000000000009,30,30,579137.29,291371.89,
2026-08-27T06:33:40.021576+00:00,KXBTC15M-26AUG270245-45,2026-08-27T06:45:00Z,11.33,78638.62,78689.11,0.69,4008.51,0.7,1170.6,20871.82,18123.76,42041.3,36979.409999999996,125548.93,97098.44,0.5479532197616965,0.07047106364362322,0.6977397660988084,0.695,0.010000000000000009,30,30,622655.44,297625.14,
2026-08-27T06:34:00.144740+00:00,KXBTC15M-26AUG270245-45,2026-08-27T06:45:00Z,11.0,78638.62,78706.71,0.77,3536.85,0.78,4393.62,16632.85,19114.72,39653.85,45942.11,106171.08,90992.36,-0.10803521102784577,-0.0694276562015265,0.7744598239448608,0.775,0.010000000000000009,30,30,622655.44,297625.14,
2026-08-27T06:34:20.344447+00:00,KXBTC15M-26AUG270245-45,2026-08-27T06:45:00Z,10.66,78638.62,78710.47,0.77,7869.23,0.78,317.08,19916.66,9661.11,41987.659999999996,37103.5,109803.79,82146.46,0.9225340843432511,0.346731683964004,0.7796126704217163,0.775,0.010000000000000009,30,30,657815.04,305546.91,
2026-08-27T06:34:40.619697+00:00,KXBTC15M-26AUG270245-45,2026-08-27T06:45:00Z,10.33,78638.62,78718.64,0.79,1354.26,0.8,5148.44,17753.22,16017.96,35459.65,48820.08,106839.8,82574.70999999999,-0.5834776323680931,0.05138286550840101,0.7920826118381595,0.795,0.010000000000000009,30,30,689566.73,316714.18,
2026-08-27T06:35:00.794902+00:00,KXBTC15M-26AUG270245-45,2026-08-27T06:45:00Z,9.99,78638.62,78741.95,0.84,1.02,0.85,5371.07,12839.07,25803.21,29486.420000000002,68136.84,93580.4,68136.84,-0.9996202595265529,-0.33549107350808494,0.8400018987023671,0.845,0.010000000000000009,30,30,689566.73,316714.18,
2026-08-27T06:35:21.132188+00:00,KXBTC15M-26AUG270245-45,2026-08-27T06:45:00Z,9.65,78638.62,78741.95,0.84,4408.52,0.85,4815.13,19020.03,21695.260000000002,35925.380000000005,61851.54,103112.71,61851.54,-0.04408341600125759,-0.06570578276613044,0.8447795829199936,0.845,0.010000000000000009,30,30,719767.51,324456.93,
2026-08-27T06:35:41.401959+00:00,KXBTC15M-26AUG270245-45,2026-08-27T06:45:00Z,9.31,78638.62,78736.98,0.82,7818.66,0.83,10.02,23999.17,8427.039999999999,40734.6,55772.5,106514.52,57774.5,0.997440181486534,0.4802328116668584,0.8299872009074326,0.825,0.010000000000000009,30,30,719767.51,324456.93,
2026-08-27T06:36:01.565313+00:00,KXBTC15M-26AUG270245-45,2026-08-27T06:45:00Z,8.98,78638.62,78745.47,0.86,2165.98,0.87,3591.61,15593.98,34385.22,31576.2,59750.35,96242.89,59750.35,-0.2476088085466315,-0.375981208182604,0.8637619559572669,0.865,0.010000000000000009,30,30,765495.76,337962.55,
2026-08-27T06:36:21.831467+00:00,KXBTC15M-26AUG270245-45,2026-08-27T06:45:00Z,8.64,78638.62,78750.1,0.86,4341.87,0.87,2300.23,16353.869999999999,32584.37,31845.02,52240.55,96677.22,52240.55,0.30737869047439814,-0.3316527116626998,0.866536893452372,0.865,0.010000000000000009,30,30,812210.87,359824.34,
2026-08-27T06:36:41.953283+00:00,KXBTC15M-26AUG270245-45,2026-08-27T06:45:00Z,8.3,78638.62,78731.8,0.84,1139.38,0.85,4454.6,14099.18,22228.09,30920.96,62213.46,97466.17,62213.46,-0.59264066013822,-0.22376881059325401,0.8420367966993089,0.845,0.010000000000000009,30,30,812210.87,359824.34,
2026-08-27T06:37:02.316152+00:00,KXBTC15M-26AUG270245-45,2026-08-27T06:45:00Z,7.96,78638.62,78730.08,0.84,2862.75,0.85,6384.22,18696.53,23391.57,35440.31,70343.84,103360.08,70343.84,-0.3808242051180008,-0.11155267165778453,0.8430958789744099,0.845,0.010000000000000009,30,30,844700.65,368956.17,
2026-08-27T06:37:22.519735+00:00,KXBTC15M-26AUG270245-45,2026-08-27T06:45:00Z,7.63,78638.62,78738.73,0.85,1281.52,0.86,8957.99,17593.8,25057.12,34934.67,67207.45,98653.76,67207.45,-0.7496911473302921,-0.17498614332352033,0.8512515442633485,0.855,0.010000000000000009,30,30,878368.65,384885.30,
2026-08-27T06:37:42.655577+00:00,KXBTC15M-26AUG270245-45,2026-08-27T06:45:00Z,7.29,78638.62,78748.55,0.88,2979.91,0.89,3913.74,13702.91,49835.14,32576.08,55838.14,98574.08,55838.14,-0.13546234578198776,-0.5686707413903951,0.8843226882710901,0.885,0.010000000000000009,30,30,878368.65,384885.30,
2026-08-27T06:38:02.835591+00:00,KXBTC15M-26AUG270245-45,2026-08-27T06:45:00Z,6.95,78638.62,78772.06,0.926,112.0,0.927,181.02,10262.68,44885.67,30445.48,44885.67,42240.37,44885.67,-0.2355470616340182,-0.6278155194126388,0.9263822264691831,0.9265000000000001,0.0010000000000000009,30,30,878368.65,384885.30,
2026-08-27T06:38:22.992221+00:00,KXBTC15M-26AUG270245-45,2026-08-27T06:45:00Z,6.62,78638.62,78736.45,0.906,12.02,0.909,627.02,11208.380000000001,39125.09,28355.38,39125.09,74486.75,39125.09,-0.9623810716074112,-0.5546351165536569,0.9060564283925889,0.9075,0.0030000000000000027,30,30,922615.42,391035.29,
2026-08-27T06:38:43.114275+00:00,KXBTC15M-26AUG270245-45,2026-08-27T06:45:00Z,6.28,78638.62,78741.96,0.926,1947.26,0.9299999999999999,2678.18,12465.98,47412.8,30460.98,47412.8,30460.98,47412.8,-0.1580217233387526,-0.583626119303032,0.9276839565533225,0.9279999999999999,0.0039999999999998925,30,30,986747.34,410268.74,
2026-08-27T06:39:03.251578+00:00,KXBTC15M-26AUG270245-45,2026-08-27T06:45:00Z,5.95,78638.62,78753.57,0.94,2600.92,0.943,49.02,15219.15,60404.07,18185.15,60404.07,18185.15,60404.07,0.9630029359155302,-0.5975006089399525,0.9429445044038733,0.9415,0.0030000000000000027,30,30,986747.34,410268.74,
2026-08-27T06:39:23.446733+00:00,KXBTC15M-26AUG270245-45,2026-08-27T06:45:00Z,5.61,78638.62,78742.59,0.921,738.0,0.922,0.02,12794.13,25090.19,31383.13,25090.19,61607.16,25090.19,0.9999458009268042,-0.3245685814078225,0.9219999729004634,0.9215,0.0010000000000000009,30,30,1040457.36,413426.79,
2026-08-27T06:39:43.568293+00:00,KXBTC15M-26AUG270245-45,2026-08-27T06:45:00Z,5.27,78638.62,78738.74,0.929,10.02,0.933,1215.38,14775.3,34575.53,31794.3,34575.53,43531.17,34575.53,-0.983646156357108,-0.4012137181887315,0.929032707687286,0.931,0.0040000000000000036,30,30,1040457.36,413426.79,
2026-08-27T06:40:03.690991+00:00,KXBTC15M-26AUG270245-45,2026-08-27T06:45:00Z,4.94,78638.62,78725.08,0.926,22.01,0.9299999999999999,92.02,14857.24,34819.81,18270.24,34819.81,18270.24,34819.81,-0.6139612382706304,-0.401846929316455,0.9267720775234588,0.9279999999999999,0.0039999999999998925,30,30,1067070.21,414952.76,
2026-08-27T06:40:23.879942+00:00,KXBTC15M-26AUG270245-45,2026-08-27T06:45:00Z,4.6,78638.62,78747.32,0.933,567.05,0.937,565.02,28739.71,26414.41,31771.11,26414.41,31771.11,26414.41,0.0017931753336807555,0.04216004171583192,0.9350035863506673,0.935,0.0040000000000000036,30,30,1108494.24,423176.15,
2026-08-27T06:40:44.005191+00:00,KXBTC15M-26AUG270245-45,2026-08-27T06:45:00Z,4.27,78638.62,78732.1,0.938,1184.77,0.94,82.03,24116.39,38064.07,24116.39,38064.07,24116.39,38064.07,0.8704925797284496,-0.224309694717601,0.9398704925797285,0.939,0.0020000000000000018,30,30,1108494.24,423176.15,
2026-08-27T06:41:04.165252+00:00,KXBTC15M-26AUG270245-45,2026-08-27T06:45:00Z,3.93,78638.62,78732.1,0.945,73.44,0.946,1149.97,10921.31,43699.77,10921.31,43699.77,10921.31,43699.77,-0.8799421289673943,-0.6001064058052313,0.9450600289355162,0.9455,0.0010000000000000009,30,30,1143239.39,427824.91,
2026-08-27T06:41:24.309863+00:00,KXBTC15M-26AUG270245-45,2026-08-27T06:45:00Z,3.6,78638.62,78720.01,0.942,0.02,0.943,970.47,13566.38,35621.4,13566.38,35621.4,13566.38,35621.4,-0.9999587837071995,-0.44838413118054943,0.9420000206081464,0.9424999999999999,0.0010000000000000009,30,30,1182738.06,426114.22,
2026-08-27T06:41:44.534670+00:00,KXBTC15M-26AUG270245-45,2026-08-27T06:45:00Z,3.26,78638.62,78712.39,0.937,30.88,0.938,2341.88,19036.15,32518.49,19036.15,32518.49,19036.15,32518.49,-0.9739712402434295,-0.26151554932785875,0.9370130143798783,0.9375,0.0009999999999998899,30,30,1182738.06,426114.22,
2026-08-27T06:42:04.666682+00:00,KXBTC15M-26AUG270245-45,2026-08-27T06:45:00Z,2.92,78638.62,78705.68,0.942,71.02,0.943,0.02,15221.93,34346.08,15221.93,34346.08,15221.93,34346.08,0.999436936936937,-0.38581637632820037,0.9429997184684684,0.9424999999999999,0.0010000000000000009,30,30,1213854.36,428822.75,
2026-08-27T06:42:24.817473+00:00,KXBTC15M-26AUG270245-45,2026-08-27T06:45:00Z,2.59,78638.62,78705.68,0.97,1488.93,0.971,149.52,20866.94,159348.32,20866.94,159348.32,20866.94,159348.32,0.8174860386340749,-0.768422052605312,0.9709087430193171,0.9704999999999999,0.0010000000000000009,30,26,1213854.36,428822.75,
2026-08-27T06:42:44.990369+00:00,KXBTC15M-26AUG270245-45,2026-08-27T06:45:00Z,2.25,78638.62,78722.35,0.985,3278.84,0.986,0.02,23969.05,132362.83,23969.05,132362.83,23969.05,132362.83,0.9999878006380266,-0.6933568508227497,0.9859999939003189,0.9855,0.0010000000000000009,30,13,1244184.57,435646.25,
2026-08-27T06:43:05.129748+00:00,KXBTC15M-26AUG270245-45,2026-08-27T06:45:00Z,1.92,78638.62,78722.82,0.99,2400.54,0.991,927.37,25819.09,124553.37000000001,25819.09,124553.37000000001,25819.09,124553.37000000001,0.44267122608484005,-0.6565981563379358,0.9907213356130425,0.9904999999999999,0.0010000000000000009,30,9,1327707.35,451243.14,
2026-08-27T06:43:25.288903+00:00,KXBTC15M-26AUG270245-45,2026-08-27T06:45:00Z,1.58,78638.62,78709.41,0.99,42.4,0.992,1096.49,28345.32,87482.87,28345.32,87482.87,28345.32,87482.87,-0.9255415360570378,-0.5105626704518131,0.9900744584639429,0.991,0.0020000000000000018,30,8,1327707.35,451243.14,
2026-08-27T06:43:45.455302+00:00,KXBTC15M-26AUG270245-45,2026-08-27T06:45:00Z,1.24,78638.62,78712.73,0.994,2582.6,0.995,16006.25,35050.03,81536.55,35050.03,81536.55,35050.03,81536.55,-0.7221345053620853,-0.3987295964938675,0.994138932747319,0.9944999999999999,0.0010000000000000009,30,5,1380442.24,458921.18,
2026-08-27T06:44:05.658239+00:00,KXBTC15M-26AUG270245-45,2026-08-27T06:45:00Z,0.91,78638.62,78722.77,0.999,158746.25,,0.0,293921.14,0,293921.14,0,293921.14,0,1.0,1.0,,,,30,0,1506547.41,530481.09,
2026-08-27T06:44:25.878736+00:00,KXBTC15M-26AUG270245-45,2026-08-27T06:45:00Z,0.57,78638.62,78722.77,0.999,172072.36,,0.0,249893.78999999998,0,249893.78999999998,0,249893.78999999998,0,1.0,1.0,,,,30,0,1506547.41,530481.09,
2026-08-27T06:44:46.033605+00:00,KXBTC15M-26AUG270245-45,2026-08-27T06:45:00Z,0.23,78638.62,78720.03,0.999,195803.52,,0.0,273563.95,0,273563.95,0,273563.95,0,1.0,1.0,,,,30,0,1506547.41,530481.09,
2026-08-27T06:45:26.266475+00:00,KXBTC15M-26AUG270300-00,2026-08-27T07:00:00Z,14.56,78729.04,78737.47,0.55,4874.64,0.56,3880.63,20117.58,28640.92,37953.58,47521.520000000004,140781.58,152485.6,0.11353276369546572,-0.1748072643744167,0.5555676638184774,0.555,0.010000000000000009,30,30,11716.44,11425.14,
2026-08-27T06:45:46.432809+00:00,KXBTC15M-26AUG270300-00,2026-08-27T07:00:00Z,14.23,78729.04,78762.74,0.64,6491.43,0.65,2095.08,23133.96,18864.06,43059.96,37986.56,126775.54,139243.25,0.512006624344466,0.10166907868513796,0.6475600331217224,0.645,0.010000000000000009,30,30,11716.44,11425.14,
2026-08-27T06:46:06.559483+00:00,KXBTC15M-26AUG270300-00,2026-08-27T07:00:00Z,13.89,78729.04,78753.32,0.62,5630.81,0.63,2211.39,21037.81,19152.760000000002,40291.81,34923.87,129119.2,137376.72,0.4360281553645661,0.04690279336670266,0.6271801407768229,0.625,0.010000000000000009,30,30,149979.94,65282.11,
2026-08-27T06:46:26.717528+00:00,KXBTC15M-26AUG270300-00,2026-08-27T07:00:00Z,13.56,78729.04,78763.67,0.66,1733.9,0.6699999999999999,7321.24,15366.73,25768.93,35189.06,50707.61,117570.72,132856.28,-0.6170351866453749,-0.252875485649191,0.6619148240667732,0.665,0.009999999999999898,30,30,202182.62,94810.14,
2026-08-27T06:46:46.837696+00:00,KXBTC15M-26AUG270300-00,2026-08-27T07:00:00Z,13.22,78729.04,78774.12,0.67,2720.02,0.6799999999999999,7639.63,17837.52,20410.14,34518.85,41189.76,116497.51,116598.57,-0.4748818734223647,-0.06726215407687683,0.6726255906328883,0.675,0.009999999999999898,30,30,202182.62,94810.14,
2026-08-27T06:47:06.976895+00:00,KXBTC15M-26AUG270300-00,2026-08-27T07:00:00Z,12.88,78729.04,78767.11,0.64,5.0,0.65,8311.75,13241.46,25404.07,32892.46,43618.12,117002.12,128381.53,-0.9987976072384044,-0.3147222977663911,0.640006011963808,0.645,0.010000000000000009,30,30,275663.64,137259.17,
2026-08-27T06:47:27.147135+00:00,KXBTC15M-26AUG270300-00,2026-08-27T07:00:00Z,12.55,78729.04,78762.76,0.63,1592.12,0.64,5396.04,18705.89,18713.39,36289.89,35239.16,121911.49,127230.84,-0.5443378514515982,-0.00020043143534562933,0.632278310742742,0.635,0.010000000000000009,30,30,275663.64,137259.17,
2026-08-27T06:47:47.272173+00:00,KXBTC15M-26AUG270300-00,2026-08-27T07:00:00Z,12.21,78729.04,78774.52,0.67,2248.47,0.6799999999999999,5388.61,17127.34,15300.89,31711.07,34167.44,116013.67,110064.31,-0.4111702378395931,0.05632283969862064,0.6729441488108019,0.675,0.009999999999999898,30,30,305568.07,154286.75,
2026-08-27T06:48:07.392549+00:00,KXBTC15M-26AUG270300-00,2026-08-27T07:00:00Z,11.88,78729.04,78774.59,0.69,3907.7,0.7,3405.15,20343.4,17523.82,34918.71,35457.04,113319.25,111850.56999999999,0.0687214970907375,0.07445965138185485,0.6953436074854535,0.695,0.010000000000000009,30,30,330017.52,167366.15,
2026-08-27T06:48:27.563551+00:00,KXBTC15M-26AUG270300-00,2026-08-27T07:00:00Z,11.54,78729.04,78776.37,0.7,2001.22,0.71,3632.17,14697.57,22998.84,30992.0,41291.94,105559.49,114678.47,-0.28951483919984233,-0.22021380815838962,0.7035524258040007,0.705,0.010000000000000009,30,30,330017.52,167366.15,
2026-08-27T06:48:47.685855+00:00,KXBTC15M-26AUG270300-00,2026-08-27T07:00:00Z,11.21,78729.04,78776.36,0.7,2836.49,0.71,1445.45,20067.03,13925.61,36150.46,30693.71,109353.95,105047.34,0.32486209521852244,0.18066910954841983,0.7066243104760926,0.705,0.010000000000000009,30,30,351695.30,178766.89,
2026-08-27T06:49:07.805766+00:00,KXBTC15M-26AUG270300-00,2026-08-27T07:00:00Z,10.87,78729.04,78776.36,0.71,5514.02,0.72,4580.91,20393.670000000002,13403.42,35718.770000000004,29997.36,106551.78,112133.55,0.09243352851381838,0.20682993713364084,0.715462167642569,0.715,0.010000000000000009,30,30,368879.83,188519.90,
2026-08-27T06:49:28.001410+00:00,KXBTC15M-26AUG270300-00,2026-08-27T07:00:00Z,10.53,78729.04,78772.18,0.69,238.09,0.7,5300.7,16268.09,20728.149999999998,33725.47,36899.56,108281.01,102073.67,-0.9140281541636349,-0.12055441309711468,0.6904298592291818,0.695,0.010000000000000009,30,30,368879.83,188519.90,
2026-08-27T06:49:48.141551+00:00,KXBTC15M-26AUG270300-00,2026-08-27T07:00:00Z,10.2,78729.04,78759.84,0.65,0.02,0.6599999999999999,6050.06,12228.970000000001,22188.05,38444.3,42638.58,120098.25,116242.1,-0.9999933885171765,-0.28936497116833465,0.650000033057414,0.655,0.009999999999999898,30,30,393436.59,196705.61,
2026-08-27T06:50:08.265668+00:00,KXBTC15M-26AUG270300-00,2026-08-27T07:00:00Z,9.86,78729.04,78791.25,0.77,1836.16,0.78,4807.89,13045.7,19488.78,34663.11,36389.68,98934.12,77711.31,-0.4472768868386,-0.19803851175737244,0.7727636155658071,0.775,0.010000000000000009,30,30,393436.59,196705.61,
2026-08-27T06:50:28.399441+00:00,KXBTC15M-26AUG270300-00,2026-08-27T07:00:00Z,9.53,78729.04,78802.69,0.81,3845.19,0.8200000000000001,4166.02,15011.22,16983.38,28861.63,51473.08,99043.06,66834.04,-0.04004763325390301,-0.06164040181780681,0.8147997618337305,0.8150000000000001,0.010000000000000009,30,30,450648.75,217154.40,
2026-08-27T06:50:48.663644+00:00,KXBTC15M-26AUG270300-00,2026-08-27T07:00:00Z,9.19,78729.04,78810.97,0.82,3593.57,0.83,2583.93,17147.29,13581.69,31353.7,58050.05,100176.51,62359.05,0.16343828409550795,0.11603378960186768,0.8258171914204776,0.825,0.010000000000000009,30,30,450648.75,217154.40,
2026-08-27T06:51:08.803090+00:00,KXBTC15M-26AUG270300-00,2026-08-27T07:00:00Z,8.85,78729.04,78810.52,0.85,3652.83,0.86,4217.44,18747.89,25987.93,33021.89,60356.09,101030.11,60356.09,-0.07173959724380481,-0.161839885800685,0.854641302013781,0.855,0.010000000000000009,30,30,506003.54,227349.27,
2026-08-27T06:51:28.973298+00:00,KXBTC15M-26AUG270300-00,2026-08-27T07:00:00Z,8.52,78729.04,78791.26,0.78,4975.08,0.79,414.33,16433.31,18540.96,37522.72,39114.16,102501.95,76165.56999999999,0.8462429097062573,-0.06026287324939156,0.7892312145485313,0.785,0.010000000000000009,30,30,543867.34,235530.65,
2026-08-27T06:51:49.240539+00:00,KXBTC15M-26AUG270300-00,2026-08-27T07:00:00Z,8.18,78729.04,78791.26,0.79,3039.91,0.8,4017.11,21478.13,18692.06,40291.13,42190.76,107350.52,76493.86,-0.13847204627448984,0.06935665477310413,0.7943076397686276,0.795,0.010000000000000009,30,30,543867.34,235530.65,
2026-08-27T06:52:09.415505+00:00,KXBTC15M-26AUG270300-00,2026-08-27T07:00:00Z,7.84,78729.04,78788.0,0.79,3799.28,0.8,3473.66,16030.28,18006.28,35341.28,42927.88,106054.63,82789.16,0.04477144043536731,-0.05805522062159038,0.7952238572021768,0.795,0.010000000000000009,30,30,579859.83,235769.78,
2026-08-27T06:52:29.659610+00:00,KXBTC15M-26AUG270300-00,2026-08-27T07:00:00Z,7.51,78729.04,78779.24,0.77,3929.73,0.78,6791.02,19978.73,18863.86,44762.62,40677.94,109034.41,85862.72,-0.26689270806613347,0.028702256981318678,0.7736655364596694,0.775,0.010000000000000009,30,30,579859.83,235769.78,
2026-08-27T06:52:49.876940+00:00,KXBTC15M-26AUG270300-00,2026-08-27T07:00:00Z,7.17,78729.04,78794.64,0.83,4635.95,0.84,3879.72,26476.94,17639.86,44725.94,65180.38,114566.44,65180.38,0.08880452154674852,0.20031099263772525,0.8354440226077336,0.835,0.010000000000000009,30,30,611374.12,242340.93,
2026-08-27T06:53:10.096780+00:00,KXBTC15M-26AUG270300-00,2026-08-27T07:00:00Z,6.83,78729.04,78794.64,0.84,5360.66,0.85,3705.91,24853.03,18921.14,45147.02,62297.47,115075.52,62297.47,0.1825111370672702,0.13551119301633816,0.8459125556853363,0.845,0.010000000000000009,30,30,638369.30,247548.51,
2026-08-27T06:53:30.402263+00:00,KXBTC15M-26AUG270300-00,2026-08-27T07:00:00Z,6.49,78729.04,78794.65,0.72,2125.02,0.74,442.32,14311.03,11102.32,27126.04,38081.32,94653.04,83656.35,0.6554254598144382,0.12626080386883276,0.7365542545981443,0.73,0.020000000000000018,30,30,638369.30,247548.51,
2026-08-27T06:53:50.701812+00:00,KXBTC15M-26AUG270300-00,2026-08-27T07:00:00Z,6.16,78729.04,78782.11,0.81,3754.43,0.8200000000000001,3291.3,17987.43,18455.57,32348.43,49708.79,93255.15,65179.0,0.06573201073558023,-0.012845814010921148,0.815328660053678,0.8150000000000001,0.010000000000000009,30,30,659131.08,254653.63,
2026-08-27T06:54:10.862856+00:00,KXBTC15M-26AUG270300-00,2026-08-27T07:00:00Z,5.82,78729.04,78820.83,0.918,2868.0,0.919,816.67,32407.77,30452.39,56127.77,30452.39,80414.77,30452.39,0.5567201404739094,0.031106825054215595,0.9187783600702369,0.9185000000000001,0.0010000000000000009,30,30,723222.31,252419.80,
2026-08-27T06:54:31.057898+00:00,KXBTC15M-26AUG270300-00,2026-08-27T07:00:00Z,5.48,78729.04,78832.82,0.946,68.77,0.947,91.02,16363.56,54757.98,16363.56,54757.98,16363.56,54757.98,-0.1392452594029664,-0.5398423599938922,0.9464303773702983,0.9464999999999999,0.0010000000000000009,30,30,723222.31,252419.80,
2026-08-27T06:54:51.211605+00:00,KXBTC15M-26AUG270300-00,2026-08-27T07:00:00Z,5.15,78729.04,78791.26,0.87,4462.77,0.88,868.59,18834.84,35590.4,46454.84,45286.4,98990.22,45286.4,0.674158188529756,-0.30786377790892605,0.8783707909426488,0.875,0.010000000000000009,30,30,770424.75,262931.88,
2026-08-27T06:55:11.333209+00:00,KXBTC15M-26AUG270300-00,2026-08-27T07:00:00Z,4.81,78729.04,78796.96,0.916,6.38,0.917,3377.89,23558.710000000003,38173.89,39677.71,38173.89,62001.58,38173.89,-0.9962296152493743,-0.23674978860440019,0.9160018851923752,0.9165000000000001,0.0010000000000000009,30,30,843734.24,287668.98,
2026-08-27T06:55:31.493873+00:00,KXBTC15M-26AUG270300-00,2026-08-27T07:00:00Z,4.48,78729.04,78805.0,0.939,525.98,0.94,10.02,15228.69,36935.96,15228.69,36935.96,15228.69,36935.96,0.9626119402985075,-0.4161298887273277,0.9399813059701492,0.9395,0.0010000000000000009,30,30,843734.24,287668.98,
2026-08-27T06:55:51.631413+00:00,KXBTC15M-26AUG270300-00,2026-08-27T07:00:00Z,4.14,78729.04,78826.27,0.968,2386.5,0.969,510.73,18826.03,293663.35,18826.03,293663.35,18826.03,293663.35,0.6474356540557705,-0.8795093132445011,0.968823717827028,0.9684999999999999,0.0010000000000000009,30,26,880485.78,296439.68,
2026-08-27T06:56:11.800702+00:00,KXBTC15M-26AUG270300-00,2026-08-27T07:00:00Z,3.8,78729.04,78830.69,0.988,3317.25,0.989,3480.78,23637.65,247672.21,23637.65,247672.21,23637.65,247672.21,-0.024055498431163173,-0.825751633206401,0.9884879722507843,0.9884999999999999,0.0010000000000000009,30,11,880485.78,296439.68,
2026-08-27T06:56:31.940120+00:00,KXBTC15M-26AUG270300-00,2026-08-27T07:00:00Z,3.47,78729.04,78830.7,0.984,5.0,0.985,30.02,30433.62,247035.5,30433.62,247035.5,30433.62,247035.5,-0.7144488863506568,-0.780634183724661,0.9841427755568248,0.9844999999999999,0.0010000000000000009,30,15,957352.29,320347.96,
2026-08-27T06:56:52.058982+00:00,KXBTC15M-26AUG270300-00,2026-08-27T07:00:00Z,3.13,78729.04,78830.69,0.971,296.02,0.972,2021.45,22787.76,265148.12,22787.76,265148.12,22787.76,265148.12,-0.744531752298843,-0.8417164265877527,0.9711277341238505,0.9715,0.0010000000000000009,30,26,1043830.66,318409.74,
2026-08-27T06:57:12.175165+00:00,KXBTC15M-26AUG270300-00,2026-08-27T07:00:00Z,2.8,78729.04,78807.0,0.982,778.18,0.983,122.73,27652.22,248777.22999999998,27652.22,248777.22999999998,27652.22,248777.22999999998,0.7275421518242665,-0.7999328942701294,0.982863771075912,0.9824999999999999,0.0010000000000000009,30,14,1043830.66,318409.74,
2026-08-27T06:57:32.357338+00:00,KXBTC15M-26AUG270300-00,2026-08-27T07:00:00Z,2.46,78729.04,78812.93,0.988,2335.02,0.989,263.56,26144.93,237718.88,26144.93,237718.88,26144.93,237718.88,0.7971507515643159,-0.8018301183477947,0.9888985753757823,0.9884999999999999,0.0010000000000000009,30,11,1077980.96,315759.79,
2026-08-27T06:57:52.556377+00:00,KXBTC15M-26AUG270300-00,2026-08-27T07:00:00Z,2.13,78729.04,78811.9,0.989,456.97,0.99,2567.93,29456.48,239510.16,29456.48,239510.16,29456.48,239510.16,-0.6978610863169031,-0.7809655502258569,0.9891510694568416,0.9895,0.0010000000000000009,30,10,1125865.36,327277.53,
2026-08-27T06:58:12.674536+00:00,KXBTC15M-26AUG270300-00,2026-08-27T07:00:00Z,1.79,78729.04,78812.93,0.994,581.56,0.995,248.02,23846.95,215819.96000000002,23846.95,215819.96000000002,23846.95,215819.96000000002,0.40205887316473393,-0.8009992284708807,0.9947010294365825,0.9944999999999999,0.0010000000000000009,30,5,1125865.36,327277.53,
2026-08-27T06:58:32.857544+00:00,KXBTC15M-26AUG270300-00,2026-08-27T07:00:00Z,1.45,78729.04,78811.9,0.995,15852.62,0.996,3566.28,38258.0,66145.92,38258.0,66145.92,38258.0,66145.92,0.6327001014475587,-0.267115640868657,0.9958163500507237,0.9955,0.0010000000000000009,30,4,1178560.23,329123.27,
2026-08-27T06:58:53.078284+00:00,KXBTC15M-26AUG270300-00,2026-08-27T07:00:00Z,1.12,78729.04,78830.69,0.999,97470.82,,0.0,179052.71,0,179052.71,0,179052.71,0,1.0,1.0,,,,30,0,1178560.23,329123.27,
2026-08-27T06:59:13.350953+00:00,KXBTC15M-26AUG270300-00,2026-08-27T07:00:00Z,0.78,78729.04,78821.25,0.999,91237.0,,0.0,174587.41999999998,0,174587.41999999998,0,174587.41999999998,0,1.0,1.0,,,,30,0,1298610.18,395528.82,
2026-08-27T06:59:33.519406+00:00,KXBTC15M-26AUG270300-00,2026-08-27T07:00:00Z,0.44,78729.04,78826.24,0.999,103090.32,,0.0,190230.6,0,190230.6,0,190230.6,0,1.0,1.0,,,,30,0,1298610.18,395528.82,
2026-08-27T09:00:37.337607+00:00,KXBTC15M-26AUG270515-15,2026-08-27T09:15:00Z,14.38,,79717.81,0.48,6562.0,0.49,140.0,8774.48,1986.18,10198.48,5012.18,31441.13,23779.97,0.9582214264398687,0.630844204723502,0.4897911071321993,0.485,0.010000000000000009,30,30,1239.40,1191.40,
2026-08-27T09:00:57.486743+00:00,KXBTC15M-26AUG270515-15,2026-08-27T09:15:00Z,14.04,79742.28,79756.5,0.51,523.15,0.52,3913.06,15313.93,20832.22,23670.93,33358.22,80765.93,92453.3,-0.7641455206133163,-0.15266605157119087,0.5111792723969334,0.515,0.010000000000000009,30,30,21950.91,14459.88,
2026-08-27T09:01:17.609436+00:00,KXBTC15M-26AUG270515-15,2026-08-27T09:15:00Z,13.71,79742.28,79733.89,0.46,10214.83,0.47,0.02,20931.72,6280.22,35071.72,22143.28,91670.68,79723.1,0.999996084132415,0.5384217369287158,0.46999998042066204,0.46499999999999997,0.009999999999999953,30,30,21950.91,14459.88,
2026-08-27T09:01:37.845548+00:00,KXBTC15M-26AUG270515-15,2026-08-27T09:15:00Z,13.37,79742.28,79747.67,0.49,4912.62,0.5,2739.02,19651.72,20351.760000000002,32117.72,32239.760000000002,84255.54,89693.49,0.2840698203261,-0.017499477545453567,0.4964203491016305,0.495,0.010000000000000009,30,30,44833.74,23573.53,
2026-08-27T09:01:57.995348+00:00,KXBTC15M-26AUG270515-15,2026-08-27T09:15:00Z,13.03,79742.28,79751.69,0.51,6807.95,0.52,110.02,20991.73,18794.27,30308.73,29887.31,80419.48,86195.3,0.9681929814671065,0.05523199115266675,0.5198409649073356,0.515,0.010000000000000009,30,30,61160.64,29622.95,
2026-08-27T09:02:18.155516+00:00,KXBTC15M-26AUG270515-15,2026-08-27T09:15:00Z,12.7,79742.28,79771.25,0.56,232.02,0.5700000000000001,6941.89,8305.12,21100.08,21392.12,33496.08,70206.9,91898.58,-0.9353156089217733,-0.43512576006964754,0.5603234219553912,0.5650000000000001,0.010000000000000009,30,30,61160.64,29622.95,
2026-08-27T09:02:38.544885+00:00,KXBTC15M-26AUG270515-15,2026-08-27T09:15:00Z,12.36,79742.28,79716.66,0.46,1446.56,0.47,3858.02,13971.56,15588.67,26864.56,26714.59,78726.95,77223.33,-0.45459961014821154,-0.05470559599840734,0.462727001949259,0.46499999999999997,0.009999999999999953,30,30,77354.14,30757.72,
2026-08-27T09:02:58.800075+00:00,KXBTC15M-26AUG270515-15,2026-08-27T09:15:00Z,12.02,79742.28,79734.04,0.49,4319.0,0.5,372.68,17615.54,11017.68,29683.73,21047.170000000002,79109.67,71707.11,0.8411315349725471,0.23042675605468055,0.49920565767486264,0.495,0.010000000000000009,30,30,77354.14,30757.72,
2026-08-27T09:03:18.982223+00:00,KXBTC15M-26AUG270515-15,2026-08-27T09:15:00Z,11.68,79742.28,79806.83,0.64,5339.89,0.65,4062.02,15013.89,16620.21,29343.010000000002,28995.21,72439.08,89416.36,0.13591600004679905,-0.05077811602037042,0.6456795800002341,0.645,0.010000000000000009,30,30,144271.21,57827.13,
2026-08-27T09:03:39.110354+00:00,KXBTC15M-26AUG270515-15,2026-08-27T09:15:00Z,11.35,79742.28,79806.39,0.65,3291.52,0.6599999999999999,4718.92,13913.52,16998.73,28885.52,30431.73,74506.54,92422.88,-0.1781924588412122,-0.0998054169463562,0.6541090377057939,0.655,0.009999999999999898,30,30,162574.54,60264.12,
2026-08-27T09:03:59.271905+00:00,KXBTC15M-26AUG270515-15,2026-08-27T09:15:00Z,11.01,79742.28,79787.0,0.61,31.02,0.62,8421.42,11578.25,21045.42,23390.25,35675.21,70866.41,94797.36,-0.992660107613896,-0.290193286040473,0.6100366994619305,0.615,0.010000000000000009,30,30,162574.54,60264.12,
2026-08-27T09:04:19.501444+00:00,KXBTC15M-26AUG270515-15,2026-08-27T09:15:00Z,10.68,79742.28,79790.52,0.6,5262.02,0.61,9506.03,18261.25,19894.39,30257.65,29753.18,76204.51,91013.4,-0.28737781900792586,-0.042802060193460244,0.6035631109049604,0.605,0.010000000000000009,30,30,175252.95,65406.15,
2026-08-27T09:04:39.699824+00:00,KXBTC15M-26AUG270515-15,2026-08-27T09:15:00Z,10.34,79742.28,79774.82,0.59,5191.54,0.6,3.02,17698.54,10005.02,30266.94,22561.27,77049.82,80755.21,0.9988372451179695,0.2777087132484056,0.5999941862255899,0.595,0.010000000000000009,30,30,186617.92,67742.40,
2026-08-27T09:04:59.859884+00:00,KXBTC15M-26AUG270515-15,2026-08-27T09:15:00Z,10.0,79742.28,79737.82,0.49,3774.56,0.5,5275.91,17002.56,18969.86,29714.56,30860.86,78196.61,80202.8,-0.16588641252885208,-0.05468912016483738,0.4941705679373557,0.495,0.010000000000000009,30,30,186617.92,67742.40,
2026-08-27T09:05:19.988973+00:00,KXBTC15M-26AUG270515-15,2026-08-27T09:15:00Z,9.67,79742.28,79708.23,0.41,268.77,0.42000000000000004,12299.92,14209.45,25556.23,27102.65,36831.23,77512.58,83838.17,-0.9572318197043606,-0.28534102774050385,0.41021384090147817,0.41500000000000004,0.010000000000000064,30,30,195840.56,67309.09,
2026-08-27T09:05:40.159722+00:00,KXBTC15M-26AUG270515-15,2026-08-27T09:15:00Z,9.33,79742.28,79730.22,0.43,6863.21,0.43999999999999995,2847.67,19343.49,14736.05,32363.59,25907.35,79566.26,75972.71,0.4135093832896709,0.13519666051830517,0.4370675469164483,0.43499999999999994,0.009999999999999953,30,30,195840.56,67309.09,
2026-08-27T09:06:00.325185+00:00,KXBTC15M-26AUG270515-15,2026-08-27T09:15:00Z,9.0,79742.28,79765.15,0.56,2022.03,0.5700000000000001,3049.3,14021.34,17291.35,26144.34,28912.35,76609.89,76312.84,-0.20256421885383127,-0.10443082341376607,0.5639871789057309,0.5650000000000001,0.010000000000000009,30,30,220333.24,65900.18,
2026-08-27T09:06:20.474169+00:00,KXBTC15M-26AUG270515-15,2026-08-27T09:15:00Z,8.66,79742.28,79777.26,0.6,0.02,0.61,7296.72,12650.19,21448.18,24920.19,31264.28,71278.46,83426.27,-0.9999945180998636,-0.25801790525470863,0.6000000274095006,0.605,0.010000000000000009,30,30,253527.72,73949.93,
2026-08-27T09:06:40.614741+00:00,KXBTC15M-26AUG270515-15,2026-08-27T09:15:00Z,8.32,79742.28,79727.95,0.45,4834.07,0.45999999999999996,3102.37,16393.91,15699.42,25800.91,27201.42,74607.44,78184.58,0.21819606775834,0.021639698965485968,0.45609098033879164,0.45499999999999996,0.009999999999999953,30,30,253527.72,73949.93,
2026-08-27T09:07:00.830114+00:00,KXBTC15M-26AUG270515-15,2026-08-27T09:15:00Z,7.99,79742.28,79767.39,0.6,2656.0,0.61,126.05,17732.3,6485.05,29636.3,16284.15,73504.55,66203.59,0.9093833683794323,0.4644294276623991,0.6095469168418971,0.605,0.010000000000000009,30,30,276819.92,73896.76,
2026-08-27T09:07:20.952598+00:00,KXBTC15M-26AUG270515-15,2026-08-27T09:15:00Z,7.65,79742.28,79796.97,0.66,11121.76,0.6699999999999999,0.01,21787.78,10437.16,39496.4,22901.37,86793.69,70727.34,0.9999982017250851,0.35223091183412597,0.6699999910086253,0.665,0.009999999999999898,30,30,296787.73,80772.01,
2026-08-27T09:07:41.102167+00:00,KXBTC15M-26AUG270515-15,2026-08-27T09:15:00Z,7.32,79742.28,79806.83,0.71,2923.22,0.72,2912.05,15589.53,15488.17,27844.53,28565.17,76170.53,78133.74,0.0019142216212788127,0.003261502620850339,0.7150095711081064,0.715,0.010000000000000009,30,30,296787.73,80772.01,
2026-08-27T09:08:01.291558+00:00,KXBTC15M-26AUG270515-15,2026-08-27T09:15:00Z,6.98,79742.28,79808.44,0.74,3379.02,0.75,2801.1,13327.1,17914.54,28011.0,32714.85,73870.0,79743.85,0.09351274732529467,-0.1468373619310638,0.7454675637366265,0.745,0.010000000000000009,30,30,320856.38,89841.08,
2026-08-27T09:08:21.518736+00:00,KXBTC15M-26AUG270515-15,2026-08-27T09:15:00Z,6.64,79742.28,79820.41,0.78,8382.3,0.79,0.02,18978.67,5296.33,34746.87,16489.47,77510.87,58084.73,0.9999952280514224,0.5636391349124613,0.7899999761402571,0.785,0.010000000000000009,30,30,320856.38,89841.08,
2026-08-27T09:08:41.738103+00:00,KXBTC15M-26AUG270515-15,2026-08-27T09:15:00Z,6.31,79742.28,79838.02,0.81,4151.54,0.8200000000000001,4048.93,15519.83,19216.9,28767.11,49025.3,78236.31,69121.3,0.012512697442951456,-0.10643114651263953,0.8150625634872148,0.8150000000000001,0.010000000000000009,30,30,346932.12,89137.11,
2026-08-27T09:09:01.900807+00:00,KXBTC15M-26AUG270515-15,2026-08-27T09:15:00Z,5.97,79742.28,79843.06,0.84,3473.08,0.85,3489.5,17928.1,20701.14,32038.46,66502.32,79490.32,66502.32,-0.0023583211970275493,-0.07178603565589178,0.8449882083940148,0.845,0.010000000000000009,30,30,346932.12,89137.11,
2026-08-27T09:09:22.048261+00:00,KXBTC15M-26AUG270515-15,2026-08-27T09:15:00Z,5.63,79742.28,79776.58,0.66,10750.78,0.6699999999999999,301.77,20169.6,14668.77,37876.6,28522.43,84826.89,76440.17,0.9453935969527394,0.1578957339278502,0.6697269679847636,0.665,0.009999999999999898,30,30,376548.27,83020.87,
2026-08-27T09:09:42.165960+00:00,KXBTC15M-26AUG270515-15,2026-08-27T09:15:00Z,5.3,79742.28,79793.98,0.73,2020.03,0.75,61.66,15788.87,10939.66,26668.87,24508.66,74049.09,69586.65,0.9407596712286651,0.18142449285463888,0.7494075967122866,0.74,0.020000000000000018,30,30,420926.42,85970.79,
2026-08-27T09:10:02.389893+00:00,KXBTC15M-26AUG270515-15,2026-08-27T09:15:00Z,4.96,79742.28,79794.92,0.75,69.02,0.76,5390.41,6839.67,19131.53,22416.6,37185.87,69935.82,79652.44,-0.9747153091073608,-0.4732881037456875,0.7501264234544631,0.755,0.010000000000000009,30,30,420926.42,85970.79,
2026-08-27T09:10:22.535957+00:00,KXBTC15M-26AUG270515-15,2026-08-27T09:15:00Z,4.63,79742.28,79806.83,0.8,10.22,0.81,5004.57,6224.27,20722.64,19563.34,44601.6,70355.31,74959.03,-0.9959240566404575,-0.5380346021120789,0.8000203797167977,0.805,0.010000000000000009,30,30,443436.75,92589.65,
2026-08-27T09:10:42.668325+00:00,KXBTC15M-26AUG270515-15,2026-08-27T09:15:00Z,4.29,79742.28,79835.27,0.88,10426.84,0.89,1362.36,19893.08,31142.42,34965.21,37226.42,82192.96,37226.42,0.7688799918569538,-0.22042186321286156,0.8888443999592848,0.885,0.010000000000000009,30,30,443436.75,92589.65,
2026-08-27T09:11:02.886770+00:00,KXBTC15M-26AUG270515-15,2026-08-27T09:15:00Z,3.95,79742.28,79846.71,0.934,4705.04,0.935,0.02,26344.2,33614.67,26344.2,44437.67,26344.2,44437.67,0.9999914985143652,-0.12125762209994949,0.9349999957492572,0.9345000000000001,0.0010000000000000009,30,30,469649.67,100642.53,
2026-08-27T09:11:23.032321+00:00,KXBTC15M-26AUG270515-15,2026-08-27T09:15:00Z,3.62,79742.28,79865.63,0.967,721.02,0.968,0.02,19706.61,106421.85,19706.61,106421.85,19706.61,106421.85,0.999944524575613,-0.6875152523070527,0.967999972262288,0.9675,0.0010000000000000009,30,27,500101.13,100322.27,
2026-08-27T09:11:43.158145+00:00,KXBTC15M-26AUG270515-15,2026-08-27T09:15:00Z,3.28,79742.28,79864.5,0.97,304.99,0.971,5698.38,28984.08,106105.53,28984.08,106105.53,28984.08,106105.53,-0.8983937355185505,-0.5708910552040235,0.9700508031322408,0.9704999999999999,0.0010000000000000009,30,28,500101.13,100322.27,
2026-08-27T09:12:03.307283+00:00,KXBTC15M-26AUG270515-15,2026-08-27T09:15:00Z,2.95,79742.28,79858.84,0.977,2366.02,0.978,154.13,28340.66,95006.86,28340.66,95006.86,28340.66,95006.86,0.8776818840148403,-0.5404745875717647,0.9779388409420073,0.9775,0.0010000000000000009,30,22,551328.84,106437.75,
2026-08-27T09:12:23.428881+00:00,KXBTC15M-26AUG270515-15,2026-08-27T09:15:00Z,2.61,79742.28,79873.28,0.987,0.03,0.988,1750.02,31410.98,75426.65,31410.98,75426.65,31410.98,75426.65,-0.9999657152652782,-0.41198658188130904,0.9870000171423673,0.9875,0.0010000000000000009,30,12,589029.13,116410.08,
2026-08-27T09:12:43.591552+00:00,KXBTC15M-26AUG270515-15,2026-08-27T09:15:00Z,2.27,79742.28,79841.08,0.979,1443.12,0.98,10.02,35690.83,82377.3,35690.83,82377.3,35690.83,82377.3,0.9862091746149717,-0.39541974620924375,0.9799931045873076,0.9795,0.0010000000000000009,30,18,589029.13,116410.08,
2026-08-27T09:13:03.948527+00:00,KXBTC15M-26AUG270515-15,2026-08-27T09:15:00Z,1.94,79742.28,79848.05,0.984,791.08,0.985,6503.27,27211.13,81809.93,27211.13,81809.93,27211.13,81809.93,-0.7830978771240755,-0.5008096600785205,0.9841084510614381,0.9844999999999999,0.0010000000000000009,30,13,619997.24,117766.54,
2026-08-27T09:13:24.077647+00:00,KXBTC15M-26AUG270515-15,2026-08-27T09:15:00Z,1.6,79742.28,79856.86,0.992,539.01,0.993,4279.76,30122.420000000002,68009.81,30122.420000000002,68009.81,30122.420000000002,68009.81,-0.776287309832177,-0.3860850813234347,0.9921118563450838,0.9924999999999999,0.0010000000000000009,30,7,641050.73,116282.56,
2026-08-27T09:13:44.354909+00:00,KXBTC15M-26AUG270515-15,2026-08-27T09:15:00Z,1.26,79742.28,79850.13,0.995,3102.02,0.996,266.02,38293.13,56778.07,38293.13,56778.07,38293.13,56778.07,0.8420327549554043,-0.1944325936771599,0.9959210163774777,0.9955,0.0010000000000000009,30,4,641050.73,116282.56,
2026-08-27T09:14:04.557179+00:00,KXBTC15M-26AUG270515-15,2026-08-27T09:15:00Z,0.93,79742.28,79869.29,0.998,15233.7,0.999,27179.85,66424.54,27179.85,66424.54,27179.85,66424.54,27179.85,-0.2816588095078105,0.4192612120008474,0.9983591705952459,0.9984999999999999,0.0010000000000000009,30,1,677353.42,133841.90,
2026-08-27T09:14:24.746887+00:00,KXBTC15M-26AUG270515-15,2026-08-27T09:15:00Z,0.59,79742.28,79846.46,0.998,22751.63,0.999,17082.43,88538.47,17082.43,88538.47,17082.43,88538.47,17082.43,0.14232041624679986,0.6765331482689507,0.9985711602081235,0.9984999999999999,0.0010000000000000009,30,1,677353.42,133841.90,
2026-08-27T09:14:44.869533+00:00,KXBTC15M-26AUG270515-15,2026-08-27T09:15:00Z,0.25,79742.28,79855.25,0.999,19319.15,,0.0,95952.28,0,95952.28,0,95952.28,0,1.0,1.0,,,,30,0,739269.72,174242.05,
2026-08-27T09:15:05.037646+00:00,KXBTC15M-26AUG270530-30,2026-08-27T09:30:00Z,14.92,79853.6,79873.18,0.52,3948.05,0.53,2947.3,17219.05,18320.35,38735.05,42270.35,153371.05,161821.35,0.14513403960640142,-0.03098814273735627,0.525725670198032,0.525,0.010000000000000009,30,30,109.82,101.87,
2026-08-27T09:15:25.236662+00:00,KXBTC15M-26AUG270530-30,2026-08-27T09:30:00Z,14.58,79853.6,79835.0,0.39,4899.0,0.4,4280.08,21947.0,24552.52,45443.1,49507.52,185065.8,132694.18,0.0674272367165337,-0.056033266579956095,0.3953371361835827,0.395,0.010000000000000009,30,30,109.82,101.87,
2026-08-27T09:15:45.435108+00:00,KXBTC15M-26AUG270530-30,2026-08-27T09:30:00Z,14.24,79853.6,79850.81,0.47,763.25,0.48,6608.6,14880.33,26821.75,35584.22,49196.68,130482.58,145379.48,-0.792928505056397,-0.28635070480896874,0.471035357474718,0.475,0.010000000000000009,30,30,42058.29,25543.86,
2026-08-27T09:16:05.552217+00:00,KXBTC15M-26AUG270530-30,2026-08-27T09:30:00Z,13.91,79853.6,79885.45,0.56,5404.61,0.5700000000000001,2199.91,15053.61,17358.96,35958.71,34195.17,120980.16,108986.31,0.4214204183827513,-0.0711251838407136,0.5671071020919137,0.5650000000000001,0.010000000000000009,30,30,42058.29,25543.86,
2026-08-27T09:16:25.689526+00:00,KXBTC15M-26AUG270530-30,2026-08-27T09:30:00Z,13.57,79853.6,79887.0,0.56,4867.56,0.5700000000000001,541.71,19280.66,18007.36,39985.66,34561.25,123838.13,109753.06,0.799710496980184,0.03414769676695086,0.568998552484901,0.5650000000000001,0.010000000000000009,30,30,127507.99,48971.00,
2026-08-27T09:16:45.815982+00:00,KXBTC15M-26AUG270530-30,2026-08-27T09:30:00Z,13.24,79853.6,79897.64,0.58,9222.02,0.5900000000000001,0.02,24998.02,17940.04,47730.020000000004,35316.04,123838.3,114920.81,0.9999956625648988,0.16437584744164035,0.5899999783128245,0.585,0.01000000000000012,30,30,127507.99,48971.00,
2026-08-27T09:17:05.938425+00:00,KXBTC15M-26AUG270530-30,2026-08-27T09:30:00Z,12.9,79853.6,79909.77,0.61,4402.64,0.62,3677.69,20745.64,17553.78,37064.64,35268.65,116489.22,110564.72,0.08971787043350955,0.08333964326352725,0.6154485893521676,0.615,0.010000000000000009,30,30,147762.00,56851.77,
2026-08-27T09:17:26.108501+00:00,KXBTC15M-26AUG270530-30,2026-08-27T09:30:00Z,12.57,79853.6,79879.5,0.56,9029.02,0.5700000000000001,67.34,23076.84,18063.03,47414.770000000004,34210.67,126838.42,104462.89,0.9851940776310524,0.12187228593576017,0.5699259703881553,0.5650000000000001,0.010000000000000009,30,30,167725.63,62685.95,
2026-08-27T09:17:46.231386+00:00,KXBTC15M-26AUG270530-30,2026-08-27T09:30:00Z,12.23,79853.6,79908.01,0.63,3446.73,0.64,2592.14,18190.59,19891.68,35191.15,37221.66,116539.26,109869.37,0.1415148860631211,-0.04466881832411776,0.6357075744303156,0.635,0.010000000000000009,30,30,167725.63,62685.95,
2026-08-27T09:18:06.358286+00:00,KXBTC15M-26AUG270530-30,2026-08-27T09:30:00Z,11.89,79853.6,79856.14,0.48,4854.49,0.49,1417.23,22089.4,23401.28,43871.89,36781.17,130772.08,111738.04,0.5480569923402193,-0.02883843459803189,0.48774028496170113,0.485,0.010000000000000009,30,30,185262.18,69495.10,
2026-08-27T09:18:26.487568+00:00,KXBTC15M-26AUG270530-30,2026-08-27T09:30:00Z,11.56,79853.6,79837.6,0.45,6158.02,0.45999999999999996,1459.02,27560.25,14804.119999999999,46619.37,36361.36,135981.79,106200.25,0.6169063048113177,0.3011051503893485,0.45808453152405654,0.45499999999999996,0.009999999999999953,30,30,209883.74,74525.08,
2026-08-27T09:18:46.617797+00:00,KXBTC15M-26AUG270530-30,2026-08-27T09:30:00Z,11.22,79853.6,79826.56,0.43,8112.01,0.43999999999999995,684.8,30581.5,12797.06,54477.36,30357.46,143996.56,103083.44,0.8443071977228109,0.40998225851664977,0.439221535988614,0.43499999999999994,0.009999999999999953,30,30,209883.74,74525.08,
2026-08-27T09:19:06.745150+00:00,KXBTC15M-26AUG270530-30,2026-08-27T09:30:00Z,10.89,79853.6,79876.85,0.58,3331.02,0.5900000000000001,212.23,22471.8,12005.43,36716.14,28336.05,110748.84,96682.74,0.8802060255415226,0.3035734019235304,0.5894010301277077,0.585,0.01000000000000012,30,30,235884.25,80107.71,
2026-08-27T09:19:26.885874+00:00,KXBTC15M-26AUG270530-30,2026-08-27T09:30:00Z,10.55,79853.6,79902.62,0.62,2972.32,0.63,1879.34,17123.59,19527.88,33035.07,41103.39,107058.11,109367.88,0.22527959502520792,-0.06559873314767459,0.6261263979751261,0.625,0.010000000000000009,30,30,235884.25,80107.71,
2026-08-27T09:19:47.018193+00:00,KXBTC15M-26AUG270530-30,2026-08-27T09:30:00Z,10.22,79853.6,79958.0,0.75,6438.42,0.76,5175.73,20748.79,20971.739999999998,42064.79,36997.71,104560.47,89938.08,0.10871996659247561,-0.00534389184413518,0.7555435998329624,0.755,0.010000000000000009,30,30,256387.93,83452.63,
2026-08-27T09:20:07.150612+00:00,KXBTC15M-26AUG270530-30,2026-08-27T09:30:00Z,9.88,79853.6,80050.0,0.88,3793.02,0.89,2843.88,17495.84,51512.83,38656.64,51512.83,111391.64,51512.83,0.14300953758531842,-0.4929379163516701,0.8857150476879267,0.885,0.010000000000000009,30,30,279997.29,91410.68,
2026-08-27T09:20:27.280691+00:00,KXBTC15M-26AUG270530-30,2026-08-27T09:30:00Z,9.55,79853.6,79984.32,0.8,4439.02,0.81,73.66,17458.71,14654.18,36943.71,31743.9,105812.43,51662.9,0.9673542108015637,0.08733346640554615,0.8098367710540079,0.805,0.010000000000000009,30,30,279997.29,91410.68,
2026-08-27T09:20:47.405605+00:00,KXBTC15M-26AUG270530-30,2026-08-27T09:30:00Z,9.21,79853.6,80037.95,0.88,671.02,0.89,5727.56,10316.98,45183.54,29944.98,45183.54,106936.21,45183.54,-0.790259713874016,-0.6282204202771433,0.88104870143063,0.885,0.010000000000000009,30,30,345451.99,93454.19,
2026-08-27T09:21:07.530396+00:00,KXBTC15M-26AUG270530-30,2026-08-27T09:30:00Z,8.88,79853.6,80047.01,0.89,4463.01,0.9,878.15,18147.8,40561.47,34086.8,42561.47,109869.28,42561.47,0.6711762987815382,-0.3817739515412132,0.8983558814939079,0.895,0.010000000000000009,30,30,385882.30,100048.51,
2026-08-27T09:21:27.663432+00:00,KXBTC15M-26AUG270530-30,2026-08-27T09:30:00Z,8.54,79853.6,80029.37,0.89,4109.61,0.9,4715.41,17680.17,31015.26,37990.63,31015.26,113860.4,31015.26,-0.06864573678019995,-0.27384684764052813,0.894656771316099,0.895,0.010000000000000009,30,30,385882.30,100048.51,
2026-08-27T09:21:47.860819+00:00,KXBTC15M-26AUG270530-30,2026-08-27T09:30:00Z,8.2,79853.6,80008.0,0.88,4530.61,0.89,3136.68,18635.54,32891.88,39551.0,32891.88,114770.41,32891.88,0.18180217521444997,-0.2766748267233251,0.8859090108760723,0.885,0.010000000000000009,30,30,419636.92,97704.43,
2026-08-27T09:22:07.983406+00:00,KXBTC15M-26AUG270530-30,2026-08-27T09:30:00Z,7.87,79853.6,80072.34,0.937,0.02,0.938,0.02,15265.97,34707.74,15265.97,34707.74,15265.97,34707.74,0.0,-0.3890399572095007,0.9375000000000001,0.9375,0.0009999999999998899,30,30,419636.92,97704.43,
2026-08-27T09:22:28.241848+00:00,KXBTC15M-26AUG270530-30,2026-08-27T09:30:00Z,7.53,79853.6,80024.69,0.909,1962.13,0.91,40.02,17688.07,26867.17,34776.49,26867.17,87242.92,26867.17,0.9600229753015509,-0.20601617228411293,0.9099800114876507,0.9095,0.0010000000000000009,30,30,472803.96,110452.56,
2026-08-27T09:22:48.425959+00:00,KXBTC15M-26AUG270530-30,2026-08-27T09:30:00Z,7.19,79853.6,80046.32,0.933,115.02,0.9339999999999999,1115.22,22703.86,28382.89,37772.18,28382.89,37772.18,28382.89,-0.8130120952009364,-0.11116444087752693,0.9330934939523995,0.9335,0.0009999999999998899,30,30,472803.96,110452.56,
2026-08-27T09:23:08.554243+00:00,KXBTC15M-26AUG270530-30,2026-08-27T09:30:00Z,6.86,79853.6,80048.71,0.94,10.02,0.9410000000000001,886.02,27288.06,47228.54,27288.06,47228.54,27288.06,47228.54,-0.977634927012187,-0.2675978238405939,0.9400111825364939,0.9405,0.001000000000000112,30,30,491604.50,115937.56,
2026-08-27T09:23:28.763236+00:00,KXBTC15M-26AUG270530-30,2026-08-27T09:30:00Z,6.52,79853.6,80021.75,0.937,24.0,0.9390000000000001,100.0,24051.05,26466.12,24051.05,26466.12,24051.05,26466.12,-0.6129032258064516,-0.04780691396608321,0.9373870967741936,0.9380000000000001,0.0020000000000000018,30,30,507790.14,123658.49,
2026-08-27T09:23:48.941735+00:00,KXBTC15M-26AUG270530-30,2026-08-27T09:30:00Z,6.19,79853.6,80063.16,0.958,0.02,0.959,57.65,24635.47,55152.59,24635.47,55152.59,24635.47,55152.59,-0.9993063984740765,-0.3824772779285522,0.9580003468007628,0.9584999999999999,0.0010000000000000009,30,30,507790.14,123658.49,
2026-08-27T09:24:09.073257+00:00,KXBTC15M-26AUG270530-30,2026-08-27T09:30:00Z,5.85,79853.6,80062.63,0.968,433.02,0.969,74.02,19877.14,153027.61,19877.14,153027.61,19877.14,153027.61,0.7080309245818871,-0.7700798850234014,0.968854015462291,0.9684999999999999,0.0010000000000000009,30,26,524515.93,126957.08,
2026-08-27T09:24:29.277294+00:00,KXBTC15M-26AUG270530-30,2026-08-27T09:30:00Z,5.51,79853.6,80055.36,0.971,318.8,0.973,500.0,22697.06,148005.02,22697.06,148005.02,22697.06,148005.02,-0.22129946262823644,-0.734074007768388,0.9717787005373718,0.972,0.0020000000000000018,30,24,524515.93,126957.08,
2026-08-27T09:24:49.409275+00:00,KXBTC15M-26AUG270530-30,2026-08-27T09:30:00Z,5.18,79853.6,80063.19,0.977,199.02,0.978,309.02,21969.23,139643.74,21969.23,139643.74,21969.23,139643.74,-0.2165183843791827,-0.7281254097366071,0.9773917408078103,0.9775,0.0010000000000000009,30,21,567414.55,130535.74,
2026-08-27T09:25:09.580723+00:00,KXBTC15M-26AUG270530-30,2026-08-27T09:30:00Z,4.84,79853.6,80116.51,0.985,119.02,0.987,48.02,20443.22,123665.81000000001,20443.22,123665.81000000001,20443.22,123665.81000000001,0.4250478927203065,-0.7162812073608433,0.9864250478927205,0.986,0.0020000000000000018,30,13,591492.83,130435.83,
2026-08-27T09:25:29.735705+00:00,KXBTC15M-26AUG270530-30,2026-08-27T09:30:00Z,4.51,79853.6,80123.37,0.988,33.02,0.989,17.02,21873.73,106163.53,21873.73,106163.53,21873.73,106163.53,0.319744204636291,-0.6583224289554463,0.9886598721023182,0.9884999999999999,0.0010000000000000009,30,10,591492.83,130435.83,
2026-08-27T09:25:49.904333+00:00,KXBTC15M-26AUG270530-30,2026-08-27T09:30:00Z,4.17,79853.6,80158.57,0.991,175.01,0.992,1823.46,24506.18,110634.38,24506.18,110634.38,24506.18,110634.38,-0.8248560148513613,-0.6373230953016623,0.9910875719925744,0.9915,0.0010000000000000009,30,8,630451.57,144885.19,
2026-08-27T09:26:10.039109+00:00,KXBTC15M-26AUG270530-30,2026-08-27T09:30:00Z,3.83,79853.6,80339.44,0.994,583.54,0.995,183.01,24660.53,97201.20999999999,24660.53,97201.20999999999,24660.53,97201.20999999999,0.5225099471658731,-0.5952703449007046,0.9947612549735829,0.9944999999999999,0.0010000000000000009,30,5,677151.40,154733.73,
2026-08-27T09:26:30.173593+00:00,KXBTC15M-26AUG270530-30,2026-08-27T09:30:00Z,3.5,79853.6,80321.4,0.995,7.96,0.996,205.02,26698.93,90159.26999999999,26698.93,90159.26999999999,26698.93,90159.26999999999,-0.9252511972955206,-0.5430542315387367,0.9950373744013521,0.9955,0.0010000000000000009,30,4,677151.40,154733.73,
2026-08-27T09:26:50.376164+00:00,KXBTC15M-26AUG270530-30,2026-08-27T09:30:00Z,3.16,79853.6,80359.0,0.997,257.07,0.998,6661.69,26346.07,88181.5,26346.07,88181.5,26346.07,88181.5,-0.9256889962941337,-0.5399174190109857,0.9970371555018531,0.9975,0.0010000000000000009,30,2,712525.85,170761.25,
2026-08-27T09:27:10.497522+00:00,KXBTC15M-26AUG270530-30,2026-08-27T09:30:00Z,2.83,79853.6,80468.03,0.995,700.06,0.996,325.99,24787.45,81318.59999999999,24787.45,81318.59999999999,24787.45,81318.59999999999,0.3645728765654695,-0.532779704833042,0.9956822864382827,0.9955,0.0010000000000000009,30,4,728455.39,181616.12,
2026-08-27T09:27:30.635670+00:00,KXBTC15M-26AUG270530-30,2026-08-27T09:30:00Z,2.49,79853.6,80419.46,0.997,3588.77,0.998,809.02,28020.899999999998,70635.01000000001,28020.899999999998,70635.01000000001,28020.899999999998,70635.01000000001,0.6320788395989804,-0.4319468544763311,0.9978160394197996,0.9975,0.0010000000000000009,30,2,728455.39,181616.12,
2026-08-27T09:27:50.777618+00:00,KXBTC15M-26AUG270530-30,2026-08-27T09:30:00Z,2.15,79853.6,80457.9,0.997,50.02,0.998,808.02,24136.06,66156.82,24136.06,66156.82,24136.06,66156.82,-0.8834086988951564,-0.4653828740427817,0.9970582956505523,0.9975,0.0010000000000000009,30,2,744753.54,188186.06,
2026-08-27T09:28:10.912313+00:00,KXBTC15M-26AUG270530-30,2026-08-27T09:30:00Z,1.82,79853.6,80372.11,0.996,228.29,0.998,800.02,29465.06,64906.78,29465.06,64906.78,29465.06,64906.78,-0.5559899252171039,-0.37555397881401914,0.996444010074783,0.997,0.0020000000000000018,30,2,744753.54,188186.06,
2026-08-27T09:28:31.086221+00:00,KXBTC15M-26AUG270530-30,2026-08-27T09:30:00Z,1.48,79853.6,80408.1,0.995,3051.62,0.997,124.02,37249.77,41696.799999999996,37249.77,41696.799999999996,37249.77,41696.799999999996,0.9218929097756673,-0.05632961634685331,0.9969218929097756,0.996,0.0020000000000000018,30,3,758235.39,192523.29,
2026-08-27T09:28:51.258439+00:00,KXBTC15M-26AUG270530-30,2026-08-27T09:30:00Z,1.15,79853.6,80441.84,0.998,18371.85,0.999,22316.97,54229.32,22316.97,54229.32,22316.97,54229.32,22316.97,-0.0969583290938396,0.41690263499380564,0.998451520835453,0.9984999999999999,0.0010000000000000009,30,1,784942.15,211399.51,
2026-08-27T09:29:11.460109+00:00,KXBTC15M-26AUG270530-30,2026-08-27T09:30:00Z,0.81,79853.6,80487.18,0.998,38394.87,0.999,701.02,74576.85,701.02,74576.85,701.02,74576.85,701.02,0.9641384298963397,0.9813751372083189,0.9989820692149485,0.9984999999999999,0.0010000000000000009,30,1,784942.15,211399.51,
2026-08-27T09:29:31.711774+00:00,KXBTC15M-26AUG270530-30,2026-08-27T09:30:00Z,0.47,79853.6,80477.37,0.999,9481.05,,0.0,74496.05,0,74496.05,0,74496.05,0,1.0,1.0,,,,30,0,825955.08,229418.67,
2026-08-27T09:30:52.198474+00:00,KXBTC15M-26AUG270545-45,2026-08-27T09:45:00Z,14.13,80478.62,80363.01,0.29,1672.51,0.30000000000000004,6966.0,21637.48,22780.05,47021.06,39570.35,144739.0,118496.99,-0.6127781295616952,-0.025723402449438312,0.2919361093521915,0.29500000000000004,0.010000000000000064,30,30,46495.35,29395.07,
2026-08-27T09:31:12.397490+00:00,KXBTC15M-26AUG270545-45,2026-08-27T09:45:00Z,13.79,80478.62,80357.71,0.31,10476.02,0.31999999999999995,72.0,25196.940000000002,6639.0,46358.26,25473.3,132949.38,106685.36,0.9863481487520881,0.5829242045311055,0.3199317407437604,0.31499999999999995,0.009999999999999953,30,30,105073.62,68677.76,
2026-08-27T09:31:32.559709+00:00,KXBTC15M-26AUG270545-45,2026-08-27T09:45:00Z,13.46,80478.62,80403.88,0.33,1102.63,0.33999999999999997,6687.02,20708.73,20042.64,37881.73,43592.64,128280.77,127174.69,-0.716898705333359,0.016345217350974953,0.33141550647333323,0.33499999999999996,0.009999999999999953,30,30,105073.62,68677.76,
2026-08-27T09:31:52.718923+00:00,KXBTC15M-26AUG270545-45,2026-08-27T09:45:00Z,13.12,80478.62,80381.27,0.32,3261.91,0.32999999999999996,7062.14,21247.86,24557.2,40774.18,45916.380000000005,127656.39,130291.57,-0.36809488524367867,-0.07224834985479771,0.32315952557378164,0.32499999999999996,0.009999999999999953,30,30,127653.52,81384.51,
2026-08-27T09:32:12.846567+00:00,KXBTC15M-26AUG270545-45,2026-08-27T09:45:00Z,12.79,80478.62,80327.81,0.23,41.02,0.24,10679.75,12603.53,27895.3,44628.06,55184.71,93484.97,132950.64,-0.992347564587245,-0.3775854759260946,0.23003826217706377,0.235,0.009999999999999981,30,30,150637.61,93971.91,
2026-08-27T09:32:32.995155+00:00,KXBTC15M-26AUG270545-45,2026-08-27T09:45:00Z,12.45,80478.62,80358.99,0.26,5619.61,0.27,233.22,17933.03,20162.55,46583.03,41350.43,107045.83,123102.18,0.9203052198679954,-0.05852437474373668,0.26960152609933996,0.265,0.010000000000000009,30,30,150637.61,93971.91,
2026-08-27T09:32:53.143211+00:00,KXBTC15M-26AUG270545-45,2026-08-27T09:45:00Z,12.12,80478.62,80323.78,0.21,4700.52,0.21999999999999997,3679.68,25572.36,20320.73,54802.76,45195.11,90347.36,124133.73,0.12181570845564552,0.11443182405020018,0.21560907854227818,0.21499999999999997,0.009999999999999981,30,30,171526.07,106849.45,
2026-08-27T09:33:13.266601+00:00,KXBTC15M-26AUG270545-45,2026-08-27T09:45:00Z,11.78,80478.62,80336.27,0.21,1327.93,0.21999999999999997,8222.21,19639.21,26096.71,48557.17,49379.09,87688.66,127541.71,-0.7219035532463398,-0.14119099386215475,0.21139048223376827,0.21499999999999997,0.009999999999999981,30,30,190452.96,114536.92,
2026-08-27T09:33:33.390026+00:00,KXBTC15M-26AUG270545-45,2026-08-27T09:45:00Z,11.44,80478.62,80321.34,0.18,5520.55,0.18999999999999995,6323.28,32284.7,18022.43,78676.81,37307.53,90834.81,119892.85,-0.06777621765932132,0.2835039486450529,0.18466111891170336,0.18499999999999997,0.009999999999999953,30,30,190452.96,114536.92,
2026-08-27T09:33:53.547544+00:00,KXBTC15M-26AUG270545-45,2026-08-27T09:45:00Z,11.11,80478.62,80324.27,0.2,4658.47,0.20999999999999996,17.0,22720.81,7666.42,58459.29,27149.7,88224.33,111180.32,0.9927280038156592,0.49541830565010364,0.20996364001907825,0.205,0.009999999999999953,30,30,221909.56,137365.31,
2026-08-27T09:34:13.681679+00:00,KXBTC15M-26AUG270545-45,2026-08-27T09:45:00Z,10.77,80478.62,80286.61,0.13,2626.72,0.14,5324.2,47819.24,20081.57,81239.29,40253.94,81239.29,115940.02,-0.3392663993600741,0.4085027851655967,0.13330366800319962,0.135,0.010000000000000009,30,30,221909.56,137365.31,
2026-08-27T09:34:33.816125+00:00,KXBTC15M-26AUG270545-45,2026-08-27T09:45:00Z,10.44,80478.62,80238.51,0.1,5612.9,0.10999999999999999,7321.25,56712.88,24930.9,56712.88,55217.54,56712.88,128581.36,-0.13208057738622178,0.38927619470828023,0.10433959711306888,0.105,0.009999999999999981,30,30,241993.11,148503.14,
2026-08-27T09:34:53.968629+00:00,KXBTC15M-26AUG270545-45,2026-08-27T09:45:00Z,10.1,80478.62,80226.36,0.095,533.25,0.09599999999999997,0.02,35548.6,17065.47,35548.6,38973.4,35548.6,113089.82,0.9999249910926923,0.3512963357520146,0.09599996249554632,0.09549999999999999,0.0009999999999999731,30,30,265885.69,158930.42,
2026-08-27T09:35:14.169071+00:00,KXBTC15M-26AUG270545-45,2026-08-27T09:45:00Z,9.76,80478.62,80220.95,0.082,54.06,0.08399999999999996,0.11,29754.88,18028.23,29754.88,40156.44,29754.88,92887.75,0.9959387114639099,0.2454141222704006,0.08399593871146387,0.08299999999999999,0.00199999999999996,30,30,265885.69,158930.42,
2026-08-27T09:35:34.292465+00:00,KXBTC15M-26AUG270545-45,2026-08-27T09:45:00Z,9.43,80478.62,80213.4,0.065,0.02,0.06599999999999995,0.02,38412.59,28196.11,38412.59,46156.3,38412.59,46156.3,0.0,0.1533805644007464,0.06549999999999997,0.06549999999999997,0.0009999999999999454,30,30,315624.65,172663.50,
2026-08-27T09:35:54.494067+00:00,KXBTC15M-26AUG270545-45,2026-08-27T09:45:00Z,9.09,80478.62,80212.25,0.057,0.02,0.05800000000000005,393.02,66162.26,21675.31,66162.26,21675.31,66162.26,21675.31,-0.999898229187869,0.5064683597235216,0.057000050885406064,0.05750000000000002,0.0010000000000000495,30,30,344650.61,184535.46,
2026-08-27T09:36:14.705570+00:00,KXBTC15M-26AUG270545-45,2026-08-27T09:45:00Z,8.76,80478.62,80230.44,0.063,0.02,0.06399999999999995,176.2,39362.19,29985.89,39362.19,51469.54,39362.19,56213.54,-0.999773011008966,0.135206338805631,0.06300011349449551,0.06349999999999997,0.0009999999999999454,30,30,344650.61,184535.46,
2026-08-27T09:36:34.918721+00:00,KXBTC15M-26AUG270545-45,2026-08-27T09:45:00Z,8.42,80478.62,80260.4,0.089,500.02,0.08999999999999997,594.94,31403.42,14484.99,31403.42,39451.56,31403.42,94308.19,-0.08668809819536794,0.36868634149668733,0.0894566559509023,0.08949999999999998,0.0009999999999999731,30,30,363173.75,192194.07,
2026-08-27T09:36:55.118312+00:00,KXBTC15M-26AUG270545-45,2026-08-27T09:45:00Z,8.08,80478.62,80309.07,0.12,5129.66,0.13,912.54,33499.37,15817.81,33501.37,42443.14,33501.37,122470.78,0.6979444573168714,0.35852739349654633,0.12848972228658437,0.125,0.010000000000000009,30,30,403255.97,190731.92,
2026-08-27T09:37:15.246364+00:00,KXBTC15M-26AUG270545-45,2026-08-27T09:45:00Z,7.75,80478.62,80284.27,0.082,70.8,0.08299999999999996,0.02,35002.23,17863.23,35002.23,36984.33,35002.23,66350.93,0.9994351878000566,0.3242003379900601,0.08299971759389999,0.08249999999999999,0.0009999999999999593,30,30,403255.97,190731.92,
2026-08-27T09:37:35.369402+00:00,KXBTC15M-26AUG270545-45,2026-08-27T09:45:00Z,7.41,80478.62,80235.75,0.062,8.02,0.06299999999999994,168.05,34096.5,29525.32,34096.5,37265.53,34096.5,37265.53,-0.9088998693701368,0.07184924920412526,0.062045550065314925,0.06249999999999997,0.0009999999999999454,30,30,428902.19,188131.26,
2026-08-27T09:37:55.536897+00:00,KXBTC15M-26AUG270545-45,2026-08-27T09:45:00Z,7.08,80478.62,80240.52,0.053,8.02,0.05400000000000005,1368.39,68460.03,16781.56,68460.03,16781.56,68460.03,16781.56,-0.9883464955936095,0.6062588696433279,0.053005826752203195,0.05350000000000002,0.0010000000000000495,30,30,428902.19,188131.26,
2026-08-27T09:38:15.664822+00:00,KXBTC15M-26AUG270545-45,2026-08-27T09:45:00Z,6.74,80478.62,80270.25,0.067,0.02,0.06799999999999995,133.14,27846.9,24744.41,27846.9,41196.72,27846.9,41196.72,-0.9996996094923399,0.058992445710137315,0.06700015019525384,0.06749999999999998,0.0009999999999999454,30,30,462026.34,202198.58,
2026-08-27T09:38:35.892185+00:00,KXBTC15M-26AUG270545-45,2026-08-27T09:45:00Z,6.4,80478.62,80277.94,0.06,68.69,0.061000000000000054,513.72,41652.02,20816.69,41652.02,20816.69,41652.02,20816.69,-0.7641180611596641,0.33353225959044136,0.06011794096942017,0.060500000000000026,0.0010000000000000564,30,30,488794.19,211608.87,
2026-08-27T09:38:56.054172+00:00,KXBTC15M-26AUG270545-45,2026-08-27T09:45:00Z,6.07,80478.62,80265.4,0.053,942.69,0.05400000000000005,1.56,41082.51,20358.79,41082.51,20358.79,41082.51,20358.79,0.9966957903097697,0.33729299347507297,0.05399834789515494,0.05350000000000002,0.0010000000000000495,30,30,488794.19,211608.87,
2026-08-27T09:39:16.183123+00:00,KXBTC15M-26AUG270545-45,2026-08-27T09:45:00Z,5.73,80478.62,80282.32,0.062,172.03,0.06299999999999994,0.02,18668.72,26583.25,18668.72,26583.25,18668.72,26583.25,0.9997675094449286,-0.17489912593860552,0.0629998837547224,0.06249999999999997,0.0009999999999999454,30,30,501344.48,218165.77,
2026-08-27T09:39:36.317678+00:00,KXBTC15M-26AUG270545-45,2026-08-27T09:45:00Z,5.4,80478.62,80299.73,0.07,1200.9,0.07099999999999995,1790.53,28868.64,30990.63,28868.64,30990.63,28868.64,30990.63,-0.1971064006177647,-0.03544964714738422,0.0704014467996911,0.07049999999999998,0.0009999999999999454,30,30,501344.48,218165.77,
2026-08-27T09:39:56.518146+00:00,KXBTC15M-26AUG270545-45,2026-08-27T09:45:00Z,5.06,80478.62,80279.1,0.042,163.02,0.04300000000000004,0.02,58519.99,16795.73,58519.99,16795.73,58519.99,16795.73,0.9997546614327771,0.5539913845343308,0.042999877330716425,0.042500000000000024,0.0010000000000000356,30,30,512748.08,224448.97,
2026-08-27T09:40:16.723662+00:00,KXBTC15M-26AUG270545-45,2026-08-27T09:45:00Z,4.72,80478.62,80238.09,0.025,1140.45,0.026000000000000023,334.84,168520.92,12894.25,168520.92,12894.25,168520.92,12894.25,0.5460689084857894,0.8578481612094513,0.025773034454242914,0.025500000000000012,0.0010000000000000217,24,30,512748.08,224448.97,
2026-08-27T09:40:36.924452+00:00,KXBTC15M-26AUG270545-45,2026-08-27T09:45:00Z,4.39,80478.62,80256.24,0.023,2579.21,0.02400000000000002,30.02,172552.16,11490.83,172552.16,11490.83,172552.16,11490.83,0.9769893800086615,0.8751288489716453,0.023988494690004355,0.02350000000000001,0.0010000000000000217,22,30,530857.97,229310.61,
2026-08-27T09:40:57.072868+00:00,KXBTC15M-26AUG270545-45,2026-08-27T09:45:00Z,4.05,80478.62,80319.56,0.039,676.65,0.040000000000000036,7960.28,51772.46,28792.12,51772.46,31318.12,51772.46,31318.12,-0.8433123806722991,0.2852412313202651,0.03907834380966385,0.03950000000000002,0.0010000000000000356,30,30,575379.47,250745.10,
2026-08-27T09:41:17.246251+00:00,KXBTC15M-26AUG270545-45,2026-08-27T09:45:00Z,3.71,80478.62,80299.84,0.026,0.02,0.027000000000000024,1018.67,168088.57,20155.97,168088.57,20155.97,168088.57,20155.97,-0.9999607338837134,0.7858533373663852,0.026000019633058143,0.02650000000000001,0.0010000000000000252,22,30,575379.47,250745.10,
2026-08-27T09:41:37.451762+00:00,KXBTC15M-26AUG270545-45,2026-08-27T09:45:00Z,3.38,80478.62,80274.85,0.015,35.02,0.016000000000000014,1542.07,150631.06,25002.280000000002,150631.06,25002.280000000002,150631.06,25002.280000000002,-0.9555890913010672,0.7152900468669559,0.015022205454349466,0.015500000000000007,0.0010000000000000148,15,30,594410.94,249896.94,
2026-08-27T09:41:57.618898+00:00,KXBTC15M-26AUG270545-45,2026-08-27T09:45:00Z,3.04,80478.62,80270.26,0.009,892.34,0.01100000000000001,85.02,132822.57,26687.88,132822.57,26687.88,132822.57,26687.88,0.8260211181141034,0.6653776602097229,0.01082602111811411,0.010000000000000005,0.0020000000000000104,9,30,627824.53,257620.62,
2026-08-27T09:42:17.824080+00:00,KXBTC15M-26AUG270545-45,2026-08-27T09:45:00Z,2.7,80478.62,80254.91,0.006,248.02,0.007000000000000006,1224.57,123627.9,31245.579999999998,123627.9,31245.579999999998,123627.9,31245.579999999998,-0.6631513184253595,0.5965018672015376,0.0061684243407873224,0.006500000000000003,0.001000000000000006,6,30,627824.53,257620.62,
2026-08-27T09:42:38.037668+00:00,KXBTC15M-26AUG270545-45,2026-08-27T09:45:00Z,2.37,80478.62,80212.68,0.003,997.74,0.0040000000000000036,205.73,110713.41,38655.92,110713.41,38655.92,110713.41,38655.92,0.6581053121390645,0.4824115499480382,0.0038290526560695354,0.003500000000000002,0.0010000000000000035,3,30,661037.09,272939.86,
2026-08-27T09:42:58.234420+00:00,KXBTC15M-26AUG270545-45,2026-08-27T09:45:00Z,2.03,80478.62,80200.68,0.002,12688.13,0.0030000000000000027,255.19,109291.06,32685.82,109291.06,32685.82,109291.06,32685.82,0.960568076814913,0.53956137083728,0.0029802840384074588,0.0025000000000000014,0.0010000000000000026,2,30,661037.09,272939.86,
2026-08-27T09:43:18.351075+00:00,KXBTC15M-26AUG270545-45,2026-08-27T09:45:00Z,1.69,80478.62,80204.33,0.002,5798.67,0.0030000000000000027,2214.86,102561.59999999999,30638.27,102561.59999999999,30638.27,102561.59999999999,30638.27,0.44721988936211626,0.5399654669332634,0.0027236099446810596,0.0025000000000000014,0.0010000000000000026,2,30,688276.52,281807.19,
2026-08-27T09:43:38.555549+00:00,KXBTC15M-26AUG270545-45,2026-08-27T09:45:00Z,1.36,80478.62,80245.73,0.001,45434.93,0.0020000000000000018,1945.92,45434.93,31267.15,45434.93,31267.15,45434.93,31267.15,0.9178604858291906,0.1847118096406251,0.001958930242914597,0.001500000000000001,0.0010000000000000018,1,30,708754.85,287514.60,
2026-08-27T09:43:58.712230+00:00,KXBTC15M-26AUG270545-45,2026-08-27T09:45:00Z,1.02,80478.62,80273.88,0.001,35982.06,0.0020000000000000018,9128.5,35982.06,38522.71,35982.06,38522.71,35982.06,38522.71,0.5952832330168368,-0.03410050121623088,0.00179764161650842,0.001500000000000001,0.0010000000000000018,1,30,708754.85,287514.60,
2026-08-27T09:44:18.901378+00:00,KXBTC15M-26AUG270545-45,2026-08-27T09:45:00Z,0.69,80478.62,80257.94,,0.0,0.0010000000000000009,542.99,0,76853.11,0,76853.11,0,76853.11,-1.0,-1.0,,,,0,30,740960.14,305287.75,
2026-08-27T09:44:39.057851+00:00,KXBTC15M-26AUG270545-45,2026-08-27T09:45:00Z,0.35,80478.62,80259.94,,0.0,0.0010000000000000009,12465.99,0,79673.53,0,79673.53,0,79673.53,-1.0,-1.0,,,,0,30,813400.74,344275.37,
2026-08-27T09:45:19.231572+00:00,KXBTC15M-26AUG270600-00,2026-08-27T10:00:00Z,14.68,80257.1,80252.39,0.49,2443.93,0.5,7094.53,22627.07,28127.53,41492.89,49774.53,153829.82,158753.64,-0.48756298186499714,-0.10837362524776079,0.49256218509067506,0.495,0.010000000000000009,30,30,308.16,298.16,
2026-08-27T09:45:39.361308+00:00,KXBTC15M-26AUG270600-00,2026-08-27T10:00:00Z,14.34,80257.1,80244.15,0.46,4803.03,0.47,670.09,21727.13,15623.62,43778.95,37380.28,152253.77,140658.4,0.7551341830619464,0.163410641017918,0.4687756709153097,0.46499999999999997,0.009999999999999953,30,30,308.16,298.16,
2026-08-27T09:45:59.558672+00:00,KXBTC15M-26AUG270600-00,2026-08-27T10:00:00Z,14.01,80257.1,80229.73,0.43,3229.72,0.43999999999999995,2676.21,26873.78,17012.43,50634.78,35778.53,152823.05,132130.14,0.0937210566329096,0.22470270273965326,0.4354686052831645,0.43499999999999994,0.009999999999999953,30,30,35762.65,21632.00,
2026-08-27T09:46:19.689530+00:00,KXBTC15M-26AUG270600-00,2026-08-27T10:00:00Z,13.67,80257.1,80230.78,0.43,5108.68,0.43999999999999995,6830.52,25534.49,21201.99,50167.590000000004,39746.090000000004,153717.7,135411.7,-0.1442173679978558,0.0927006056082957,0.43427891316001077,0.43499999999999994,0.009999999999999953,30,30,52513.94,29498.50,
2026-08-27T09:46:39.836461+00:00,KXBTC15M-26AUG270600-00,2026-08-27T10:00:00Z,13.34,80257.1,80250.09,0.46,4448.08,0.47,888.97,22166.329999999998,16301.03,41268.09,39870.13,144820.87,138393.36000000002,0.6668684010829952,0.15247472142616486,0.46833434200541496,0.46499999999999997,0.009999999999999953,30,30,52513.94,29498.50,
2026-08-27T09:47:00.023595+00:00,KXBTC15M-26AUG270600-00,2026-08-27T10:00:00Z,13.0,80257.1,80239.82,0.42,11947.07,0.43000000000000005,61.02,32151.09,11615.52,56176.52,30857.14,157287.32,121786.8,0.9898368516558419,0.46920631961214265,0.42994918425827927,0.42500000000000004,0.010000000000000064,30,30,72663.83,41630.27,
2026-08-27T09:47:20.178990+00:00,KXBTC15M-26AUG270600-00,2026-08-27T10:00:00Z,12.66,80257.1,80250.37,0.46,6165.04,0.47,1966.15,24935.29,17353.93,42217.21,40961.96,144884.99,137517.41,0.5163930494798423,0.17927405613061675,0.4675819652473992,0.46499999999999997,0.009999999999999953,30,30,86401.54,47248.75,
2026-08-27T09:47:40.314155+00:00,KXBTC15M-26AUG270600-00,2026-08-27T10:00:00Z,12.33,80257.1,80252.31,0.5,3266.36,0.51,1684.37,20455.53,27468.920000000002,39680.63,50002.13,133213.09,143580.62,0.319546814308193,-0.1463426288668937,0.5065977340715411,0.505,0.010000000000000009,30,30,86401.54,47248.75,
2026-08-27T09:48:00.448009+00:00,KXBTC15M-26AUG270600-00,2026-08-27T10:00:00Z,11.99,80257.1,80271.76,0.53,1688.04,0.54,3182.6,17558.19,16728.3,33147.86,39420.36,125795.45,137536.08,-0.3068508450634824,0.024204577371436956,0.5334657457746826,0.535,0.010000000000000009,30,30,86401.54,47248.75,
2026-08-27T09:48:20.634866+00:00,KXBTC15M-26AUG270600-00,2026-08-27T10:00:00Z,11.66,80257.1,80234.72,0.42,3481.13,0.43000000000000005,9542.15,23756.2,22737.6,47052.3,43655.54,146454.54,122887.69,-0.4653988856877837,0.021908297450412787,0.4226730055715611,0.42500000000000004,0.010000000000000064,30,30,101995.83,56819.73,
2026-08-27T09:48:40.837472+00:00,KXBTC15M-26AUG270600-00,2026-08-27T10:00:00Z,11.32,80257.1,80238.28,0.43,4423.02,0.43999999999999995,6773.96,23282.62,22171.39,47123.62,41044.13,144820.62,126400.88,-0.20996197188884858,0.024447347989759314,0.43395019014055575,0.43499999999999994,0.009999999999999953,30,30,126259.41,60222.74,
2026-08-27T09:49:00.962459+00:00,KXBTC15M-26AUG270600-00,2026-08-27T10:00:00Z,10.98,80257.1,80243.9,0.46,2628.92,0.47,3313.52,17307.09,20211.23,35147.43,34299.01,133469.22,126701.1,-0.11520520190359514,-0.07740591796221151,0.46442397399048196,0.46499999999999997,0.009999999999999953,30,30,126259.41,60222.74,
2026-08-27T09:49:21.127380+00:00,KXBTC15M-26AUG270600-00,2026-08-27T10:00:00Z,10.65,80257.1,80237.29,0.44,6832.07,0.44999999999999996,5222.6,23557.1,17131.3,47247.2,31083.46,140680.62,118142.11,0.13351423141404944,0.15792707503858594,0.44566757115707023,0.44499999999999995,0.009999999999999953,30,30,141301.11,67382.27,
2026-08-27T09:49:41.317434+00:00,KXBTC15M-26AUG270600-00,2026-08-27T10:00:00Z,10.31,80257.1,80243.63,0.46,2469.54,0.47,10741.65,17472.81,24694.54,34701.15,39585.32,132438.36,130329.84,-0.6261442004845893,-0.17126354869347965,0.46186927899757707,0.46499999999999997,0.009999999999999953,30,30,164139.39,75865.04,
2026-08-27T09:50:01.447726+00:00,KXBTC15M-26AUG270600-00,2026-08-27T10:00:00Z,9.98,80257.1,80189.76,0.31,7235.78,0.31999999999999995,1.88,27827.02,11620.99,53475.79,34860.090000000004,129493.3,107510.09,0.9994804950771382,0.4108199627813925,0.31999740247538566,0.31499999999999995,0.009999999999999953,30,30,164139.39,75865.04,
2026-08-27T09:50:21.576214+00:00,KXBTC15M-26AUG270600-00,2026-08-27T10:00:00Z,9.64,80257.1,80171.66,0.25,4573.16,0.26,6111.71,26976.34,16555.94,52402.25,38828.090000000004,116418.49,111378.43000000001,-0.14399332888467528,0.23937179490713562,0.25428003335557664,0.255,0.010000000000000009,30,30,189244.73,86539.57,
2026-08-27T09:50:41.693871+00:00,KXBTC15M-26AUG270600-00,2026-08-27T10:00:00Z,9.31,80257.1,80142.19,0.18,21.85,0.18999999999999995,11146.02,23755.0,27380.760000000002,64328.07,43707.32,82068.64,123835.77,-0.9960869888349344,-0.07090458810038223,0.1800195650558253,0.18499999999999997,0.009999999999999953,30,30,189244.73,86539.57,
2026-08-27T09:51:01.815647+00:00,KXBTC15M-26AUG270600-00,2026-08-27T10:00:00Z,8.97,80257.1,80102.54,0.11,278.0,0.12,10302.08,45099.87,27484.21,58378.87,51601.66,58378.87,126216.79000000001,-0.9474484124883744,0.24269316356975254,0.11026275793755813,0.11499999999999999,0.009999999999999995,30,30,233008.44,104022.05,
2026-08-27T09:51:21.990354+00:00,KXBTC15M-26AUG270600-00,2026-08-27T10:00:00Z,8.63,80257.1,80093.48,0.092,8.02,0.09299999999999997,3303.02,43903.46,23640.12,43903.46,48073.270000000004,43903.46,94853.85,-0.9951556006571953,0.3000039381981233,0.0920024221996714,0.09249999999999999,0.0009999999999999731,30,30,302580.24,120167.68,
2026-08-27T09:51:42.120135+00:00,KXBTC15M-26AUG270600-00,2026-08-27T10:00:00Z,8.3,80257.1,80085.43,0.072,163.96,0.07299999999999995,100.02,65457.43,25589.66,65457.43,33278.78,65457.43,33278.78,0.24221531934237445,0.43788077136787135,0.07262110765967116,0.07249999999999998,0.0009999999999999593,30,30,302580.24,120167.68,
2026-08-27T09:52:02.372944+00:00,KXBTC15M-26AUG270600-00,2026-08-27T10:00:00Z,7.96,80257.1,80047.59,0.047,0.02,0.04800000000000004,979.0,69588.9,29936.31,69588.9,29936.31,69588.9,29936.31,-0.9999591428162857,0.3984175466698337,0.04700002042859185,0.04750000000000002,0.0010000000000000425,30,30,353681.51,140066.49,
2026-08-27T09:52:22.494605+00:00,KXBTC15M-26AUG270600-00,2026-08-27T10:00:00Z,7.63,80257.1,80094.77,0.076,0.02,0.07699999999999996,254.41,27360.26,30138.67,27360.26,47317.1,27360.26,47317.1,-0.9998427858350036,-0.048321073105186484,0.07600007860708248,0.07649999999999998,0.0009999999999999593,30,30,385767.07,141652.54,
2026-08-27T09:52:42.685841+00:00,KXBTC15M-26AUG270600-00,2026-08-27T10:00:00Z,7.29,80257.1,80084.38,0.059,837.02,0.06000000000000005,61.24,27412.38,33345.44,27412.38,33345.44,27412.38,33345.44,0.8636474962705675,-0.0976509690439848,0.059931823748135334,0.059500000000000025,0.0010000000000000564,30,30,385767.07,141652.54,
2026-08-27T09:53:02.841126+00:00,KXBTC15M-26AUG270600-00,2026-08-27T10:00:00Z,6.95,80257.1,80078.72,0.05,938.17,0.052000000000000046,181.21,47072.91,28423.41,47072.91,28423.41,47072.91,28423.41,0.6762314852864979,0.24702528547086802,0.051676231485286536,0.051000000000000024,0.0020000000000000434,30,30,411055.62,142725.68,
2026-08-27T09:53:23.070267+00:00,KXBTC15M-26AUG270600-00,2026-08-27T10:00:00Z,6.62,80257.1,80086.57,0.061,0.02,0.062000000000000055,1411.85,20415.38,27896.44,20415.38,27896.44,20415.38,27896.44,-0.9999716687797036,-0.15484947575976227,0.06100001416561014,0.06150000000000003,0.0010000000000000564,30,30,443076.67,145947.34,
2026-08-27T09:53:43.300820+00:00,KXBTC15M-26AUG270600-00,2026-08-27T10:00:00Z,6.28,80257.1,80083.63,0.061,19.02,0.062000000000000055,49.53,25832.51,23616.05,25832.51,23616.05,25832.51,23616.05,-0.4450765864332604,0.044823549967885803,0.06127746170678339,0.06150000000000003,0.0010000000000000564,30,30,443076.67,145947.34,
2026-08-27T09:54:03.501370+00:00,KXBTC15M-26AUG270600-00,2026-08-27T10:00:00Z,5.94,80257.1,80110.99,0.07,8.81,0.07099999999999995,0.02,27539.49,29548.86,27539.49,29548.86,27539.49,29548.86,0.9954699886749718,-0.0351975490621116,0.07099773499433742,0.07049999999999998,0.0009999999999999454,30,30,443076.67,145947.34,
2026-08-27T09:54:23.667434+00:00,KXBTC15M-26AUG270600-00,2026-08-27T10:00:00Z,5.61,80257.1,80091.78,0.042,1702.99,0.049000000000000044,20.0,68541.3,30591.18,68541.3,30591.18,68541.3,30591.18,0.9767845431488285,0.3828222596670637,0.048918745901020945,0.04550000000000003,0.007000000000000041,30,30,458056.99,151319.06,
2026-08-27T09:54:43.881361+00:00,KXBTC15M-26AUG270600-00,2026-08-27T10:00:00Z,5.27,80257.1,80068.8,0.03,865.02,0.031000000000000028,83.13,154139.36,22119.14,154139.36,22119.14,154139.36,22119.14,0.8246479987343774,0.7490147709188492,0.030912323999367216,0.030500000000000013,0.0010000000000000286,30,30,470026.06,155872.42,
2026-08-27T09:55:04.060612+00:00,KXBTC15M-26AUG270600-00,2026-08-27T10:00:00Z,4.93,80257.1,80056.31,0.014,270.02,0.015000000000000013,183.02,118547.77,31605.27,118547.77,31605.27,118547.77,31605.27,0.19203602330920003,0.5790259058358059,0.01459601801165461,0.014500000000000006,0.001000000000000013,14,30,470026.06,155872.42,
2026-08-27T09:55:24.317126+00:00,KXBTC15M-26AUG270600-00,2026-08-27T10:00:00Z,4.6,80257.1,80057.86,0.016,131.95,0.017000000000000015,1160.25,108248.12,29788.57,108248.12,29788.57,108248.12,29788.57,-0.7957746478873239,0.568396344479138,0.016102112676056338,0.016500000000000008,0.0010000000000000148,16,30,510073.94,162366.36,
2026-08-27T09:55:44.458203+00:00,KXBTC15M-26AUG270600-00,2026-08-27T10:00:00Z,4.26,80257.1,80044.87,0.011,123.02,0.01200000000000001,821.64,98913.38,37998.02,98913.38,37998.02,98913.38,37998.02,-0.7395465035039062,0.4449254043125701,0.011130226748248047,0.011500000000000005,0.0010000000000000113,10,30,546851.53,174295.96,
2026-08-27T09:56:04.608676+00:00,KXBTC15M-26AUG270600-00,2026-08-27T10:00:00Z,3.92,80257.1,80051.12,0.005,146.06,0.006000000000000005,632.86,85572.37,33650.32,85572.37,33650.32,85572.37,33650.32,-0.6249679042777179,0.43550476842956654,0.005187516047861142,0.005500000000000003,0.0010000000000000052,5,30,589497.74,185601.01,
2026-08-27T09:56:24.997813+00:00,KXBTC15M-26AUG270600-00,2026-08-27T10:00:00Z,3.59,80257.1,80001.74,0.003,842.31,0.0040000000000000036,2291.78,80112.42,38554.57,80112.42,38554.57,80112.42,38554.57,-0.46248512327342234,0.35020564691158007,0.0032687574383632894,0.003500000000000002,0.0010000000000000035,3,30,589497.74,185601.01,
2026-08-27T09:56:45.161406+00:00,KXBTC15M-26AUG270600-00,2026-08-27T10:00:00Z,3.25,80257.1,79995.01,0.004,248.76,0.0050000000000000044,565.6,80291.69,36808.590000000004,80291.69,36808.590000000004,80291.69,36808.590000000004,-0.389066260621838,0.3713321607770707,0.004305466869689082,0.004500000000000002,0.0010000000000000044,4,30,589497.74,185601.01,
2026-08-27T09:57:05.295949+00:00,KXBTC15M-26AUG270600-00,2026-08-27T10:00:00Z,2.91,80257.1,79993.63,0.002,2710.99,0.0030000000000000027,2945.73,76142.1,37004.91,76142.1,37004.91,76142.1,37004.91,-0.04149754628123723,0.34589681159051394,0.002479251226859383,0.0025000000000000014,0.0010000000000000026,2,30,612023.93,198521.08,
2026-08-27T09:57:25.436816+00:00,KXBTC15M-26AUG270600-00,2026-08-27T10:00:00Z,2.58,80257.1,80000.0,0.002,2638.07,0.0030000000000000027,1710.3,74069.18000000001,35716.16,74069.18000000001,35716.16,74069.18000000001,35716.16,0.21336040861288258,0.3493455501435802,0.002606680204306443,0.0025000000000000014,0.0010000000000000026,2,30,629132.40,204110.92,
2026-08-27T09:57:45.642701+00:00,KXBTC15M-26AUG270600-00,2026-08-27T10:00:00Z,2.24,80257.1,79991.32,0.002,2244.67,0.0030000000000000027,743.14,73675.78,33077.46,73675.78,33077.46,73675.78,33077.46,0.502552036441407,0.38030058853483045,0.0027512760182207053,0.0025000000000000014,0.0010000000000000026,2,30,629132.40,204110.92,
2026-08-27T09:58:05.872409+00:00,KXBTC15M-26AUG270600-00,2026-08-27T10:00:00Z,1.9,80257.1,79985.32,0.001,67782.13,0.0030000000000000027,4190.47,67782.13,37657.0,67782.13,37657.0,67782.13,37657.0,0.8835537412848778,0.2857111017513138,0.0028835537412848803,0.0020000000000000013,0.0020000000000000026,1,30,635523.79,206607.80,
2026-08-27T09:58:26.098149+00:00,KXBTC15M-26AUG270600-00,2026-08-27T10:00:00Z,1.57,80257.1,79985.42,0.002,319.73,0.0030000000000000027,1614.0,44232.840000000004,33471.14,44232.840000000004,33471.14,44232.840000000004,33471.14,-0.6693126755027847,0.13849612336459474,0.002165343662248608,0.0025000000000000014,0.0010000000000000026,2,30,647123.36,214395.99,
2026-08-27T09:58:46.391894+00:00,KXBTC15M-26AUG270600-00,2026-08-27T10:00:00Z,1.23,80257.1,79927.37,0.001,27979.12,0.0020000000000000018,15480.66,27979.12,50927.41,27979.12,50927.41,27979.12,50927.41,0.2875868216544124,-0.2908287818511346,0.0016437934108272073,0.001500000000000001,0.0010000000000000018,1,30,647123.36,214395.99,
2026-08-27T09:59:06.684408+00:00,KXBTC15M-26AUG270600-00,2026-08-27T10:00:00Z,0.89,80257.1,79953.31,0.001,4845.94,0.0020000000000000018,18567.05,4845.94,57731.89,4845.94,57731.89,4845.94,57731.89,-0.5860468910634653,-0.8451227854976754,0.0012069765544682678,0.001500000000000001,0.0010000000000000018,1,30,671589.01,230845.83,
2026-08-27T09:59:26.915277+00:00,KXBTC15M-26AUG270600-00,2026-08-27T10:00:00Z,0.55,80257.1,79972.3,,0.0,0.0010000000000000009,12504.66,0,88448.21,0,88448.21,0,88448.21,-1.0,-1.0,,,,0,30,671589.01,230845.83,
2026-08-27T09:59:47.060550+00:00,KXBTC15M-26AUG270600-00,2026-08-27T10:00:00Z,0.22,80257.1,79988.74,,0.0,0.0010000000000000009,15566.93,0,87081.41,0,87081.41,0,87081.41,-1.0,-1.0,,,,0,30,719831.06,260175.46,
2026-08-27T10:00:47.321902+00:00,KXBTC15M-26AUG270615-15,2026-08-27T10:15:00Z,14.21,79965.75,79928.94,0.41,1.02,0.42000000000000004,5955.88,16596.07,22358.36,38532.07,37558.41,148651.7,114982.9,-0.9996575399956351,-0.1479238689925639,0.41000171230002175,0.41500000000000004,0.010000000000000064,30,30,28496.31,23097.90,
2026-08-27T10:01:07.441858+00:00,KXBTC15M-26AUG270615-15,2026-08-27T10:15:00Z,13.88,79965.75,79942.28,0.46,8026.94,0.47,1.02,20035.14,6325.66,38117.04,23464.89,135248.3,116456.59,0.999745888121017,0.5200707110558102,0.469998729440605,0.46499999999999997,0.009999999999999953,30,30,68780.71,45140.02,
2026-08-27T10:01:27.642515+00:00,KXBTC15M-26AUG270615-15,2026-08-27T10:15:00Z,13.54,79965.75,79984.95,0.54,7303.9,0.55,1.01,20920.9,14998.59,46534.05,34963.13,126316.54,134071.28,0.9997234736636043,0.16487734096447362,0.549998617368318,0.545,0.010000000000000009,30,30,68780.71,45140.02,
2026-08-27T10:01:47.799209+00:00,KXBTC15M-26AUG270615-15,2026-08-27T10:15:00Z,13.2,79965.75,80000.0,0.57,3006.22,0.5800000000000001,2076.38,19646.76,25503.97,42837.86,47067.07,118650.63,150404.95,0.18294573643410844,-0.12972569878715146,0.5759147286821704,0.575,0.01000000000000012,30,30,99225.72,58958.49,
2026-08-27T10:02:07.930271+00:00,KXBTC15M-26AUG270615-15,2026-08-27T10:15:00Z,12.87,79965.75,80020.01,0.62,2180.1,0.63,431.36,16005.15,24165.39,35596.97,48459.270000000004,110368.68,152201.06,0.6696407373653052,-0.20313991298100548,0.6283482036868265,0.625,0.010000000000000009,30,30,99225.72,58958.49,
2026-08-27T10:02:28.057208+00:00,KXBTC15M-26AUG270615-15,2026-08-27T10:15:00Z,12.53,79965.75,79945.05,0.46,4566.49,0.47,5339.58,13834.96,19922.64,30814.68,41466.74,123066.11,129408.78,-0.07804204896593707,-0.1803350949119606,0.4646097897551703,0.46499999999999997,0.009999999999999953,30,30,139877.18,79395.13,
2026-08-27T10:02:48.194344+00:00,KXBTC15M-26AUG270615-15,2026-08-27T10:15:00Z,12.2,79965.75,79956.91,0.5,3210.28,0.51,1229.3,18035.66,20217.46,30884.48,44022.58,113100.34,128504.64,0.44620887561435996,-0.057035870538141714,0.5072310443780719,0.505,0.010000000000000009,30,30,139877.18,79395.13,
2026-08-27T10:03:08.391775+00:00,KXBTC15M-26AUG270615-15,2026-08-27T10:15:00Z,11.86,79965.75,79941.37,0.49,4635.32,0.5,43.97,19248.08,8237.18,32036.33,30954.28,113723.79000000001,112547.81,0.981206550566432,0.4006110911812368,0.4999060327528321,0.495,0.010000000000000009,30,30,176006.75,88860.21,
2026-08-27T10:03:28.539516+00:00,KXBTC15M-26AUG270615-15,2026-08-27T10:15:00Z,11.53,79965.75,80000.0,0.58,4450.04,0.6,3251.86,20162.6,19987.010000000002,37116.36,39156.32,112729.05,145047.31,0.15556940495202481,0.0043733924190047305,0.5915556940495202,0.59,0.020000000000000018,30,30,202174.10,97285.55,
2026-08-27T10:03:48.833674+00:00,KXBTC15M-26AUG270615-15,2026-08-27T10:15:00Z,11.19,79965.75,79999.1,0.6,4493.48,0.61,363.71,19917.67,22135.76,34184.96,38961.44,108692.55,147750.71,0.8502385123909091,-0.05274456804118001,0.6092511925619546,0.605,0.010000000000000009,30,30,202174.10,97285.55,
2026-08-27T10:04:09.087104+00:00,KXBTC15M-26AUG270615-15,2026-08-27T10:15:00Z,10.85,79965.75,79988.51,0.56,2132.03,0.5700000000000001,2468.08,14220.36,24599.02,31868.34,46278.0,112756.28,132907.97,-0.07305260091606498,-0.2673576960786081,0.5646347369954197,0.5650000000000001,0.010000000000000009,30,30,217226.27,101034.95,
2026-08-27T10:04:29.220495+00:00,KXBTC15M-26AUG270615-15,2026-08-27T10:15:00Z,10.51,79965.75,80030.34,0.68,310.03,0.69,3288.55,14695.23,24237.23,32022.329999999998,52627.14,106664.79,128825.67,-0.8276931456296652,-0.2450911142013631,0.6808615342718518,0.685,0.009999999999999898,30,30,217226.27,101034.95,
2026-08-27T10:04:49.370575+00:00,KXBTC15M-26AUG270615-15,2026-08-27T10:15:00Z,10.18,79965.75,80037.21,0.69,6478.83,0.7,0.02,22749.54,18970.94,42779.64,40949.32,107772.1,117133.12,0.9999938260648108,0.09056942777264314,0.6999999691303239,0.695,0.010000000000000009,30,30,247240.44,103485.20,
2026-08-27T10:05:09.508490+00:00,KXBTC15M-26AUG270615-15,2026-08-27T10:15:00Z,9.84,79965.75,80063.2,0.75,2139.6,0.76,4874.3,16242.0,20907.73,32211.18,36256.56,102765.71,90762.57,-0.389897204123241,-0.1255925682367005,0.7530505139793838,0.755,0.010000000000000009,30,30,273727.00,108513.64,
2026-08-27T10:05:29.706478+00:00,KXBTC15M-26AUG270615-15,2026-08-27T10:15:00Z,9.51,79965.75,80080.9,0.8,1360.02,0.81,126.79,12297.56,17765.48,26137.62,48841.93,93015.57,76349.11,0.8294469367303153,-0.18188180569895793,0.8091472346836517,0.805,0.010000000000000009,30,30,273727.00,108513.64,
2026-08-27T10:05:49.859522+00:00,KXBTC15M-26AUG270615-15,2026-08-27T10:15:00Z,9.17,79965.75,80049.95,0.77,2627.81,0.78,664.3,16367.97,13980.67,32780.82,35941.33,100674.45,84127.43,0.596429037911856,0.07866250349274298,0.7779821451895593,0.775,0.010000000000000009,30,30,328106.77,115730.26,
2026-08-27T10:06:09.990125+00:00,KXBTC15M-26AUG270615-15,2026-08-27T10:15:00Z,8.83,79965.75,80095.62,0.84,31.98,0.85,1492.02,15702.39,23650.58,32017.89,63385.880000000005,99035.92,63385.880000000005,-0.9580314960629921,-0.201971795267295,0.8402098425196849,0.845,0.010000000000000009,30,30,356714.88,125944.21,
2026-08-27T10:06:30.167447+00:00,KXBTC15M-26AUG270615-15,2026-08-27T10:15:00Z,8.5,79965.75,80079.78,0.85,1265.02,0.86,920.6,20893.21,26429.170000000002,36971.69,56525.64,101018.98,56525.64,0.1575845755437816,-0.11698397248828149,0.8557879228777189,0.855,0.010000000000000009,30,30,356714.88,125944.21,
2026-08-27T10:06:50.297690+00:00,KXBTC15M-26AUG270615-15,2026-08-27T10:15:00Z,8.16,79965.75,80102.63,0.89,583.11,0.9,1797.0,14464.52,40291.03,34275.7,40291.03,93982.37,40291.03,-0.5100142430391872,-0.4716692645768328,0.892449928784804,0.895,0.010000000000000009,30,30,382774.93,129491.04,
2026-08-27T10:07:10.508919+00:00,KXBTC15M-26AUG270615-15,2026-08-27T10:15:00Z,7.83,79965.75,80132.1,0.939,432.87,0.94,766.28,18261.32,36574.38,18261.32,36574.38,18261.32,36574.38,-0.27803861068256674,-0.3339623639344441,0.9393609806946585,0.9395,0.0010000000000000009,30,30,406961.45,131031.63,
2026-08-27T10:07:30.649455+00:00,KXBTC15M-26AUG270615-15,2026-08-27T10:15:00Z,7.49,79965.75,80132.87,0.945,200.02,0.946,151.02,15333.39,68857.19,15333.39,68857.19,15333.39,68857.19,0.1395852324521422,-0.6357457093180734,0.945569792616226,0.9455,0.0010000000000000009,30,30,406961.45,131031.63,
2026-08-27T10:07:50.789200+00:00,KXBTC15M-26AUG270615-15,2026-08-27T10:15:00Z,7.15,79965.75,80110.44,0.941,648.57,0.942,0.02,23405.53,44463.0,23405.53,44463.0,23405.53,44463.0,0.9999383277571348,-0.3102685441986146,0.9419999691638785,0.9415,0.0010000000000000009,30,30,447206.75,147713.70,
2026-08-27T10:08:10.951184+00:00,KXBTC15M-26AUG270615-15,2026-08-27T10:15:00Z,6.82,79965.75,80124.85,0.948,268.34,0.949,1501.9,28626.89,47982.43,28626.89,47982.43,28626.89,47982.43,-0.6968320679681852,-0.2526525493242859,0.948151583966016,0.9484999999999999,0.0010000000000000009,30,30,447206.75,147713.70,
2026-08-27T10:08:31.103288+00:00,KXBTC15M-26AUG270615-15,2026-08-27T10:15:00Z,6.48,79965.75,80102.64,0.938,355.43,0.9390000000000001,858.9,26707.84,38151.78,26707.84,38151.78,26707.84,38151.78,-0.41460723197153987,-0.1764416751131135,0.9382926963840142,0.9385,0.001000000000000112,30,30,472963.16,157314.13,
2026-08-27T10:08:51.230526+00:00,KXBTC15M-26AUG270615-15,2026-08-27T10:15:00Z,6.15,79965.75,80121.37,0.951,25.0,0.952,940.2,22331.95,55636.37,22331.95,55636.37,22331.95,55636.37,-0.9481972648155823,-0.4271532335184341,0.9510259013675921,0.9515,0.0010000000000000009,30,30,499459.39,157452.62,
2026-08-27T10:09:11.349798+00:00,KXBTC15M-26AUG270615-15,2026-08-27T10:15:00Z,5.81,79965.75,80141.11,0.968,16.02,0.97,908.74,27631.9,122686.83,27631.9,122686.83,27631.9,122686.83,-0.9653531727150829,-0.632355861441884,0.9680346468272849,0.969,0.0020000000000000018,30,30,499459.39,157452.62,
2026-08-27T10:09:31.472903+00:00,KXBTC15M-26AUG270615-15,2026-08-27T10:15:00Z,5.48,79965.75,80141.3,0.972,0.02,0.973,335.9,21858.86,116611.14,21858.86,116611.14,21858.86,116611.14,-0.999880924029531,-0.6842802050985773,0.9720000595379853,0.9724999999999999,0.0010000000000000009,30,26,540545.77,155274.49,
2026-08-27T10:09:51.614198+00:00,KXBTC15M-26AUG270615-15,2026-08-27T10:15:00Z,5.14,79965.75,80156.33,0.977,93.0,0.979,53.02,27703.170000000002,106554.6,27703.170000000002,106554.6,27703.170000000002,106554.6,0.273798109847966,-0.5873137174854014,0.9782737981098479,0.978,0.0020000000000000018,30,20,572974.14,162737.42,
2026-08-27T10:10:11.745768+00:00,KXBTC15M-26AUG270615-15,2026-08-27T10:15:00Z,4.81,79965.75,80163.08,0.981,235.23,0.982,84.94,27654.0,105228.31999999999,27654.0,105228.31999999999,27654.0,105228.31999999999,0.46940687759627703,-0.583782101335979,0.9817347034387983,0.9815,0.0010000000000000009,30,18,572974.14,162737.42,
2026-08-27T10:10:31.874602+00:00,KXBTC15M-26AUG270615-15,2026-08-27T10:15:00Z,4.47,79965.75,80150.0,0.981,1828.17,0.983,66.0,34296.35,103460.25,34296.35,103460.25,34296.35,103460.25,0.9303124851518079,-0.5020732219000759,0.9829303124851518,0.982,0.0020000000000000018,30,17,601090.56,180000.83,
2026-08-27T10:10:52.005787+00:00,KXBTC15M-26AUG270615-15,2026-08-27T10:15:00Z,4.13,79965.75,80154.01,0.985,1766.3,0.986,3023.5,38972.56,98120.85,38972.56,98120.85,38972.56,98120.85,-0.2624744248194079,-0.43144517303931684,0.9853687627875902,0.9855,0.0010000000000000009,30,13,601090.56,180000.83,
2026-08-27T10:11:12.117291+00:00,KXBTC15M-26AUG270615-15,2026-08-27T10:15:00Z,3.8,79965.75,80158.31,0.989,914.03,0.99,5285.46,33106.86,81071.72,33106.86,81071.72,33106.86,81071.72,-0.7051273572503546,-0.4200863244226719,0.9891474363213749,0.9895,0.0010000000000000009,30,9,623965.58,183723.18,
2026-08-27T10:11:32.248969+00:00,KXBTC15M-26AUG270615-15,2026-08-27T10:15:00Z,3.46,79965.75,80150.0,0.992,906.0,0.993,1561.98,28143.23,73222.02,28143.23,73222.02,28143.23,73222.02,-0.2657963192570442,-0.444716409223082,0.9923671018403715,0.9924999999999999,0.0010000000000000009,30,7,623965.58,183723.18,
2026-08-27T10:11:52.405500+00:00,KXBTC15M-26AUG270615-15,2026-08-27T10:15:00Z,3.13,79965.75,80122.36,0.988,646.4,0.989,349.02,25845.6,74894.75,25845.6,74894.75,25845.6,74894.75,0.2987482670631492,-0.48688683332944543,0.9886493741335315,0.9884999999999999,0.0010000000000000009,30,11,655358.06,190102.07,
2026-08-27T10:12:12.528596+00:00,KXBTC15M-26AUG270615-15,2026-08-27T10:15:00Z,2.79,79965.75,80027.85,0.84,16.0,0.85,6039.13,12692.14,29370.9,25782.559999999998,54220.19,92572.85,54220.19,-0.9947152249414959,-0.39651817842932896,0.8400264238752926,0.845,0.010000000000000009,30,30,685230.12,184757.29,
2026-08-27T10:12:32.653012+00:00,KXBTC15M-26AUG270615-15,2026-08-27T10:15:00Z,2.46,79965.75,80007.82,0.77,2581.35,0.78,1757.62,13046.71,20860.37,29131.58,33383.21,95984.0,62500.6,0.1898445944544443,-0.23044331744284674,0.7759492229722722,0.775,0.010000000000000009,30,30,685230.12,184757.29,
2026-08-27T10:12:52.779473+00:00,KXBTC15M-26AUG270615-15,2026-08-27T10:15:00Z,2.12,79965.75,80032.68,0.926,16.7,0.927,497.01,11560.67,39204.36,32287.57,39204.36,67971.88,39204.36,-0.9349827723813046,-0.5445419809660312,0.9260325086138094,0.9265000000000001,0.0010000000000000009,30,30,792088.53,184207.05,
2026-08-27T10:13:12.943312+00:00,KXBTC15M-26AUG270615-15,2026-08-27T10:15:00Z,1.79,79965.75,80013.45,0.86,5.0,0.87,2962.0,8627.02,26506.1,29423.33,47271.03,94698.11,47271.03,-0.9966295921806538,-0.5088953101802516,0.8600168520390967,0.865,0.010000000000000009,30,30,792088.53,184207.05,
2026-08-27T10:13:33.073757+00:00,KXBTC15M-26AUG270615-15,2026-08-27T10:15:00Z,1.45,79965.75,79984.32,0.75,886.18,0.76,1828.26,11267.39,12280.28,27043.5,23206.59,94341.76,56003.29,-0.3470623775069628,-0.043014446864594304,0.7532646881124652,0.755,0.010000000000000009,30,30,845822.05,182854.59,
2026-08-27T10:13:53.208394+00:00,KXBTC15M-26AUG270615-15,2026-08-27T10:15:00Z,1.11,79965.75,79940.78,0.35,395.01,0.36,3315.64,10757.54,13513.78,21208.65,29169.2,80202.89,77984.75,-0.7870939053804591,-0.11355954270307506,0.3510645304730977,0.355,0.010000000000000009,30,30,971865.99,172981.01,
2026-08-27T10:14:13.420830+00:00,KXBTC15M-26AUG270615-15,2026-08-27T10:15:00Z,0.78,79965.75,79861.5,0.002,8212.93,0.0030000000000000027,3339.01,57216.97,37552.47,57216.97,37552.47,57216.97,37552.47,0.42191354871995523,0.2074983243543488,0.0027109567743599794,0.0025000000000000014,0.0010000000000000026,2,30,971865.99,172981.01,
2026-08-27T10:14:35.324018+00:00,KXBTC15M-26AUG270615-15,2026-08-27T10:15:00Z,0.44,79965.75,79899.78,0.001,15963.1,0.0020000000000000018,1.0,15963.1,44064.29,15963.1,44064.29,15963.1,44064.29,0.999874718900533,-0.46813946100271897,0.0019999373594502684,0.001500000000000001,0.0010000000000000018,1,30,1193549.24,169307.81,
2026-08-27T10:15:35.562697+00:00,KXBTC15M-26AUG270630-30,2026-08-27T10:30:00Z,14.41,79899.63,79900.0,0.45,2526.0,0.45999999999999996,5574.99,15863.81,23842.09,26471.91,43672.19,95365.74,122509.42,-0.37637251743305444,-0.20093436995509484,0.45311813741283474,0.45499999999999996,0.009999999999999953,30,30,19227.73,16644.58,
2026-08-27T10:15:55.713817+00:00,KXBTC15M-26AUG270630-30,2026-08-27T10:30:00Z,14.07,79899.63,79840.12,0.41,4834.58,0.42000000000000004,76.02,24161.170000000002,15531.34,38616.12,37443.44,120603.22,109592.48,0.9690384067120106,0.2174170895214236,0.41984519203356,0.41500000000000004,0.010000000000000064,30,30,19227.73,16644.58,
2026-08-27T10:16:15.917202+00:00,KXBTC15M-26AUG270630-30,2026-08-27T10:30:00Z,13.74,79899.63,79864.98,0.43,6423.74,0.43999999999999995,11.06,22853.36,12725.720000000001,42030.31,28815.59,115214.14,107043.02,0.9965624417231304,0.2846515424232442,0.43998281220861557,0.43499999999999994,0.009999999999999953,30,30,105572.30,50510.76,
2026-08-27T10:16:36.092882+00:00,KXBTC15M-26AUG270630-30,2026-08-27T10:30:00Z,13.4,79899.63,79874.14,0.45,4547.0,0.45999999999999996,1.0,20341.44,7391.92,34688.54,26976.120000000003,101956.79,105763.92,0.9995602462620933,0.4669293587217704,0.4599978012313104,0.45499999999999996,0.009999999999999953,30,30,132803.19,63398.25,
2026-08-27T10:16:56.248229+00:00,KXBTC15M-26AUG270630-30,2026-08-27T10:30:00Z,13.06,79899.63,79924.48,0.55,2892.3,0.56,1021.65,15794.4,19673.03,32905.5,36406.85,107786.19,131047.79,0.47794427624267044,-0.10935751476777424,0.5573897213812135,0.555,0.010000000000000009,30,30,132803.19,63398.25,
2026-08-27T10:17:16.504509+00:00,KXBTC15M-26AUG270630-30,2026-08-27T10:30:00Z,12.73,79899.63,79897.06,0.5,899.86,0.51,3779.76,22118.28,26717.53,40479.64,41585.7,111183.97,125162.9,-0.6154132173125169,-0.09417781746632237,0.5019229339134375,0.505,0.010000000000000009,30,30,160955.08,64683.07,
2026-08-27T10:17:36.645787+00:00,KXBTC15M-26AUG270630-30,2026-08-27T10:30:00Z,12.39,79899.63,79897.06,0.51,2488.32,0.52,4895.04,19773.46,28538.760000000002,36899.8,45018.86,108766.34,127381.32,-0.3259654141204004,-0.18143028823763435,0.513370172929398,0.515,0.010000000000000009,30,30,184450.42,72426.22,
2026-08-27T10:17:56.770315+00:00,KXBTC15M-26AUG270630-30,2026-08-27T10:30:00Z,12.05,79899.63,79942.48,0.61,9584.57,0.62,1603.87,28735.19,17578.75,44587.39,42776.54,115204.98,148505.94,0.7132987261852413,0.24088730088608307,0.6185664936309263,0.615,0.010000000000000009,30,30,184450.42,72426.22,
2026-08-27T10:18:16.994682+00:00,KXBTC15M-26AUG270630-30,2026-08-27T10:30:00Z,11.72,79899.63,79964.49,0.68,9600.87,0.69,576.95,20710.33,24819.18,38472.2,53236.37,108184.46,128052.17,0.8866260161802821,-0.0902458647149947,0.6894331300809013,0.685,0.009999999999999898,30,30,184450.42,72426.22,
2026-08-27T10:18:37.154701+00:00,KXBTC15M-26AUG270630-30,2026-08-27T10:30:00Z,11.38,79899.63,79968.49,0.69,3274.54,0.7,3865.12,19992.45,21972.27,40096.42,49862.270000000004,105581.18,122497.35,-0.08271822467736559,-0.04717820111751013,0.6945864088766132,0.695,0.010000000000000009,30,30,209623.12,72991.63,
2026-08-27T10:18:57.365748+00:00,KXBTC15M-26AUG270630-30,2026-08-27T10:30:00Z,11.04,79899.63,79968.01,0.7,2637.02,0.71,2287.96,17274.63,27505.03,35385.6,52648.13,101811.36,123376.57,0.07087541472249632,-0.22846086817095076,0.7053543770736125,0.705,0.010000000000000009,30,30,259959.57,82220.87,
2026-08-27T10:19:17.565665+00:00,KXBTC15M-26AUG270630-30,2026-08-27T10:30:00Z,10.71,79899.63,79983.44,0.72,7844.12,0.73,3017.23,25499.07,24679.14,40404.17,53435.14,109180.72,124015.44,0.4444097649003116,0.016340359689992933,0.7272220488245015,0.725,0.010000000000000009,30,30,259959.57,82220.87,
2026-08-27T10:19:37.718686+00:00,KXBTC15M-26AUG270630-30,2026-08-27T10:30:00Z,10.37,79899.63,79955.24,0.66,8162.4,0.6699999999999999,2476.61,21435.5,17486.510000000002,47805.89,34483.340000000004,111262.25,118551.77,0.5344284853571901,0.10145904592285952,0.6676721424267859,0.665,0.009999999999999898,30,30,278525.22,85483.50,
2026-08-27T10:19:57.939213+00:00,KXBTC15M-26AUG270630-30,2026-08-27T10:30:00Z,10.04,79899.63,79958.08,0.67,9690.15,0.6799999999999999,45.12,24027.34,15929.03,45110.31,32927.9,112463.99,112758.56,0.9907306114776476,0.20267882192501468,0.6799536530573881,0.675,0.009999999999999898,30,30,292909.15,88851.49,
2026-08-27T10:20:18.136763+00:00,KXBTC15M-26AUG270630-30,2026-08-27T10:30:00Z,9.7,79899.63,79945.02,0.65,5266.02,0.6599999999999999,6429.57,14295.42,24627.73,33852.61,46425.46,102090.97,128111.84,-0.09948621659959003,-0.26545410636086747,0.6545025689170021,0.655,0.009999999999999898,30,30,292909.15,88851.49,
2026-08-27T10:20:38.302682+00:00,KXBTC15M-26AUG270630-30,2026-08-27T10:30:00Z,9.36,79899.63,79972.48,0.74,9177.91,0.75,4274.65,23722.64,24540.86,49463.84,48575.74,114546.31,107489.11,0.3644852726915918,-0.016953184083209904,0.7468224263634579,0.745,0.010000000000000009,30,30,309069.74,91836.08,
2026-08-27T10:20:58.421234+00:00,KXBTC15M-26AUG270630-30,2026-08-27T10:30:00Z,9.03,79899.63,79985.79,0.78,14257.85,0.79,1691.53,26601.9,25402.85,50800.1,51532.98,119306.12,94101.43000000001,0.7878876796464815,0.023056547719198784,0.7889394383982323,0.785,0.010000000000000009,30,30,309069.74,91836.08,
2026-08-27T13:38:22.179890+00:00,KXBTC15M-26AUG270945-45,2026-08-27T13:45:00Z,6.63,79363.48,79199.93,0.12,1770.78,0.13,959.08,55176.14,10160.14,150639.5,29239.82,150639.5,102019.69,0.297341255595525,0.6889893333382311,0.12648670627797762,0.125,0.010000000000000009,30,30,830286.61,360673.47,
2026-08-27T13:38:42.347733+00:00,KXBTC15M-26AUG270945-45,2026-08-27T13:45:00Z,6.3,79363.48,79239.37,0.19,2334.96,0.19999999999999996,7774.27,39850.9,33991.47,59675.1,54369.11,86456.63,143403.08,-0.5380538379283092,0.07935051380393128,0.19230973081035846,0.19499999999999998,0.009999999999999953,30,30,830286.61,360673.47,
2026-08-27T13:39:02.550088+00:00,KXBTC15M-26AUG270945-45,2026-08-27T13:45:00Z,5.96,79363.48,79230.19,0.17,4050.59,0.18000000000000005,855.69,35735.64,14627.2,73451.55,48829.73,81552.55,132188.71,0.6511858271439869,0.4191272771749965,0.17825592913571994,0.17500000000000004,0.010000000000000037,30,30,892698.67,355582.25,
2026-08-27T13:39:22.813238+00:00,KXBTC15M-26AUG270945-45,2026-08-27T13:45:00Z,5.62,79363.48,79221.94,0.16,4025.7,0.17000000000000004,36.02,21818.57,10980.11,146441.56,31570.09,146441.56,107639.67,0.9822636715480142,0.33045415242320725,0.16991131835774012,0.16500000000000004,0.010000000000000037,30,30,931793.57,354961.89,
2026-08-27T13:39:42.964407+00:00,KXBTC15M-26AUG270945-45,2026-08-27T13:45:00Z,5.29,79363.48,79251.47,0.18,4634.91,0.18999999999999995,2834.02,44222.97,12354.9,72246.81,48813.09,92828.47,137995.54,0.24111753624682516,0.5632603348270269,0.18620558768123407,0.18499999999999997,0.009999999999999953,30,30,931793.57,354961.89,
2026-08-27T13:40:03.198673+00:00,KXBTC15M-26AUG270945-45,2026-08-27T13:45:00Z,4.95,79363.48,79269.38,0.19,5146.36,0.19999999999999996,2325.02,42845.52,13494.94,65857.44,50174.94,94510.97,139329.11,0.37761966330182645,0.5209503081799474,0.1968880983165091,0.19499999999999998,0.009999999999999953,30,30,992905.45,350165.92,
2026-08-27T13:40:23.359215+00:00,KXBTC15M-26AUG270945-45,2026-08-27T13:45:00Z,4.61,79363.48,79262.19,0.17,629.34,0.18000000000000005,8409.69,14567.39,41726.94,70042.53,62112.55,161350.12,146699.62,-0.8607505451359272,-0.4824562260533166,0.17069624727432037,0.17500000000000004,0.010000000000000037,30,30,992905.45,350165.92,
2026-08-27T13:40:43.519003+00:00,KXBTC15M-26AUG270945-45,2026-08-27T13:45:00Z,4.28,79363.48,79160.0,0.051,1177.04,0.052000000000000046,568.48,65456.73,19038.62,65456.73,19038.62,65456.73,19038.62,0.34864109262569315,0.5493569764489998,0.05167432054631287,0.05150000000000002,0.0010000000000000495,30,30,1038044.48,362359.71,
2026-08-27T13:41:03.689550+00:00,KXBTC15M-26AUG270945-45,2026-08-27T13:45:00Z,3.94,79363.48,79236.08,0.076,0.03,0.07699999999999996,894.24,124132.06,29647.24,124132.06,46555.13,124132.06,68705.07,-0.9999329061692778,0.6144183254833387,0.07600003354691535,0.07649999999999998,0.0009999999999999593,30,30,1038044.48,362359.71,
2026-08-27T13:41:23.848848+00:00,KXBTC15M-26AUG270945-45,2026-08-27T13:45:00Z,3.6,79363.48,79277.47,0.18,2145.95,0.18999999999999995,3687.85,47355.53,19203.07,74504.63,54332.59,85349.73,137781.07,-0.26430456992012075,0.4229725384848839,0.18367847715039937,0.18499999999999997,0.009999999999999953,30,30,1126534.26,377064.92,
2026-08-27T13:41:44.000318+00:00,KXBTC15M-26AUG270945-45,2026-08-27T13:45:00Z,3.27,79363.48,79214.33,0.057,52.02,0.06000000000000005,938.02,148568.28,32115.309999999998,148568.28,32115.309999999998,148568.28,32115.309999999998,-0.8949133368348754,0.6445132621064259,0.05715762999474769,0.058500000000000024,0.0030000000000000512,30,30,1229259.73,383768.45,
2026-08-27T13:42:04.235853+00:00,KXBTC15M-26AUG270945-45,2026-08-27T13:45:00Z,2.93,79363.48,79186.5,0.034,2989.17,0.038000000000000034,283.04,165492.63999999998,14888.84,165492.63999999998,14888.84,165492.63999999998,14888.84,0.8270037680955684,0.8349183075779176,0.03765400753619117,0.03600000000000002,0.004000000000000031,30,30,1314104.50,393320.71,
2026-08-27T13:42:24.396406+00:00,KXBTC15M-26AUG270945-45,2026-08-27T13:45:00Z,2.59,79363.48,79150.02,0.02,3755.86,0.02100000000000002,129.02,133254.88,40700.450000000004,133254.88,40700.450000000004,133254.88,40700.450000000004,0.9335783859475711,0.5320586037806372,0.0209667891929738,0.02050000000000001,0.0010000000000000182,19,30,1314104.50,393320.71,
2026-08-27T13:42:44.581851+00:00,KXBTC15M-26AUG270945-45,2026-08-27T13:45:00Z,2.26,79363.48,79225.38,0.047,0.02,0.04800000000000004,172.02,170044.69,27257.0,170044.69,27257.0,170044.69,27257.0,-0.9997674959311786,0.7237023159811758,0.04700011625203441,0.04750000000000002,0.0010000000000000425,30,30,1414374.49,437605.68,
2026-08-27T13:43:04.735163+00:00,KXBTC15M-26AUG270945-45,2026-08-27T13:45:00Z,1.92,79363.48,79277.75,0.073,0.02,0.07399999999999995,55.02,121356.62,16189.75,121356.62,33196.85,121356.62,69910.58,-0.9992732558139533,0.7645921153717107,0.07300036337209302,0.07349999999999998,0.0009999999999999593,30,30,1542336.38,495529.78,
2026-08-27T13:43:24.952989+00:00,KXBTC15M-26AUG270945-45,2026-08-27T13:45:00Z,1.59,79363.48,79272.48,0.027,0.02,0.028000000000000025,223.88,135508.13999999998,24747.14,135508.13999999998,24747.14,135508.13999999998,24747.14,-0.9998213488164358,0.6911535145675076,0.027000089325591784,0.02750000000000001,0.0010000000000000252,22,30,1542336.38,495529.78,
2026-08-27T13:43:45.133675+00:00,KXBTC15M-26AUG270945-45,2026-08-27T13:45:00Z,1.25,79363.48,79264.55,0.018,0.03,0.020000000000000018,3116.61,125452.86,39262.75,125452.86,39262.75,125452.86,39262.75,-0.9999807484983827,0.5232661919535131,0.018000019251501614,0.01900000000000001,0.002000000000000019,18,30,1623723.79,511443.85,
2026-08-27T13:44:05.376906+00:00,KXBTC15M-26AUG270945-45,2026-08-27T13:45:00Z,0.91,79363.48,79276.37,0.04,50.0,0.04700000000000004,444.0,173063.27,45265.89,173063.27,49860.62,173063.27,49860.62,-0.7975708502024291,0.5853426999856547,0.04070850202429151,0.043500000000000025,0.007000000000000041,19,30,1750330.34,524620.83,
2026-08-27T13:44:25.579834+00:00,KXBTC15M-26AUG270945-45,2026-08-27T13:45:00Z,0.58,79363.48,79292.51,0.002,795.02,0.0030000000000000027,3237.39,62370.07,37040.5,62370.07,37040.5,62370.07,37040.5,-0.605684937791544,0.25479755321793246,0.0021971575311042287,0.0025000000000000014,0.0010000000000000026,2,30,1750330.34,524620.83,
2026-08-27T13:44:45.744536+00:00,KXBTC15M-26AUG270945-45,2026-08-27T13:45:00Z,0.24,79363.48,79221.9,,0.0,0.0010000000000000009,817.93,0,81061.17,0,81061.17,0,81061.17,-1.0,-1.0,,,,0,30,1962591.74,566561.62,
2026-08-27T13:45:26.002734+00:00,KXBTC15M-26AUG271000-00,2026-08-27T14:00:00Z,14.57,79270.87,79227.51,0.44,4359.05,0.44999999999999996,6138.19,23893.85,16467.69,65487.79,20996.69,174235.94,129684.82,-0.1694864554873471,0.18399099737026886,0.44415256772256323,0.44499999999999995,0.009999999999999953,30,30,3141.22,2785.47,
2026-08-27T13:45:46.153171+00:00,KXBTC15M-26AUG271000-00,2026-08-27T14:00:00Z,14.23,79270.87,79295.01,0.53,6116.56,0.54,4371.65,18895.24,26064.29,24372.24,66232.92,128336.94,170757.22,0.1663687130597119,-0.15945562598185523,0.5358318435652987,0.535,0.010000000000000009,30,30,3141.22,2785.47,
2026-08-27T13:46:06.313494+00:00,KXBTC15M-26AUG271000-00,2026-08-27T14:00:00Z,13.9,79270.87,79341.07,0.59,11508.95,0.6,4712.21,21629.54,29845.63,28722.74,68402.79,110856.39,182485.27,0.4190045594766343,-0.15961268316355245,0.5970950227973831,0.595,0.010000000000000009,30,30,57657.80,46209.01,
2026-08-27T13:46:26.465417+00:00,KXBTC15M-26AUG271000-00,2026-08-27T14:00:00Z,13.56,79270.87,79347.29,0.59,2105.37,0.6,3645.63,15647.279999999999,23497.05,37887.68,62440.42,97605.13,183787.67,-0.2678247261345853,-0.20053402370151693,0.593660876369327,0.595,0.010000000000000009,30,30,108555.77,64496.00,
2026-08-27T13:46:46.613874+00:00,KXBTC15M-26AUG271000-00,2026-08-27T14:00:00Z,13.22,79270.87,79343.99,0.61,758.46,0.62,7751.36,15313.79,52264.3,23441.36,78886.71,89938.22,186299.42,-0.8217447607587469,-0.5467823964838309,0.6108912761962063,0.615,0.010000000000000009,30,30,108555.77,64496.00,
2026-08-27T13:47:06.934445+00:00,KXBTC15M-26AUG271000-00,2026-08-27T14:00:00Z,12.89,79270.87,79316.11,0.57,680.2,0.5800000000000001,5311.51,13522.22,27635.89,18258.35,66220.64,102454.0,164741.75,-0.7729529633443541,-0.3429134622556769,0.5711352351832782,0.575,0.01000000000000012,30,30,146752.96,84963.53,
2026-08-27T13:47:27.086909+00:00,KXBTC15M-26AUG271000-00,2026-08-27T14:00:00Z,12.55,79270.87,79205.23,0.42,6212.81,0.43000000000000005,1634.29,42243.96,21427.559999999998,67408.06,30760.19,179017.91,101046.29000000001,0.5834665035490818,0.32693423998673193,0.42791733251774544,0.42500000000000004,0.010000000000000064,30,30,181819.01,101142.32,
2026-08-27T13:47:47.255212+00:00,KXBTC15M-26AUG271000-00,2026-08-27T14:00:00Z,12.21,79270.87,79154.2,0.35,3444.96,0.36,11158.24,27313.5,27590.53,69474.55,49737.23,171012.35,88963.66,-0.5281910814068149,-0.005045713402094506,0.3523590445929659,0.355,0.010000000000000009,30,30,181819.01,101142.32,
2026-08-27T13:48:07.463048+00:00,KXBTC15M-26AUG271000-00,2026-08-27T14:00:00Z,11.88,79270.87,79114.03,0.29,4500.22,0.30000000000000004,7685.84,45541.96,22715.78,71099.45,51838.17,154874.71,78767.25,-0.26141509232680615,0.3344115993292483,0.29369292453836593,0.29500000000000004,0.010000000000000064,30,30,239401.54,123469.58,
2026-08-27T13:48:27.618612+00:00,KXBTC15M-26AUG271000-00,2026-08-27T14:00:00Z,11.54,79270.87,79134.55,0.31,6043.9,0.31999999999999995,2175.76,39372.03,20154.94,66486.72,48862.39,160592.0,79160.02,0.4705961073815705,0.3228299710198587,0.3173529805369078,0.31499999999999995,0.009999999999999953,30,30,239401.54,123469.58,
2026-08-27T13:48:47.810727+00:00,KXBTC15M-26AUG271000-00,2026-08-27T14:00:00Z,11.2,79270.87,78999.99,0.22,5607.06,0.22999999999999998,2787.53,34282.83,18319.940000000002,55100.13,49456.14,106850.71,80648.54,0.3358746526036412,0.30346101545603016,0.2266793732630182,0.22499999999999998,0.009999999999999981,30,30,326064.80,172479.05,
2026-08-27T13:49:07.984246+00:00,KXBTC15M-26AUG271000-00,2026-08-27T14:00:00Z,10.87,79270.87,79031.52,0.22,4349.4,0.22999999999999998,999.04,14826.78,4660.41,49059.33,27834.82,105964.67,50734.54,0.6264181705319681,0.5216950211908438,0.22813209085265984,0.22499999999999998,0.009999999999999981,30,30,451370.96,222080.82,
2026-08-27T13:49:28.134231+00:00,KXBTC15M-26AUG271000-00,2026-08-27T14:00:00Z,10.53,79270.87,78983.25,0.17,2251.08,0.18000000000000005,930.3,31273.46,14837.02,89940.12,20660.77,89944.12,57737.63,0.41515945910265356,0.35645779441029457,0.17707579729551332,0.17500000000000004,0.010000000000000037,30,30,451370.96,222080.82,
2026-08-27T13:49:48.307412+00:00,KXBTC15M-26AUG271000-00,2026-08-27T14:00:00Z,10.2,79270.87,79059.0,0.22,1.02,0.22999999999999998,8492.24,8622.87,18110.88,24138.71,49611.82,68480.8,80023.69,-0.9997598095430964,-0.35490756066769535,0.2200012009522845,0.22499999999999998,0.009999999999999981,30,30,508335.03,244556.58,
2026-08-27T13:50:08.464124+00:00,KXBTC15M-26AUG271000-00,2026-08-27T14:00:00Z,9.86,79270.87,79093.14,0.23,5616.56,0.24,1589.03,14443.31,13744.76,42303.16,45525.86,86849.51,77195.73,0.5589452078178193,0.024781760510740866,0.2377947260390891,0.235,0.009999999999999981,30,30,571292.54,258586.61,
2026-08-27T13:50:28.617185+00:00,KXBTC15M-26AUG271000-00,2026-08-27T14:00:00Z,9.52,79270.87,79152.31,0.29,2799.65,0.30000000000000004,2710.53,12923.140000000001,18504.49,19495.14,29456.370000000003,79585.34,73137.65000000001,0.016173700314690245,-0.17759372883033175,0.29508086850157345,0.29500000000000004,0.010000000000000064,30,30,571292.54,258586.61,
2026-08-27T13:50:48.829996+00:00,KXBTC15M-26AUG271000-00,2026-08-27T14:00:00Z,9.19,79270.87,79139.81,0.27,5791.31,0.28,722.11,15392.23,22117.07,23245.69,46622.46,90852.33,83780.47,0.7782700946660895,-0.1792846040848536,0.2788913504733305,0.275,0.010000000000000009,30,30,611499.57,269189.69,
2026-08-27T13:51:08.993727+00:00,KXBTC15M-26AUG271000-00,2026-08-27T14:00:00Z,8.85,79270.87,79175.75,0.31,2922.74,0.31999999999999995,5657.59,12388.07,16114.32,19557.28,42020.37,79986.87,76644.65000000001,-0.3187348272152703,-0.13073465067315407,0.31340632586392364,0.31499999999999995,0.009999999999999953,30,30,611499.57,269189.69,
2026-08-27T13:51:29.162152+00:00,KXBTC15M-26AUG271000-00,2026-08-27T14:00:00Z,8.52,79270.87,79177.5,0.28,10290.48,0.30000000000000004,5471.0,15583.66,16970.41,23084.56,41846.46,89068.53,75214.07,0.3057758535365968,-0.04259836020503734,0.293057758535366,0.29000000000000004,0.020000000000000018,30,30,656641.72,278424.39,
2026-08-27T13:51:49.534502+00:00,KXBTC15M-26AUG271000-00,2026-08-27T14:00:00Z,8.18,79270.87,79225.01,0.35,3351.74,0.36,8657.1,18956.57,24528.47,52636.13,58034.9,129225.83,144107.55,-0.4417878829262444,-0.12813372139016088,0.35279106058536874,0.355,0.010000000000000009,30,30,656641.72,278424.39,
2026-08-27T13:52:09.717248+00:00,KXBTC15M-26AUG271000-00,2026-08-27T14:00:00Z,7.84,79270.87,79259.07,0.46,5510.49,0.47,9851.53,24736.32,23326.98,57107.26,60547.35,116603.08,177009.77,-0.28258262910737003,0.02932258084650867,0.4635870868544631,0.46499999999999997,0.009999999999999953,30,30,693703.52,277014.74,
2026-08-27T13:52:29.890421+00:00,KXBTC15M-26AUG271000-00,2026-08-27T14:00:00Z,7.5,79270.87,79290.93,0.56,3475.63,0.5700000000000001,7842.81,20725.93,43500.240000000005,50977.2,78046.21,108008.01,206273.51,-0.38584645940606654,-0.35459548654388084,0.5630707677029697,0.5650000000000001,0.010000000000000009,30,30,775942.23,248709.36,
2026-08-27T13:52:50.046717+00:00,KXBTC15M-26AUG271000-00,2026-08-27T14:00:00Z,7.17,79270.87,79311.64,0.62,2314.05,0.63,7188.82,17314.86,43032.89,53799.5,75290.51,110005.09,207836.08,-0.5129787106421534,-0.4261638586359889,0.6224351064467893,0.625,0.010000000000000009,30,30,775942.23,248709.36,
2026-08-27T13:53:10.210659+00:00,KXBTC15M-26AUG271000-00,2026-08-27T14:00:00Z,6.83,79270.87,79311.26,0.6,50.02,0.61,6683.25,16036.56,28550.97,48616.01,62233.37,101151.57,205493.29,-0.9851424345080472,-0.2806706269667775,0.6000742878274598,0.605,0.010000000000000009,30,30,857878.11,249574.95,
2026-08-27T13:53:30.365997+00:00,KXBTC15M-26AUG271000-00,2026-08-27T14:00:00Z,6.5,79270.87,79323.18,0.63,6487.78,0.64,4845.02,23327.17,25770.34,60085.240000000005,75079.46,121990.53,200051.46,0.1449562332345051,-0.0497615866873901,0.6357247811661726,0.635,0.010000000000000009,30,30,917989.49,263932.69,
2026-08-27T13:53:50.548920+00:00,KXBTC15M-26AUG271000-00,2026-08-27T14:00:00Z,6.16,79270.87,79296.96,0.54,5443.6,0.55,378.43,24335.55,21660.41,55738.29,49256.64,112439.25,171819.71,0.8700006698694441,0.05816032538509903,0.5493500033493472,0.545,0.010000000000000009,30,30,917989.49,263932.69,
2026-08-27T13:54:10.714048+00:00,KXBTC15M-26AUG271000-00,2026-08-27T14:00:00Z,5.82,79270.87,79270.79,0.46,5466.57,0.47,6661.6,21000.07,25726.02,54679.42,61391.37,120524.35,153618.63,-0.09853341435682388,-0.10114156780505283,0.46450733292821594,0.46499999999999997,0.009999999999999953,30,30,959205.21,272224.54,
2026-08-27T13:54:30.988787+00:00,KXBTC15M-26AUG271000-00,2026-08-27T14:00:00Z,5.48,79270.87,79301.33,0.57,2337.02,0.5800000000000001,6070.62,30022.39,44440.23,64527.270000000004,66229.95,126307.69,198400.83,-0.44407229614969246,-0.19362520416284043,0.5727796385192515,0.575,0.01000000000000012,30,30,959205.21,272224.54,
2026-08-27T13:54:51.140242+00:00,KXBTC15M-26AUG271000-00,2026-08-27T14:00:00Z,5.15,79270.87,79326.02,0.64,7634.28,0.65,4378.17,25462.07,30561.63,61065.659999999996,79683.43,131695.77,197298.72,0.2710612739282994,-0.09102504832776132,0.6463553063696414,0.645,0.010000000000000009,30,30,1034545.97,274893.57,
2026-08-27T13:55:11.366471+00:00,KXBTC15M-26AUG271000-00,2026-08-27T14:00:00Z,4.81,79270.87,79335.21,0.67,10.1,0.6799999999999999,7501.92,18599.4,52233.41,53770.15,83540.01,120681.98,193980.5,-0.9973109762753559,-0.4748365905573985,0.6700134451186233,0.675,0.009999999999999898,30,30,1079002.30,280430.98,
2026-08-27T13:55:31.517158+00:00,KXBTC15M-26AUG271000-00,2026-08-27T14:00:00Z,4.48,79270.87,79385.96,0.84,75.02,0.85,5676.92,37680.9,56362.36,59545.98,228608.68,136024.51,228608.68,-0.9739148878465351,-0.198647516047402,0.8401304255607672,0.845,0.010000000000000009,30,30,1079002.30,280430.98,
2026-08-27T13:55:51.713016+00:00,KXBTC15M-26AUG271000-00,2026-08-27T14:00:00Z,4.14,79270.87,79431.36,0.89,7467.99,0.9,1393.64,28185.13,68850.84,47947.94,68850.84,127284.59,68850.84,0.6854664435323975,-0.4190787189533942,0.898427332217662,0.895,0.010000000000000009,30,30,1195327.18,262479.39,
2026-08-27T13:56:11.904897+00:00,KXBTC15M-26AUG271000-00,2026-08-27T14:00:00Z,3.8,79270.87,79413.33,0.88,4481.27,0.89,5564.28,26788.2,73320.85,64262.909999999996,73320.85,149816.24,73320.85,-0.10780992578803544,-0.4648196142107033,0.88446095037106,0.885,0.010000000000000009,30,30,1334923.14,243903.50,
2026-08-27T13:56:32.055995+00:00,KXBTC15M-26AUG271000-00,2026-08-27T14:00:00Z,3.47,79270.87,79434.83,0.924,4.55,0.925,1350.37,27245.120000000003,123559.78,60941.32,123559.78,96479.11,123559.78,-0.9932837363091549,-0.6386706267501918,0.9240033581318455,0.9245000000000001,0.0010000000000000009,30,30,1334923.14,243903.50,
2026-08-27T13:56:52.210529+00:00,KXBTC15M-26AUG271000-00,2026-08-27T14:00:00Z,3.13,79270.87,79457.17,0.953,135.02,0.954,2724.55,24244.33,90204.14,24244.33,90204.14,24244.33,90204.14,-0.9055662214948401,-0.5763275821861139,0.9530472168892525,0.9535,0.0010000000000000009,30,30,1334923.14,243903.50,
2026-08-27T13:57:12.398526+00:00,KXBTC15M-26AUG271000-00,2026-08-27T14:00:00Z,2.8,79270.87,79370.75,0.83,497.23,0.84,832.9,36557.5,42582.32,57319.700000000004,154836.52,142508.79,163035.52,-0.2523587919977746,-0.07612880595381692,0.833738206040011,0.835,0.010000000000000009,30,30,1484991.23,273474.12,
2026-08-27T13:57:32.549151+00:00,KXBTC15M-26AUG271000-00,2026-08-27T14:00:00Z,2.46,79270.87,79433.19,0.971,2316.46,0.972,3500.0,32491.39,123540.13,32491.39,123540.13,32491.39,123540.13,-0.2034811552043683,-0.5835278666771945,0.9713982594223978,0.9715,0.0010000000000000009,30,24,1573255.95,282306.30,
2026-08-27T13:57:52.737435+00:00,KXBTC15M-26AUG271000-00,2026-08-27T14:00:00Z,2.12,79270.87,79470.71,0.99,55.0,0.991,772.21,31418.43,78145.68,31418.43,78145.68,31418.43,78145.68,-0.8670228841527544,-0.42648317957404114,0.9900664885579237,0.9904999999999999,0.0010000000000000009,30,9,1573255.95,282306.30,
2026-08-27T13:58:12.981869+00:00,KXBTC15M-26AUG271000-00,2026-08-27T14:00:00Z,1.79,79270.87,79513.01,0.998,11723.68,0.999,320.31,54848.41,320.31,54848.41,320.31,54848.41,320.31,0.9468099857273213,0.9883879850756009,0.9989734049928637,0.9984999999999999,0.0010000000000000009,30,1,1709143.86,299973.37,
2026-08-27T13:58:33.151826+00:00,KXBTC15M-26AUG271000-00,2026-08-27T14:00:00Z,1.45,79270.87,79465.36,0.997,1862.11,0.998,1766.56,47241.18,9644.2,47241.18,9644.2,47241.18,9644.2,0.026331961848280485,0.6609251797210459,0.9975131659809241,0.9975,0.0010000000000000009,30,2,1989406.01,434764.97,
2026-08-27T13:58:53.314245+00:00,KXBTC15M-26AUG271000-00,2026-08-27T14:00:00Z,1.11,79270.87,79517.79,0.998,1185.05,0.999,21991.77,44982.07,21991.77,44982.07,21991.77,44982.07,21991.77,-0.8977383437417213,0.3432728360804756,0.9980511308281291,0.9984999999999999,0.0010000000000000009,30,1,1989406.01,434764.97,
2026-08-27T13:59:13.497970+00:00,KXBTC15M-26AUG271000-00,2026-08-27T14:00:00Z,0.78,79270.87,79553.99,0.999,788.55,,0.0,58426.53,0,58426.53,0,58426.53,0,1.0,1.0,,,,30,0,2072759.57,460334.04,
2026-08-27T13:59:33.664764+00:00,KXBTC15M-26AUG271000-00,2026-08-27T14:00:00Z,0.44,79270.87,79514.25,0.999,8281.14,,0.0,55816.63,0,55816.63,0,55816.63,0,1.0,1.0,,,,30,0,2121689.43,483754.74,
2026-08-27T14:00:34.051302+00:00,KXBTC15M-26AUG271015-15,2026-08-27T14:15:00Z,14.43,79541.04,79533.32,0.47,3670.17,0.48,1026.62,26782.04,17959.9,65373.99,52795.9,160091.76,146266.59,0.5628418558206776,0.1971783074225212,0.47781420927910334,0.475,0.010000000000000009,30,30,42164.88,28895.08,
2026-08-27T14:00:54.343447+00:00,KXBTC15M-26AUG271015-15,2026-08-27T14:15:00Z,14.1,79541.04,79505.79,0.45,11675.11,0.45999999999999996,6.12,33431.17,26094.92,67848.88,59209.51,167214.27,149817.36,0.9989521651401435,0.12324427826521112,0.4599947608257006,0.45499999999999996,0.009999999999999953,30,30,42164.88,28895.08,
2026-08-27T14:01:14.654965+00:00,KXBTC15M-26AUG271015-15,2026-08-27T14:15:00Z,13.76,79541.04,79470.29,0.38,4206.15,0.39,10185.53,24705.61,50602.979999999996,58317.35,67763.26,158539.09,150131.68,-0.41547477431404817,-0.3438833471719494,0.38292262612842975,0.385,0.010000000000000009,30,30,75026.90,50520.76,
2026-08-27T14:01:34.830247+00:00,KXBTC15M-26AUG271015-15,2026-08-27T14:15:00Z,13.42,79541.04,79481.76,0.4,1783.1,0.41000000000000003,35.32,12877.06,19225.26,27152.27,34843.47,124472.84,111864.23999999999,0.9611530889453482,-0.19774894773960258,0.4098057654447268,0.405,0.010000000000000009,30,30,75026.90,50520.76,
2026-08-27T14:01:54.990498+00:00,KXBTC15M-26AUG271015-15,2026-08-27T14:15:00Z,13.08,79541.04,79489.86,0.45,5870.49,0.45999999999999996,9962.02,24685.59,24497.03,38295.69,56505.72,135833.26,151960.46,-0.25842585919730987,0.0038338746492155426,0.4537078707040134,0.45499999999999996,0.009999999999999953,30,30,142365.97,83589.63,
2026-08-27T14:02:15.161636+00:00,KXBTC15M-26AUG271015-15,2026-08-27T14:15:00Z,12.75,79541.04,79533.88,0.51,6525.78,0.52,8326.99,25289.78,32808.79,52976.64,71745.36,123359.13,160326.65,-0.12127098177646324,-0.12941815951752345,0.5143936450911177,0.515,0.010000000000000009,30,30,193333.47,98499.18,
2026-08-27T14:02:35.417937+00:00,KXBTC15M-26AUG271015-15,2026-08-27T14:15:00Z,12.41,79541.04,79592.99,0.59,0.03,0.6,9299.97,13875.33,25080.42,26565.66,38133.93,85970.02,108880.36,-0.9999935483870966,-0.2876363566354132,0.5900000322580645,0.595,0.010000000000000009,30,30,193333.47,98499.18,
2026-08-27T14:02:55.622832+00:00,KXBTC15M-26AUG271015-15,2026-08-27T14:15:00Z,12.07,79541.04,79607.01,0.61,6429.34,0.62,5092.32,24972.74,26317.29,56072.15,57816.7,116526.24,120239.94,0.11604404226474314,-0.02621464639424074,0.6155802202113236,0.615,0.010000000000000009,30,30,268593.86,105374.84,
2026-08-27T14:03:15.785527+00:00,KXBTC15M-26AUG271015-15,2026-08-27T14:15:00Z,11.74,79541.04,79609.77,0.64,6995.2,0.65,2470.12,19928.239999999998,16430.97,51304.88,45838.68,103513.56999999999,104592.94,0.4780694155084033,0.09618663331794054,0.6473903470775421,0.645,0.010000000000000009,30,30,314685.46,126216.35,
2026-08-27T14:03:35.936292+00:00,KXBTC15M-26AUG271015-15,2026-08-27T14:15:00Z,11.4,79541.04,79614.08,0.65,8915.89,0.6599999999999999,2858.5,40164.85,21532.920000000002,56852.43,52890.090000000004,116933.8,111388.69,0.5144546766329295,0.30198708964683807,0.6575722733831646,0.655,0.009999999999999898,30,30,314685.46,126216.35,
2026-08-27T14:03:56.121970+00:00,KXBTC15M-26AUG271015-15,2026-08-27T14:15:00Z,11.07,79541.04,79617.98,0.65,12170.27,0.6599999999999999,4196.07,28308.82,17270.739999999998,46535.4,48748.26,120436.84,107809.45,0.48723172071458865,0.24217171030172302,0.6574361586035729,0.655,0.009999999999999898,30,30,357476.58,147306.89,
2026-08-27T14:04:16.287640+00:00,KXBTC15M-26AUG271015-15,2026-08-27T14:15:00Z,10.73,79541.04,79709.33,0.79,9153.69,0.8,1854.3,23741.920000000002,22408.55,52633.04,63182.9,113316.75,95731.29,0.6630992579026689,0.02889179676826699,0.7983154962895136,0.795,0.010000000000000009,30,30,413395.75,166098.77,
2026-08-27T14:04:36.462839+00:00,KXBTC15M-26AUG271015-15,2026-08-27T14:15:00Z,10.39,79541.04,79677.42,0.73,5045.01,0.74,5297.29,25126.55,22943.690000000002,56471.29,55626.35,113643.71,103370.66,-0.024393026696189413,0.04540980032552358,0.7348780348665191,0.735,0.010000000000000009,30,30,413395.75,166098.77,
2026-08-27T14:04:56.694800+00:00,KXBTC15M-26AUG271015-15,2026-08-27T14:15:00Z,10.06,79541.04,79690.6,0.76,9908.78,0.77,5206.67,27680.39,22272.25,62017.11,56980.75,119860.44,97366.94,0.3110797230648112,0.10826534893851456,0.766555398615324,0.765,0.010000000000000009,30,30,413395.75,166098.77,
2026-08-27T14:05:16.859174+00:00,KXBTC15M-26AUG271015-15,2026-08-27T14:15:00Z,9.72,79541.04,79718.7,0.8,8072.69,0.81,3640.12,22735.89,39292.369999999995,52901.21,63104.909999999996,113835.70999999999,88499.9,0.37843779588331067,-0.2669183368999872,0.8068921889794165,0.805,0.010000000000000009,30,30,470793.74,177802.45,
2026-08-27T14:05:37.044167+00:00,KXBTC15M-26AUG271015-15,2026-08-27T14:15:00Z,9.38,79541.04,79799.36,0.87,2767.7,0.88,1789.63,35791.1,63289.21,51488.2,157068.79,111040.08,157068.79,0.2146146976409432,-0.2775335482902708,0.8760730734882048,0.875,0.010000000000000009,30,30,508517.31,189893.67,
2026-08-27T14:05:57.326550+00:00,KXBTC15M-26AUG271015-15,2026-08-27T14:15:00Z,9.05,79541.04,79754.42,0.86,7802.43,0.87,1911.67,41491.12,30472.78,54705.22,148148.12,113505.28,148148.12,0.6064133579024304,0.1531092672854029,0.8680320667895121,0.865,0.010000000000000009,30,30,579494.86,197499.43,
2026-08-27T14:06:17.529749+00:00,KXBTC15M-26AUG271015-15,2026-08-27T14:15:00Z,8.71,79541.04,79738.69,0.82,5304.74,0.83,3530.9,38002.99,23337.94,52120.31,75134.17,111473.51,81189.17,0.20075965068744311,0.23907446463560303,0.8260037982534372,0.825,0.010000000000000009,30,30,579494.86,197499.43,
2026-08-27T14:06:37.703114+00:00,KXBTC15M-26AUG271015-15,2026-08-27T14:15:00Z,8.37,79541.04,79659.16,0.74,132.3,0.75,8352.01,15128.6,47728.99,51219.51,61865.89,103259.48,99798.67,-0.9688130207406379,-0.5186388787734305,0.7401559348962969,0.745,0.010000000000000009,30,30,630765.87,211950.47,
2026-08-27T14:06:57.857744+00:00,KXBTC15M-26AUG271015-15,2026-08-27T14:15:00Z,8.04,79541.04,79580.0,0.59,504.8,0.6,12477.29,19725.7,28182.52,50506.86,58183.98,107641.11,119333.37,-0.9222313202265584,-0.17652127338481788,0.5903888433988672,0.595,0.010000000000000009,30,30,630765.87,211950.47,
2026-08-27T14:07:18.032158+00:00,KXBTC15M-26AUG271015-15,2026-08-27T14:15:00Z,7.7,79541.04,79600.7,0.64,8364.36,0.65,1025.01,36438.06,16556.21,57464.159999999996,30965.76,120898.45,96566.86,0.781665862565859,0.37516980609413053,0.6489083293128294,0.645,0.010000000000000009,30,30,683969.55,221095.52,
2026-08-27T14:07:38.202487+00:00,KXBTC15M-26AUG271015-15,2026-08-27T14:15:00Z,7.36,79541.04,79619.48,0.67,7321.08,0.6799999999999999,8713.6,22220.07,31098.34,51623.07,62018.29,117701.0,109765.29,-0.08684426505549224,-0.16651415524206367,0.6745657786747226,0.675,0.009999999999999898,30,30,743924.53,213876.44,
2026-08-27T14:07:58.370048+00:00,KXBTC15M-26AUG271015-15,2026-08-27T14:15:00Z,7.03,79541.04,79612.44,0.67,50.0,0.6799999999999999,11327.24,15064.66,31629.47,31474.12,60466.87,89692.48,109268.18,-0.9912105220598317,-0.3547514430614726,0.670043947389701,0.675,0.009999999999999898,30,30,743924.53,213876.44,
2026-08-27T14:08:18.533243+00:00,KXBTC15M-26AUG271015-15,2026-08-27T14:15:00Z,6.69,79541.04,79597.19,0.63,9780.54,0.64,510.01,25215.24,17862.52,62002.17,48672.6,123494.37,103868.57,0.9008779900005345,0.17068482669479565,0.6395043899500027,0.635,0.010000000000000009,30,30,782237.37,222152.21,
2026-08-27T14:08:38.723139+00:00,KXBTC15M-26AUG271015-15,2026-08-27T14:15:00Z,6.36,79541.04,79556.0,0.54,5220.64,0.55,4458.51,18296.02,25470.53,48402.45,52996.53,110375.67,106871.11,0.07873935211253054,-0.16392678883759396,0.5453936967605627,0.545,0.010000000000000009,30,30,847896.87,212105.38,
2026-08-27T14:08:58.903738+00:00,KXBTC15M-26AUG271015-15,2026-08-27T14:15:00Z,6.02,79541.04,79516.86,0.45,678.05,0.45999999999999996,6136.3,14843.39,23137.510000000002,24929.91,37416.73,101788.56,105340.39,-0.800993491675655,-0.21837607850261584,0.45099503254162165,0.45499999999999996,0.009999999999999953,30,30,847896.87,212105.38,
2026-08-27T14:09:19.062171+00:00,KXBTC15M-26AUG271015-15,2026-08-27T14:15:00Z,5.68,79541.04,79522.92,0.44,34.43,0.44999999999999996,5100.01,17614.65,13685.77,30616.45,26683.87,103954.81,80950.73,-0.9865886055733438,0.1255216383677919,0.4400670569721333,0.44499999999999995,0.009999999999999953,30,30,919248.92,212707.24,
2026-08-27T14:09:39.259625+00:00,KXBTC15M-26AUG271015-15,2026-08-27T14:15:00Z,5.35,79541.04,79480.41,0.33,1142.0,0.33999999999999997,11261.95,23960.43,28104.36,55815.89,60912.66,108860.26,124017.88,-0.8158651074859218,-0.0795917932253256,0.3309206744625704,0.33499999999999996,0.009999999999999953,30,30,919248.92,212707.24,
2026-08-27T14:09:59.414537+00:00,KXBTC15M-26AUG271015-15,2026-08-27T14:15:00Z,5.01,79541.04,79494.14,0.4,5270.7,0.41000000000000003,6023.01,21485.13,23273.08,36755.53,56532.92,97547.57,115949.45,-0.0666131855696667,-0.0399468611456982,0.40466693407215176,0.405,0.010000000000000009,30,30,1011522.97,218283.68,
2026-08-27T14:10:19.570147+00:00,KXBTC15M-26AUG271015-15,2026-08-27T14:15:00Z,4.68,79541.04,79460.36,0.25,8150.44,0.26,5554.21,29789.29,17204.44,58864.34,49797.51,104072.89,109715.66,0.1894415399152842,0.2677984914157698,0.25594720769957646,0.255,0.010000000000000009,30,30,1090074.33,224537.08,
2026-08-27T14:10:39.741174+00:00,KXBTC15M-26AUG271015-15,2026-08-27T14:15:00Z,4.34,79541.04,79441.0,0.23,7954.38,0.24,4521.12,23584.37,21127.14,57363.74,55501.01,98093.22,115432.19,0.27520019237705906,0.05495743713419654,0.2363760009618853,0.235,0.009999999999999981,30,30,1090074.33,224537.08,
2026-08-27T14:10:59.910188+00:00,KXBTC15M-26AUG271015-15,2026-08-27T14:15:00Z,4.0,79541.04,79403.1,0.13,12415.65,0.14,24.0,66409.19,30651.18,175653.54,46270.770000000004,175653.54,103719.02,0.9961413705369524,0.36840999060687696,0.13998070685268477,0.135,0.010000000000000009,30,30,1157201.23,227508.35,
2026-08-27T14:11:20.063508+00:00,KXBTC15M-26AUG271015-15,2026-08-27T14:15:00Z,3.67,79541.04,79422.8,0.16,603.01,0.17000000000000004,10476.61,34355.14,46302.119999999995,161247.47,61862.36,167749.47,120286.9,-0.8911496964697345,-0.1481203303955527,0.16054425151765134,0.16500000000000004,0.010000000000000037,30,30,1157201.23,227508.35,
2026-08-27T14:11:40.218054+00:00,KXBTC15M-26AUG271015-15,2026-08-27T14:15:00Z,3.33,79541.04,79397.0,0.12,6384.87,0.13,806.52,39070.36,22273.84,146593.38,53837.94,146593.38,112323.98,0.7756984393837631,0.27380779274976286,0.12887849219691883,0.125,0.010000000000000009,30,30,1227812.26,241273.53,
2026-08-27T14:12:00.423430+00:00,KXBTC15M-26AUG271015-15,2026-08-27T14:15:00Z,2.99,79541.04,79421.12,0.1,10668.12,0.10999999999999999,593.59,142586.26,44127.61,142586.26,60801.310000000005,142586.26,118962.55,0.8945826166718909,0.5273237065891249,0.10947291308335942,0.105,0.009999999999999981,30,30,1344451.12,289264.81,
2026-08-27T14:12:20.582520+00:00,KXBTC15M-26AUG271015-15,2026-08-27T14:15:00Z,2.66,79541.04,79400.72,0.05,3215.24,0.051000000000000045,225.78,164237.06,21419.64,164237.06,21419.64,164237.06,21419.64,0.8687714689249116,0.7692554052722039,0.0509343857344625,0.050500000000000024,0.0010000000000000425,30,30,1344451.12,289264.81,
2026-08-27T14:12:40.756133+00:00,KXBTC15M-26AUG271015-15,2026-08-27T14:15:00Z,2.32,79541.04,79385.67,0.02,9833.73,0.02300000000000002,990.02,226239.15000000002,18324.21,226239.15000000002,18324.21,226239.15000000002,18324.21,0.8170652500288716,0.8501475445872188,0.022725597875043323,0.021500000000000012,0.00300000000000002,19,30,1493800.37,345713.41,
2026-08-27T14:13:00.926807+00:00,KXBTC15M-26AUG271015-15,2026-08-27T14:15:00Z,1.99,79541.04,79410.66,0.068,938.0,0.06999999999999995,209.12,116550.96,25494.21,120723.65,56199.31,120723.65,62616.71,0.6353999581560779,0.6410408041329387,0.06963539995815606,0.06899999999999998,0.0019999999999999463,30,30,1638747.87,389647.92,
2026-08-27T14:13:21.087901+00:00,KXBTC15M-26AUG271015-15,2026-08-27T14:15:00Z,1.65,79541.04,79390.12,0.012,1296.62,0.014000000000000012,49.72,101899.73,23992.26,101899.73,23992.26,101899.73,23992.26,0.9261404994280791,0.6188437405747579,0.013926140499428091,0.013000000000000006,0.002000000000000012,12,30,1638747.87,389647.92,
2026-08-27T14:13:41.247052+00:00,KXBTC15M-26AUG271015-15,2026-08-27T14:15:00Z,1.31,79541.04,79450.41,0.035,1.01,0.03600000000000003,0.6,116213.15,28275.97,116213.15,28275.97,116213.15,28275.97,0.25465838509316774,0.608607623881992,0.03562732919254661,0.03550000000000002,0.0010000000000000286,28,30,1795858.12,428451.67,
2026-08-27T14:14:01.523030+00:00,KXBTC15M-26AUG271015-15,2026-08-27T14:15:00Z,0.98,79541.04,79463.98,0.008,0.01,0.009000000000000008,839.52,107819.25,35064.43,107819.25,35064.43,107819.25,35064.43,-0.9999761771467369,0.5091891530229345,0.008000011911426632,0.008500000000000004,0.0010000000000000078,8,30,1963474.03,470491.63,
2026-08-27T14:14:21.692295+00:00,KXBTC15M-26AUG271015-15,2026-08-27T14:15:00Z,0.64,79541.04,79448.58,,0.0,0.0010000000000000009,14974.17,0,130546.75,0,130546.75,0,130546.75,-1.0,-1.0,,,,0,30,1963474.03,470491.63,
2026-08-27T14:14:42.000667+00:00,KXBTC15M-26AUG271015-15,2026-08-27T14:15:00Z,0.3,79541.04,79436.74,0.001,0.01,0.0020000000000000018,21433.33,0.01,94441.22,0.01,94441.22,0.01,94441.22,-0.9999990668743184,-0.9999997882280866,0.001000000466562841,0.001500000000000001,0.0010000000000000018,1,30,2218219.72,556431.12,
2026-08-27T14:15:22.216508+00:00,KXBTC15M-26AUG271030-30,2026-08-27T14:30:00Z,14.63,79439.78,79447.13,0.52,6637.01,0.53,2202.51,24462.81,27509.2,61385.81,65398.25,164293.1,172245.0,0.5016675113580827,-0.05861597425229464,0.5275083375567904,0.525,0.010000000000000009,30,30,343.62,332.37,
2026-08-27T14:15:42.379151+00:00,KXBTC15M-26AUG271030-30,2026-08-27T14:30:00Z,14.3,79439.78,79438.71,0.5,8127.07,0.51,1776.85,33963.0,26847.97,73433.53,65718.02,169355.45,159692.42,0.6411824812801395,0.1170024092692486,0.5082059124064007,0.505,0.010000000000000009,30,30,343.62,332.37,
2026-08-27T14:16:02.566517+00:00,KXBTC15M-26AUG271030-30,2026-08-27T14:30:00Z,13.96,79439.78,79470.33,0.55,1.12,0.56,9422.14,6515.13,51037.92,42164.35,75856.77,136431.09,168741.01,-0.9997622903326447,-0.7735956652167001,0.5500011885483367,0.555,0.010000000000000009,30,30,46456.86,29978.80,
2026-08-27T14:16:22.737385+00:00,KXBTC15M-26AUG271030-30,2026-08-27T14:30:00Z,13.62,79439.78,79420.61,0.45,957.57,0.45999999999999996,7193.25,26447.73,27333.010000000002,61528.840000000004,63949.11,160225.82,153116.99,-0.7650371373677741,-0.016460911471281398,0.45117481431316114,0.45499999999999996,0.009999999999999953,30,30,82158.18,51668.45,
2026-08-27T14:16:42.902807+00:00,KXBTC15M-26AUG271030-30,2026-08-27T14:30:00Z,13.29,79439.78,79443.09,0.5,6097.11,0.51,3433.58,26463.68,29673.84,66702.78,66184.74,155411.2,158083.5,0.2794687478031496,-0.05718385849606466,0.5063973437390158,0.505,0.010000000000000009,30,30,82158.18,51668.45,
2026-08-27T14:17:03.081913+00:00,KXBTC15M-26AUG271030-30,2026-08-27T14:30:00Z,12.95,79439.78,79499.98,0.63,9037.97,0.64,6879.93,23728.85,45772.850000000006,56854.04,69409.77,130731.91,160680.56,0.13557315977610107,-0.31717209794868334,0.6356778657988805,0.635,0.010000000000000009,30,30,122808.95,68550.97,
2026-08-27T14:17:23.255064+00:00,KXBTC15M-26AUG271030-30,2026-08-27T14:30:00Z,12.61,79439.78,79541.19,0.68,7866.09,0.69,3628.02,24294.33,34530.12,55920.73,77791.19,132074.94,150746.57,0.3687166731482472,-0.17400570681068842,0.6868435833657413,0.685,0.009999999999999898,30,30,178455.03,86304.79,
2026-08-27T14:17:43.420529+00:00,KXBTC15M-26AUG271030-30,2026-08-27T14:30:00Z,12.28,79439.78,79574.78,0.74,14233.01,0.75,1631.65,46631.03,30898.32,64344.01,75300.04000000001,128355.04000000001,126980.67,0.794303817415564,0.20292585969055588,0.7489715190870778,0.745,0.010000000000000009,30,30,178455.03,86304.79,
2026-08-27T14:18:03.599832+00:00,KXBTC15M-26AUG271030-30,2026-08-27T14:30:00Z,11.94,79439.78,79555.51,0.72,9267.54,0.73,3366.57,45162.23,27593.75,60599.87,73673.84,128536.5,133806.18,0.46706653654274033,0.24147128524693093,0.7273353326827137,0.725,0.010000000000000009,30,30,221492.58,103890.99,
2026-08-27T14:18:23.862941+00:00,KXBTC15M-26AUG271030-30,2026-08-27T14:30:00Z,11.6,79439.78,79575.5,0.76,10073.3,0.77,2279.21,44382.06,27932.09,62712.43,76280.44,126759.15,122553.11,0.6309721667903933,0.22747926927164322,0.7681548608339521,0.765,0.010000000000000009,30,30,221492.58,103890.99,
2026-08-27T14:18:44.016516+00:00,KXBTC15M-26AUG271030-30,2026-08-27T14:30:00Z,11.27,79439.78,79626.6,0.82,5089.27,0.83,4503.54,41871.0,27911.71,55918.96,97616.89,120539.33,97616.89,0.06105927251764607,0.2000393793820848,0.8253052963625881,0.825,0.010000000000000009,30,30,275887.95,128121.68,
2026-08-27T14:19:04.289592+00:00,KXBTC15M-26AUG271030-30,2026-08-27T14:30:00Z,10.93,79439.78,79638.02,0.84,11964.25,0.85,5917.02,50012.66,54703.780000000006,65879.03,91704.94,128372.88,91704.94,0.3381879475003733,-0.04479831438119938,0.8466909397375018,0.845,0.010000000000000009,30,30,339090.85,161909.71,
2026-08-27T14:19:24.439966+00:00,KXBTC15M-26AUG271030-30,2026-08-27T14:30:00Z,10.59,79439.78,79675.33,0.86,4472.45,0.87,6324.3,42311.43,68664.0,58380.17,88203.74,121695.06,88203.74,-0.171519207168824,-0.23746310331935638,0.8641424039641559,0.865,0.010000000000000009,30,30,339090.85,161909.71,
2026-08-27T14:19:44.715102+00:00,KXBTC15M-26AUG271030-30,2026-08-27T14:30:00Z,10.26,79439.78,79699.51,0.88,11900.7,0.89,2423.55,44071.2,75599.37,66717.51,75603.37,129835.98,75603.37,0.6616157914026913,-0.26345800809672754,0.8883080789570136,0.885,0.010000000000000009,30,30,396939.52,194836.88,
2026-08-27T14:20:04.957302+00:00,KXBTC15M-26AUG271030-30,2026-08-27T14:30:00Z,9.92,79439.78,79720.49,0.919,4515.85,0.92,3096.84,44349.79,61291.12,60784.08,61291.12,79397.56999999999,61291.12,0.1864006021524586,-0.16036713428538243,0.9195932003010763,0.9195,0.0010000000000000009,30,30,434420.83,222410.03,
2026-08-27T14:20:25.122408+00:00,KXBTC15M-26AUG271030-30,2026-08-27T14:30:00Z,9.58,79439.78,79746.69,0.93,1627.01,0.931,294.77,47281.85,60950.19,65040.13,60950.19,70895.13,60950.19,0.6932323158738253,-0.1262873729442779,0.9308466161579368,0.9305000000000001,0.0010000000000000009,30,30,434420.83,222410.03,
2026-08-27T14:20:45.373489+00:00,KXBTC15M-26AUG271030-30,2026-08-27T14:30:00Z,9.25,79439.78,79775.41,0.945,393.02,0.946,0.02,25772.95,154530.62,25772.95,154530.62,25772.95,154530.62,0.999898229187869,-0.7141160322005826,0.9459999491145938,0.9455,0.0010000000000000009,30,30,434420.83,222410.03,
2026-08-27T14:21:05.622905+00:00,KXBTC15M-26AUG271030-30,2026-08-27T14:30:00Z,8.91,79439.78,79814.26,0.955,211.79,0.956,9883.82,23056.73,121025.55,23056.73,121025.55,23056.73,121025.55,-0.9580431494481263,-0.6799505116104493,0.955020978425276,0.9555,0.0010000000000000009,30,30,490846.31,245304.83,
2026-08-27T14:21:25.776688+00:00,KXBTC15M-26AUG271030-30,2026-08-27T14:30:00Z,8.57,79439.78,79708.99,0.92,866.82,0.921,1352.02,51167.83,66031.36,69047.19,66031.36,75717.56,66031.36,-0.2186728200320888,-0.1268228048333781,0.920390663589984,0.9205000000000001,0.0010000000000000009,30,30,587853.30,299962.84,
2026-08-27T14:21:46.028449+00:00,KXBTC15M-26AUG271030-30,2026-08-27T14:30:00Z,8.23,79439.78,79705.25,0.925,1000.0,0.927,0.03,53081.54,53072.72,70815.69,53072.72,82072.06,53072.72,0.999940001799946,8.308663260428464e-05,0.9269999400018,0.926,0.0020000000000000018,30,30,587853.30,299962.84,
2026-08-27T14:22:06.218804+00:00,KXBTC15M-26AUG271030-30,2026-08-27T14:30:00Z,7.9,79439.78,79765.22,0.954,647.43,0.956,0.02,28519.38,128227.31,28519.38,128227.31,28519.38,128227.31,0.9999382191675034,-0.6361086795517021,0.9559999382191675,0.955,0.0020000000000000018,30,30,652155.81,299485.38,
2026-08-27T14:22:26.400231+00:00,KXBTC15M-26AUG271030-30,2026-08-27T14:30:00Z,7.56,79439.78,79773.29,0.965,590.45,0.966,335.58,29218.32,131783.07,29218.32,131783.07,29218.32,131783.07,0.275228664298133,-0.6370426367126395,0.9656376143321491,0.9655,0.0010000000000000009,30,30,725944.14,309112.63,
2026-08-27T14:22:46.571646+00:00,KXBTC15M-26AUG271030-30,2026-08-27T14:30:00Z,7.23,79439.78,79858.61,0.979,1547.3,0.98,641.32,27533.01,216433.63,27533.01,216433.63,27533.01,216433.63,0.41395034313859874,-0.7742887306231704,0.9797069751715692,0.9795,0.0010000000000000009,30,20,725944.14,309112.63,
2026-08-27T14:23:06.826685+00:00,KXBTC15M-26AUG271030-30,2026-08-27T14:30:00Z,6.89,79439.78,79911.63,0.984,836.05,0.985,467.11,43382.85,173526.68,43382.85,173526.68,43382.85,173526.68,0.2831118204978667,-0.5999912959103272,0.9846415559102489,0.9844999999999999,0.0010000000000000009,30,15,799028.78,351203.18,
2026-08-27T14:23:27.063001+00:00,KXBTC15M-26AUG271030-30,2026-08-27T14:30:00Z,6.55,79439.78,79834.52,0.976,2195.88,0.977,2265.76,47474.13,169938.21,47474.13,169938.21,47474.13,169938.21,-0.015662402166019693,-0.5632802627486554,0.9764921687989171,0.9764999999999999,0.0010000000000000009,30,21,799028.78,351203.18,
2026-08-27T14:23:47.303923+00:00,KXBTC15M-26AUG271030-30,2026-08-27T14:30:00Z,6.21,79439.78,79832.14,0.978,1181.12,0.979,0.02,29324.0,187927.28,29324.0,187927.28,29324.0,187927.28,0.9999661344125168,-0.7300453189504799,0.9789999830672063,0.9784999999999999,0.0010000000000000009,30,21,891127.88,398641.25,
2026-08-27T14:24:07.596831+00:00,KXBTC15M-26AUG271030-30,2026-08-27T14:30:00Z,5.88,79439.78,79778.44,0.971,298.11,0.972,42.43,33368.95,185244.11000000002,33368.95,185244.11000000002,33368.95,185244.11000000002,0.7508075409643508,-0.6947213492185692,0.9718754037704821,0.9715,0.0010000000000000009,30,26,947233.93,398072.00,
2026-08-27T14:24:27.753842+00:00,KXBTC15M-26AUG271030-30,2026-08-27T14:30:00Z,5.54,79439.78,79798.77,0.971,568.02,0.972,0.01,26933.05,187407.71,26933.05,187407.71,26933.05,187407.71,0.9999647905920462,-0.7486894233276024,0.9719999823952961,0.9715,0.0010000000000000009,30,26,947233.93,398072.00,
2026-08-27T14:24:47.916518+00:00,KXBTC15M-26AUG271030-30,2026-08-27T14:30:00Z,5.2,79439.78,79775.0,0.984,2167.41,0.985,0.02,20211.44,181410.45,20211.44,181410.45,20211.44,181410.45,0.9999815449633899,-0.7995114518567403,0.9849999907724817,0.9844999999999999,0.0010000000000000009,30,15,1030341.43,391832.51,
2026-08-27T14:25:08.126583+00:00,KXBTC15M-26AUG271030-30,2026-08-27T14:30:00Z,4.87,79439.78,79794.73,0.99,85.05,0.991,1405.79,25742.33,152661.63999999998,25742.33,152661.63999999998,25742.33,152661.63999999998,-0.8859032491749618,-0.7114152784828723,0.9900570483754126,0.9904999999999999,0.0010000000000000009,30,9,1133554.46,428671.41,
2026-08-27T14:25:28.304894+00:00,KXBTC15M-26AUG271030-30,2026-08-27T14:30:00Z,4.53,79439.78,79810.76,0.993,3788.02,0.994,1609.66,37160.94,142435.66,37160.94,142435.66,37160.94,142435.66,0.40357338708482154,-0.5861732349053378,0.9937017866935424,0.9935,0.0010000000000000009,30,6,1133554.46,428671.41,
2026-08-27T14:25:48.490476+00:00,KXBTC15M-26AUG271030-30,2026-08-27T14:30:00Z,4.19,79439.78,79781.36,0.993,43.73,0.994,5975.8,38502.14,148355.81,38502.14,148355.81,38502.14,148355.81,-0.9854706264442574,-0.5878993641961714,0.9930072646867779,0.9935,0.0010000000000000009,30,6,1242622.06,461589.22,
2026-08-27T14:26:08.653663+00:00,KXBTC15M-26AUG271030-30,2026-08-27T14:30:00Z,3.86,79439.78,79822.28,0.994,2693.19,0.995,8169.85,39253.5,136503.31,39253.5,136503.31,39253.5,136503.31,-0.5041553745544525,-0.553320295242045,0.9942479223127226,0.9944999999999999,0.0010000000000000009,30,5,1242622.06,461589.22,
2026-08-27T14:26:28.827025+00:00,KXBTC15M-26AUG271030-30,2026-08-27T14:30:00Z,3.52,79439.78,79817.25,0.994,3158.42,0.995,3032.82,32848.41,138128.63999999998,32848.41,138128.63999999998,32848.41,138128.63999999998,0.020286727699136184,-0.6157565006531578,0.9945101433638497,0.9944999999999999,0.0010000000000000009,30,5,1279053.45,478473.02,
2026-08-27T14:26:49.018191+00:00,KXBTC15M-26AUG271030-30,2026-08-27T14:30:00Z,3.18,79439.78,79796.74,0.995,1479.0,0.997,9093.71,35757.3,135655.09,35757.3,135655.09,35757.3,135655.09,-0.7202231026860663,-0.5827921190527708,0.995279776897314,0.996,0.0020000000000000018,30,3,1337278.02,508632.84,
2026-08-27T14:27:09.294599+00:00,KXBTC15M-26AUG271030-30,2026-08-27T14:30:00Z,2.85,79439.78,79821.01,0.998,24059.33,0.999,3758.1,118374.57,3758.1,118374.57,3758.1,118374.57,3758.1,0.729802501525123,0.9384587268910112,0.9988649012507627,0.9984999999999999,0.0010000000000000009,30,1,1337278.02,508632.84,
2026-08-27T14:27:29.468038+00:00,KXBTC15M-26AUG271030-30,2026-08-27T14:30:00Z,2.51,79439.78,79816.35,0.999,4092.58,,0.0,72991.06,0,72991.06,0,72991.06,0,1.0,1.0,,,,30,0,1519048.58,647850.91,
2026-08-27T14:27:49.637849+00:00,KXBTC15M-26AUG271030-30,2026-08-27T14:30:00Z,2.17,79439.78,79804.25,0.997,2458.02,0.998,1304.29,51091.42,21323.99,51091.42,21323.99,51091.42,21323.99,0.3066546882101688,0.41106485484236016,0.9976533273441051,0.9975,0.0010000000000000009,30,2,1612960.42,652977.17,
2026-08-27T14:28:09.914500+00:00,KXBTC15M-26AUG271030-30,2026-08-27T14:30:00Z,1.84,79439.78,79831.82,0.998,12865.29,0.999,6768.37,52179.07,6768.37,52179.07,6768.37,52179.07,6768.37,0.3105340522347846,0.7703591538495989,0.9986552670261173,0.9984999999999999,0.0010000000000000009,30,1,1612960.42,652977.17,
2026-08-27T14:28:30.079461+00:00,KXBTC15M-26AUG271030-30,2026-08-27T14:30:00Z,1.5,79439.78,79827.07,0.998,22118.31,0.999,1580.18,60354.06,1580.18,60354.06,1580.18,60354.06,1580.18,0.8666429802067558,0.948972329360948,0.9989333214901033,0.9984999999999999,0.0010000000000000009,30,1,1713643.44,693857.71,
2026-08-27T14:28:50.279844+00:00,KXBTC15M-26AUG271030-30,2026-08-27T14:30:00Z,1.16,79439.78,79811.73,0.999,115581.93,,0.0,177945.16,0,177945.16,0,177945.16,0,1.0,1.0,,,,30,0,1713643.44,693857.71,
2026-08-27T14:29:10.450127+00:00,KXBTC15M-26AUG271030-30,2026-08-27T14:30:00Z,0.83,79439.78,79829.86,0.999,124461.1,,0.0,197145.65,0,197145.65,0,197145.65,0,1.0,1.0,,,,30,0,1758966.65,718744.09,
2026-08-27T14:29:30.624112+00:00,KXBTC15M-26AUG271030-30,2026-08-27T14:30:00Z,0.49,79439.78,79863.66,0.999,106859.06,,0.0,185572.88,0,185572.88,0,185572.88,0,1.0,1.0,,,,30,0,1758966.65,718744.09,
2026-08-27T14:30:10.834083+00:00,KXBTC15M-26AUG271045-45,2026-08-27T14:45:00Z,14.82,79871.33,79930.34,0.58,2960.61,0.5900000000000001,63.78,20342.65,21100.83,51601.65,65078.83,143358.65,185746.18,0.9578228998244273,-0.01829431312235363,0.5897891144991222,0.585,0.01000000000000012,30,30,688.59,688.59,
2026-08-27T14:30:30.999036+00:00,KXBTC15M-26AUG271045-45,2026-08-27T14:45:00Z,14.48,79871.33,79864.51,0.47,7667.69,0.48,344.17,47262.29,19598.38,71363.24,55475.61,167422.41,139352.81,0.9140848691814385,0.4137546034163283,0.47957042434590713,0.475,0.010000000000000009,30,30,688.59,688.59,
2026-08-27T14:30:51.150872+00:00,KXBTC15M-26AUG271045-45,2026-08-27T14:45:00Z,14.15,79871.33,79824.73,0.43,7713.42,0.43999999999999995,4221.72,32438.34,23913.72,70727.47,54325.72,174459.28,136662.39,0.29255626662108697,0.15127432785953165,0.4364627813331054,0.43499999999999994,0.009999999999999953,30,30,80308.54,57361.71,
2026-08-27T14:31:11.311450+00:00,KXBTC15M-26AUG271045-45,2026-08-27T14:45:00Z,13.81,79871.33,79883.96,0.52,2788.98,0.53,12251.36,29462.71,38203.65,62340.01,71028.85,156927.94,167241.29,-0.6291333839527564,-0.12917703863485494,0.5218543330802363,0.525,0.010000000000000009,30,30,80308.54,57361.71,
2026-08-27T14:31:31.468449+00:00,KXBTC15M-26AUG271045-45,2026-08-27T14:45:00Z,13.48,79871.33,79888.49,0.51,7858.63,0.52,917.36,31312.32,25605.79,58042.59,58115.19,162961.62,151655.45,0.7909386861197427,0.10025859959158867,0.5189546934305989,0.515,0.010000000000000009,30,30,140567.13,84542.32,
2026-08-27T14:31:51.654073+00:00,KXBTC15M-26AUG271045-45,2026-08-27T14:45:00Z,13.14,79871.33,79953.47,0.63,85.83,0.64,7977.13,20579.34,49358.39,64756.020000000004,74928.25,133723.23,183992.04,-0.978710051891613,-0.4114953402119285,0.630106449740542,0.635,0.010000000000000009,30,30,179927.94,109803.99,
2026-08-27T14:32:11.839441+00:00,KXBTC15M-26AUG271045-45,2026-08-27T14:45:00Z,12.8,79871.33,79960.86,0.63,14293.7,0.64,0.02,31472.5,29104.45,73376.85,69279.44,150959.64,178331.2,0.9999972015682411,0.039091601673573846,0.6399999860078412,0.635,0.010000000000000009,30,30,179927.94,109803.99,
2026-08-27T14:32:32.002153+00:00,KXBTC15M-26AUG271045-45,2026-08-27T14:45:00Z,12.47,79871.33,79934.03,0.57,35.73,0.5800000000000001,2314.8,21232.98,44712.71,54462.58,64273.909999999996,130532.76,169787.34,-0.9695983459049661,-0.3560464679344473,0.5701520082704751,0.575,0.01000000000000012,30,30,243130.90,127221.92,
2026-08-27T14:32:52.318122+00:00,KXBTC15M-26AUG271045-45,2026-08-27T14:45:00Z,12.13,79871.33,79878.46,0.52,5244.17,0.53,551.02,22751.18,29550.43,56202.159999999996,67712.68,147234.93,157084.73,0.8098353979765976,-0.13000077817872147,0.529049176989883,0.525,0.010000000000000009,30,30,287088.03,144382.25,
2026-08-27T14:33:12.478232+00:00,KXBTC15M-26AUG271045-45,2026-08-27T14:45:00Z,11.79,79871.33,79857.96,0.49,3325.52,0.5,9503.64,23821.81,33993.44,58195.12,72592.98,148981.3,157808.9,-0.48156855164328755,-0.17593333938709943,0.49259215724178357,0.495,0.010000000000000009,30,30,287088.03,144382.25,
2026-08-27T14:33:32.632047+00:00,KXBTC15M-26AUG271045-45,2026-08-27T14:45:00Z,11.46,79871.33,79847.1,0.44,2380.32,0.44999999999999996,10613.21,17831.74,32717.489999999998,56640.33,66404.39,150227.46,153564.33,-0.6336145758696828,-0.29448025222144825,0.4418319271206516,0.44499999999999995,0.009999999999999953,30,30,314515.54,149601.68,
2026-08-27T14:33:52.827669+00:00,KXBTC15M-26AUG271045-45,2026-08-27T14:45:00Z,11.12,79871.33,79853.39,0.46,9270.63,0.47,1108.03,27811.23,28143.690000000002,62291.56,63406.4,156325.42,151355.47,0.7864791793931007,-0.005941568677070806,0.46893239589696545,0.46499999999999997,0.009999999999999953,30,30,314515.54,149601.68,
2026-08-27T14:34:13.005020+00:00,KXBTC15M-26AUG271045-45,2026-08-27T14:45:00Z,10.78,79871.33,79938.85,0.62,12365.56,0.63,1407.12,28879.79,26631.07,71989.76,65119.05,150030.51,163013.95,0.795665041226544,0.040509550743764396,0.6289783252061326,0.625,0.010000000000000009,30,30,352521.98,158443.86,
2026-08-27T14:34:33.159695+00:00,KXBTC15M-26AUG271045-45,2026-08-27T14:45:00Z,10.45,79871.33,79955.03,0.66,8984.34,0.6699999999999999,1107.02,26028.010000000002,29908.6,64728.53,70188.5,140222.78,156267.63,0.780600434431038,-0.0693747797730323,0.6689030021721551,0.665,0.009999999999999898,30,30,397668.07,172608.72,
2026-08-27T14:34:53.398279+00:00,KXBTC15M-26AUG271045-45,2026-08-27T14:45:00Z,10.11,79871.33,79975.0,0.68,7351.38,0.69,3821.03,21333.46,36336.6,51912.21,77929.51,136222.26,155565.47,0.3159882245639034,-0.26015474927544724,0.6865799411228195,0.685,0.009999999999999898,30,30,397668.07,172608.72,
2026-08-27T14:35:13.565462+00:00,KXBTC15M-26AUG271045-45,2026-08-27T14:45:00Z,9.78,79871.33,79998.37,0.73,7584.55,0.74,2339.07,28856.71,28758.870000000003,62112.31,75522.0,136144.49,137081.84,0.5285853347871038,0.0016981517846387472,0.7376429266739355,0.735,0.010000000000000009,30,30,461259.14,203219.56,
2026-08-27T14:35:33.720858+00:00,KXBTC15M-26AUG271045-45,2026-08-27T14:45:00Z,9.44,79871.33,80025.45,0.75,6397.09,0.76,745.02,21588.61,30880.81,54806.81,72069.6,128995.1,128808.2,0.7913725775716138,-0.1770974407569209,0.7589568628878581,0.755,0.010000000000000009,30,30,461259.14,203219.56,
2026-08-27T14:35:53.980399+00:00,KXBTC15M-26AUG271045-45,2026-08-27T14:45:00Z,9.1,79871.33,80041.94,0.82,7283.99,0.83,4272.02,43546.28,31975.97,60655.68,100950.47,127136.88,106960.47,0.26064099979145045,0.15320398955274767,0.8263032049989572,0.825,0.010000000000000009,30,30,510784.30,218054.71,
2026-08-27T14:36:14.222702+00:00,KXBTC15M-26AUG271045-45,2026-08-27T14:45:00Z,8.77,79871.33,80007.04,0.78,4464.91,0.79,7008.94,39910.98,31356.65,59522.28,71902.98999999999,134674.13,111087.45,-0.22172418150838646,0.12003107160993008,0.7838913790924581,0.785,0.010000000000000009,30,30,579198.80,242409.55,
2026-08-27T14:36:34.463821+00:00,KXBTC15M-26AUG271045-45,2026-08-27T14:45:00Z,8.43,79871.33,80101.84,0.89,5127.23,0.9,5439.03,38888.5,63574.24,59028.16,63574.24,125061.86,63574.24,-0.029509022113784842,-0.2409240666412005,0.8948524548894311,0.895,0.010000000000000009,30,30,579198.80,242409.55,
2026-08-27T14:36:54.821810+00:00,KXBTC15M-26AUG271045-45,2026-08-27T14:45:00Z,8.09,79871.33,80167.62,0.938,876.46,0.9390000000000001,400.87,50307.72,37101.28,54071.33,37101.28,54071.33,37101.28,0.37233134742000895,0.1510878742463591,0.9386861656737102,0.9385,0.001000000000000112,30,30,648915.35,259301.41,
2026-08-27T14:37:15.020516+00:00,KXBTC15M-26AUG271045-45,2026-08-27T14:45:00Z,7.75,79871.33,80144.68,0.918,1052.98,0.919,0.02,32094.84,131246.12,64426.28,131246.12,94969.08,131246.12,0.9999620132953466,-0.6070203089292484,0.9189999810066477,0.9185000000000001,0.0010000000000000009,30,30,648915.35,259301.41,
2026-08-27T14:37:35.255172+00:00,KXBTC15M-26AUG271045-45,2026-08-27T14:45:00Z,7.42,79871.33,80096.13,0.88,7797.59,0.89,572.98,43246.68,56530.64,61985.88,58730.64,127366.54,58730.64,0.8630965394232413,-0.13313606739487488,0.8893154826971162,0.885,0.010000000000000009,30,30,728154.75,280151.10,
2026-08-27T14:37:55.510434+00:00,KXBTC15M-26AUG271045-45,2026-08-27T14:45:00Z,7.08,79871.33,80087.86,0.88,5826.6,0.89,4273.45,40675.97,63793.03,60079.79,155956.22,124889.22,155956.22,0.15377646645313645,-0.22128152849170565,0.8857688823322657,0.885,0.010000000000000009,30,30,787790.88,290959.40,
2026-08-27T14:38:15.691981+00:00,KXBTC15M-26AUG271045-45,2026-08-27T14:45:00Z,6.74,79871.33,80142.91,0.94,2322.0,0.9410000000000001,461.7,49460.67,70192.93,63365.97,70192.93,63365.97,70192.93,0.6682832201745879,-0.17326900318920616,0.9408341416100874,0.9405,0.001000000000000112,30,30,787790.88,290959.40,
2026-08-27T14:38:35.849929+00:00,KXBTC15M-26AUG271045-45,2026-08-27T14:45:00Z,6.4,79871.33,80211.5,0.971,800.0,0.974,55.77,24564.92,306129.94,24564.92,306129.94,24564.92,306129.94,0.8696612407539409,-0.8514345218428857,0.9738044918611309,0.9724999999999999,0.0030000000000000027,30,25,855626.21,303990.42,
2026-08-27T14:38:56.168326+00:00,KXBTC15M-26AUG271045-45,2026-08-27T14:45:00Z,6.07,79871.33,80260.98,0.979,180.0,0.981,793.02,27844.95,280472.16,27844.95,280472.16,27844.95,280472.16,-0.630017882469014,-0.8193746042832328,0.979369982117531,0.98,0.0020000000000000018,30,19,950189.48,355867.67,
2026-08-27T14:39:16.419941+00:00,KXBTC15M-26AUG271045-45,2026-08-27T14:45:00Z,5.73,79871.33,80269.49,0.986,999.11,0.987,2.02,30743.18,251220.28,30743.18,251220.28,30743.18,251220.28,0.9959645600471467,-0.7819350067558399,0.9869979822800236,0.9864999999999999,0.0010000000000000009,30,13,950189.48,355867.67,
2026-08-27T14:39:36.571026+00:00,KXBTC15M-26AUG271045-45,2026-08-27T14:45:00Z,5.39,79871.33,80251.1,0.983,0.02,0.984,374.02,33668.61,243805.72,33668.61,243805.72,33668.61,243805.72,-0.999893059565822,-0.757320902441678,0.9830000534702171,0.9835,0.0010000000000000009,30,16,1037925.96,377096.59,
2026-08-27T14:40:00.670738+00:00,KXBTC15M-26AUG271045-45,2026-08-27T14:45:00Z,4.99,79871.33,80210.95,0.983,2597.92,0.984,692.35,30468.05,232874.97,30468.05,232874.97,30468.05,232874.97,0.579153078622727,-0.7686056004066484,0.9837895765393113,0.9835,0.0010000000000000009,30,15,1110076.26,405321.37,
2026-08-27T14:40:20.914213+00:00,KXBTC15M-26AUG271045-45,2026-08-27T14:45:00Z,4.65,79871.33,80198.87,0.982,765.34,0.984,276.02,44758.28,220531.55,44758.28,220531.55,44758.28,220531.55,0.4698855343012983,-0.662570706159373,0.983469885534301,0.983,0.0020000000000000018,30,15,1110076.26,405321.37,
2026-08-27T14:40:41.160692+00:00,KXBTC15M-26AUG271045-45,2026-08-27T14:45:00Z,4.32,79871.33,80160.29,0.976,0.5,0.977,1658.75,28496.63,223152.41,28496.63,223152.41,28496.63,223152.41,-0.999397318065391,-0.7735208526923051,0.9760003013409673,0.9764999999999999,0.0010000000000000009,30,17,1110076.26,405321.37,
2026-08-27T14:41:01.315793+00:00,KXBTC15M-26AUG271045-45,2026-08-27T14:45:00Z,3.98,79871.33,80195.98,0.989,5.02,0.99,862.27,48496.82,214319.62,48496.82,214319.62,48496.82,214319.62,-0.9884237106388867,-0.6309453092051623,0.9890057881446805,0.9895,0.0010000000000000009,30,10,1176757.49,417553.60,
2026-08-27T14:41:21.555977+00:00,KXBTC15M-26AUG271045-45,2026-08-27T14:45:00Z,3.64,79871.33,80265.5,0.996,23711.0,0.997,1130.02,73262.36,166660.41,73262.36,166660.41,73262.36,166660.41,0.9090198389599139,-0.3892838099526777,0.9969545099194798,0.9964999999999999,0.0010000000000000009,30,3,1271060.42,442522.88,
2026-08-27T14:41:41.790029+00:00,KXBTC15M-26AUG271045-45,2026-08-27T14:45:00Z,3.3,79871.33,80245.3,0.999,68634.1,,0.0,148708.62,0,148708.62,0,148708.62,0,1.0,1.0,,,,30,0,1525317.73,621840.14,
2026-08-27T14:42:01.980040+00:00,KXBTC15M-26AUG271045-45,2026-08-27T14:45:00Z,2.97,79871.33,80313.3,0.999,17814.76,,0.0,97807.12,0,97807.12,0,97807.12,0,1.0,1.0,,,,30,0,1525317.73,621840.14,
2026-08-27T14:42:22.139791+00:00,KXBTC15M-26AUG271045-45,2026-08-27T14:45:00Z,2.63,79871.33,80318.2,0.999,5147.72,,0.0,80697.46,0,80697.46,0,80697.46,0,1.0,1.0,,,,30,0,1525317.73,621840.14,
2026-08-27T14:42:42.299190+00:00,KXBTC15M-26AUG271045-45,2026-08-27T14:45:00Z,2.3,79871.33,80390.76,0.998,24868.75,0.999,458.01,77661.91,458.01,77661.91,458.01,77661.91,458.01,0.9638319311273926,0.9882741815403806,0.9989819159655637,0.9984999999999999,0.0010000000000000009,30,1,1674397.19,621119.44,
2026-08-27T14:43:02.477385+00:00,KXBTC15M-26AUG271045-45,2026-08-27T14:45:00Z,1.96,79871.33,80366.04,0.999,3498.37,,0.0,96577.46,0,96577.46,0,96577.46,0,1.0,1.0,,,,30,0,1716656.98,639974.22,
2026-08-27T14:43:22.650505+00:00,KXBTC15M-26AUG271045-45,2026-08-27T14:45:00Z,1.62,79871.33,80328.84,0.999,11576.63,,0.0,92922.85,0,92922.85,0,92922.85,0,1.0,1.0,,,,30,0,1716656.98,639974.22,
2026-08-27T14:43:42.844224+00:00,KXBTC15M-26AUG271045-45,2026-08-27T14:45:00Z,1.29,79871.33,80350.22,0.999,39774.01,,0.0,102584.90000000001,0,102584.90000000001,0,102584.90000000001,0,1.0,1.0,,,,30,0,1736169.85,651306.59,
2026-08-27T14:44:02.998239+00:00,KXBTC15M-26AUG271045-45,2026-08-27T14:45:00Z,0.95,79871.33,80375.74,0.999,68983.03,,0.0,131153.38,0,131153.38,0,131153.38,0,1.0,1.0,,,,30,0,1761681.66,650728.74,
2026-08-27T14:44:23.233013+00:00,KXBTC15M-26AUG271045-45,2026-08-27T14:45:00Z,0.61,79871.33,80358.89,0.999,86712.85,,0.0,161363.21000000002,0,161363.21000000002,0,161363.21000000002,0,1.0,1.0,,,,30,0,1761681.66,650728.74,
2026-08-27T14:44:43.463109+00:00,KXBTC15M-26AUG271045-45,2026-08-27T14:45:00Z,0.28,79871.33,80405.55,0.999,111741.13,,0.0,195616.30000000002,0,195616.30000000002,0,195616.30000000002,0,1.0,1.0,,,,30,0,1805170.95,690155.48,
2026-08-27T14:45:43.791317+00:00,KXBTC15M-26AUG271100-00,2026-08-27T15:00:00Z,14.27,80383.64,80255.58,0.31,1224.56,0.31999999999999995,17135.3,27215.06,33220.76,75926.78,65394.36,184376.78,158575.75,-0.8666046473121254,-0.09937318629911863,0.3106669767634393,0.31499999999999995,0.009999999999999953,30,30,78549.89,50713.38,
2026-08-27T14:46:03.950735+00:00,KXBTC15M-26AUG271100-00,2026-08-27T15:00:00Z,13.94,80383.64,80279.64,0.33,836.09,0.33999999999999997,19467.16,22325.17,56431.7,66783.68,77526.48,176283.45,168612.65,-0.917639786733651,-0.43306101423279014,0.3304118010663317,0.33499999999999996,0.009999999999999953,30,30,78549.89,50713.38,
2026-08-27T14:46:24.207297+00:00,KXBTC15M-26AUG271100-00,2026-08-27T15:00:00Z,13.6,80383.64,80266.7,0.29,5391.11,0.30000000000000004,7309.29,50807.67,34753.97,77322.65,69913.22,167691.86,154012.22,-0.15103303832950146,0.18762730588146742,0.2942448348083525,0.29500000000000004,0.010000000000000064,30,30,136084.85,81292.46,
2026-08-27T14:46:44.435556+00:00,KXBTC15M-26AUG271100-00,2026-08-27T15:00:00Z,13.26,80383.64,80250.22,0.28,11238.42,0.29000000000000004,1.02,51235.840000000004,14214.19,76033.33,47938.59,158082.57,119809.17,0.999818496295189,0.5656475634923315,0.289999092481476,0.28500000000000003,0.010000000000000009,30,30,223681.89,137705.22,
2026-08-27T14:47:04.617961+00:00,KXBTC15M-26AUG271100-00,2026-08-27T15:00:00Z,12.92,80383.64,80225.22,0.24,7628.27,0.25,1914.96,49753.33,30391.52,75853.99,66893.92,131257.01,136692.81,0.5986767582883364,0.24158520478857967,0.2479933837914417,0.245,0.010000000000000009,30,30,223681.89,137705.22,
2026-08-27T14:47:24.789943+00:00,KXBTC15M-26AUG271100-00,2026-08-27T15:00:00Z,12.59,80383.64,80200.0,0.2,1646.6,0.20999999999999996,14200.22,27654.31,50183.979999999996,90611.95,67105.28,122246.70999999999,137991.04,-0.7921854353113116,-0.2894419957067402,0.20103907282344344,0.205,0.009999999999999953,30,30,280463.19,171488.45,
2026-08-27T14:47:44.949210+00:00,KXBTC15M-26AUG271100-00,2026-08-27T15:00:00Z,12.25,80383.64,80178.42,0.17,500.02,0.18000000000000005,9305.4,20784.97,46389.57,91260.70999999999,64318.869999999995,91260.70999999999,129614.95999999999,-0.8980115079211293,-0.38116524504670957,0.17050994246039436,0.17500000000000004,0.010000000000000037,30,30,280463.19,171488.45,
2026-08-27T14:48:05.107835+00:00,KXBTC15M-26AUG271100-00,2026-08-27T15:00:00Z,11.92,80383.64,80094.98,0.13,7155.78,0.14,7080.18,47221.439999999995,32339.42,65774.68,66792.83,65774.68,136733.94,0.005310495393355943,0.18705202533004292,0.1350265524769668,0.135,0.010000000000000009,30,30,327490.13,195874.06,
2026-08-27T14:48:25.311697+00:00,KXBTC15M-26AUG271100-00,2026-08-27T15:00:00Z,11.58,80383.64,80075.72,0.11,4691.83,0.12,9007.1,65886.18,44201.6,65890.18,65768.2,65890.18,134600.53,-0.3150078144789411,0.19697535911796926,0.11342496092760529,0.11499999999999999,0.009999999999999995,30,30,425693.81,224731.47,
2026-08-27T14:48:45.470277+00:00,KXBTC15M-26AUG271100-00,2026-08-27T15:00:00Z,11.24,80383.64,80086.61,0.1,4024.14,0.10999999999999999,7388.86,57263.55,45701.66,57263.55,69292.51,57263.55,135382.28,-0.2948146850083238,0.1122892868377581,0.10352592657495836,0.105,0.009999999999999981,30,30,425693.81,224731.47,
2026-08-27T14:49:05.653768+00:00,KXBTC15M-26AUG271100-00,2026-08-27T15:00:00Z,10.91,80383.64,80150.98,0.13,5494.06,0.14,4632.93,38146.23,46902.03,70973.93000000001,64142.69,70973.93000000001,131688.4,0.0850331638522404,-0.1029509598432701,0.1354251658192612,0.135,0.010000000000000009,30,30,482608.61,248354.25,
2026-08-27T14:49:25.920818+00:00,KXBTC15M-26AUG271100-00,2026-08-27T15:00:00Z,10.57,80383.64,80119.55,0.11,5925.64,0.12,4585.4,62743.22,41163.97,62747.22,63281.82,62747.22,130668.79000000001,0.12750783937650323,0.20767812121567333,0.11563753919688251,0.11499999999999999,0.009999999999999995,30,30,533455.31,278625.07,
2026-08-27T14:49:46.077316+00:00,KXBTC15M-26AUG271100-00,2026-08-27T15:00:00Z,10.23,80383.64,80101.1,0.096,258.05,0.09699999999999998,335.05,52161.32,39214.01,52161.32,55978.51,52161.32,121316.54000000001,-0.12982633619962905,0.1416937153605902,0.09643508683190018,0.09649999999999999,0.0009999999999999731,30,30,533455.31,278625.07,
2026-08-27T14:50:06.231500+00:00,KXBTC15M-26AUG271100-00,2026-08-27T15:00:00Z,9.9,80383.64,80127.9,0.1,9104.87,0.10999999999999999,1154.83,146291.14,23768.0,148291.14,60724.85,148291.14,128794.75,0.774880357125452,0.7204737128507177,0.10887440178562725,0.105,0.009999999999999981,30,30,573436.07,302720.78,
2026-08-27T14:50:26.403581+00:00,KXBTC15M-26AUG271100-00,2026-08-27T15:00:00Z,9.56,80383.64,80126.36,0.1,7959.18,0.10999999999999999,3063.78,155577.06,39604.94,161581.06,61558.79,161581.06,128774.19,0.44410938622656704,0.5941742578721398,0.10722054693113282,0.105,0.009999999999999981,30,30,573436.07,302720.78,
2026-08-27T14:50:46.568250+00:00,KXBTC15M-26AUG271100-00,2026-08-27T15:00:00Z,9.23,80383.64,80164.68,0.11,2739.14,0.12,3491.0,64871.57,37767.86,69345.57,59791.71,69345.57,126890.42,-0.12068107618769405,0.26406723030320806,0.11439659461906153,0.11499999999999999,0.009999999999999995,30,30,631615.75,330017.33,
2026-08-27T14:51:06.779833+00:00,KXBTC15M-26AUG271100-00,2026-08-27T15:00:00Z,8.89,80383.64,80169.02,0.12,9150.95,0.13,1553.88,63478.69,39876.64,165159.35,59971.9,165159.35,147240.41,0.7096861883841219,0.22835832462631586,0.1285484309419206,0.125,0.010000000000000009,30,30,679655.85,353251.01,
2026-08-27T14:51:26.957181+00:00,KXBTC15M-26AUG271100-00,2026-08-27T15:00:00Z,8.55,80383.64,80153.18,0.1,4278.57,0.10999999999999999,6644.01,60174.4,47989.54,60174.4,70453.95,60174.4,157068.83,-0.21656421834401768,0.11265177655325796,0.10391717890827991,0.105,0.009999999999999981,30,30,679655.85,353251.01,
2026-08-27T14:51:47.113522+00:00,KXBTC15M-26AUG271100-00,2026-08-27T15:00:00Z,8.22,80383.64,80195.51,0.13,10833.02,0.14,500.02,63455.75,37991.57,169172.01,54876.23,169172.01,141696.18,0.911758892583102,0.2510088980172172,0.1395587944629155,0.135,0.010000000000000009,30,30,731695.01,372728.47,
2026-08-27T14:52:07.287892+00:00,KXBTC15M-26AUG271100-00,2026-08-27T15:00:00Z,7.88,80383.64,80188.26,0.11,5022.82,0.12,3744.05,66237.04,40379.1,70264.62,62055.95,70264.62,147935.21,0.14586391722473355,0.24253307238472524,0.11572931958612367,0.11499999999999999,0.009999999999999995,30,30,731695.01,372728.47,
2026-08-27T14:52:27.522741+00:00,KXBTC15M-26AUG271100-00,2026-08-27T15:00:00Z,7.54,80383.64,80212.79,0.14,6943.22,0.15000000000000002,3179.0,44225.28,45171.15,73298.94,60042.56,73298.94,147437.33,0.37187692028033376,-0.01058062385712721,0.14685938460140166,0.14500000000000002,0.010000000000000009,30,30,778816.58,390504.67,
2026-08-27T14:52:47.838768+00:00,KXBTC15M-26AUG271100-00,2026-08-27T15:00:00Z,7.21,80383.64,80191.97,0.083,44.13,0.08399999999999996,269.02,63237.97,33837.15,63237.97,50691.96,63237.97,94937.58,-0.7181542391825004,0.3028666871593875,0.08314092288040874,0.08349999999999999,0.0009999999999999593,30,30,778816.58,390504.67,
2026-08-27T14:53:08.098508+00:00,KXBTC15M-26AUG271100-00,2026-08-27T15:00:00Z,6.87,80383.64,80112.96,0.05,1080.37,0.051000000000000045,2169.02,79270.79,20257.55,79270.79,20257.55,79270.79,20257.55,-0.3350321137198059,0.5929290089636781,0.05033248394314012,0.050500000000000024,0.0010000000000000425,30,30,811958.81,395457.77,
2026-08-27T14:53:28.271821+00:00,KXBTC15M-26AUG271100-00,2026-08-27T15:00:00Z,6.53,80383.64,80129.35,0.047,128.49,0.04800000000000004,325.0,71586.6,17089.59,71586.6,17089.59,71586.6,17089.59,-0.43332818805265827,0.614561924683503,0.04728333590597368,0.04750000000000002,0.0010000000000000425,30,30,859666.51,409909.31,
2026-08-27T14:53:48.443649+00:00,KXBTC15M-26AUG271100-00,2026-08-27T15:00:00Z,6.19,80383.64,80113.13,0.03,1821.12,0.031000000000000028,396.8,364612.27999999997,18808.54,364612.27999999997,18808.54,364612.27999999997,18808.54,0.642187274563555,0.9018908780175267,0.030821093637281798,0.030500000000000013,0.0010000000000000286,29,30,859666.51,409909.31,
2026-08-27T14:54:08.605929+00:00,KXBTC15M-26AUG271100-00,2026-08-27T15:00:00Z,5.86,80383.64,80137.91,0.036,41.37,0.03700000000000003,500.02,110281.86,18729.14,110281.86,18729.14,110281.86,18729.14,-0.8471711705055505,0.7096504949190379,0.036076414414747224,0.03650000000000002,0.0010000000000000356,30,30,921068.49,432908.85,
2026-08-27T14:54:28.807734+00:00,KXBTC15M-26AUG271100-00,2026-08-27T15:00:00Z,5.52,80383.64,80108.03,0.031,1552.03,0.03200000000000003,40.0,362751.16,19702.43,362751.16,19702.43,362751.16,19702.43,0.949749690646533,0.8969682569851155,0.0319748748453233,0.031500000000000014,0.0010000000000000286,27,30,983774.26,445403.15,
2026-08-27T14:54:48.983933+00:00,KXBTC15M-26AUG271100-00,2026-08-27T15:00:00Z,5.19,80383.64,80107.47,0.019,3400.69,0.020000000000000018,627.0,336019.35,27200.09,336019.35,27200.09,336019.35,27200.09,0.688655283797909,0.8502277851648027,0.01984432764189897,0.01950000000000001,0.0010000000000000182,19,30,983774.26,445403.15,
2026-08-27T14:55:09.174205+00:00,KXBTC15M-26AUG271100-00,2026-08-27T15:00:00Z,4.85,80383.64,80090.42,0.015,1651.54,0.016000000000000014,1780.92,300118.89,27974.29,300118.89,27974.29,300118.89,27974.29,-0.0376930830949232,0.8294735050573134,0.015481153458452543,0.015500000000000007,0.0010000000000000148,15,30,1058221.78,468297.45,
2026-08-27T14:55:29.361902+00:00,KXBTC15M-26AUG271100-00,2026-08-27T15:00:00Z,4.51,80383.64,80102.0,0.01,5233.02,0.01200000000000001,0.02,280249.2,33959.2,280249.2,33959.2,280249.2,33959.2,0.9999923562594589,0.7838428253350324,0.011999992356259469,0.011000000000000006,0.0020000000000000104,10,30,1224462.59,499925.96,
2026-08-27T14:55:49.520966+00:00,KXBTC15M-26AUG271100-00,2026-08-27T15:00:00Z,4.18,80383.64,80071.82,0.005,0.02,0.006000000000000005,597.02,258624.97,30109.66,258624.97,30109.66,258624.97,30109.66,-0.9999330028138819,0.7914371407406171,0.005000033498593059,0.005500000000000003,0.0010000000000000052,5,30,1224462.59,499925.96,
2026-08-27T14:56:09.718461+00:00,KXBTC15M-26AUG271100-00,2026-08-27T15:00:00Z,3.84,80383.64,80120.0,0.007,500.02,0.008000000000000007,3436.1,270763.41,32908.07,270763.41,32908.07,270763.41,32908.07,-0.7459325427070312,0.7832653234343903,0.0071270337286464865,0.007500000000000003,0.001000000000000007,7,30,1224462.59,499925.96,
2026-08-27T14:56:29.959182+00:00,KXBTC15M-26AUG271100-00,2026-08-27T15:00:00Z,3.5,80383.64,80116.39,0.006,2425.21,0.008000000000000007,12656.98,269819.96,42636.85,269819.96,42636.85,269819.96,42636.85,-0.678400815796645,0.7270864411628603,0.006321599184203356,0.007000000000000004,0.002000000000000007,6,30,1328122.54,523113.58,
2026-08-27T14:56:50.124960+00:00,KXBTC15M-26AUG271100-00,2026-08-27T15:00:00Z,3.17,80383.64,80189.59,0.017,0.01,0.018000000000000016,2162.23,277223.26,30024.28,277223.26,30024.28,277223.26,30024.28,-0.9999907503329878,0.8045596719830531,0.017000004624833507,0.01750000000000001,0.0010000000000000148,17,30,1383026.01,550566.33,
2026-08-27T14:57:10.310574+00:00,KXBTC15M-26AUG271100-00,2026-08-27T15:00:00Z,2.83,80383.64,80161.8,0.007,0.02,0.008000000000000007,208.0,274900.7,29614.15,274900.7,29614.15,274900.7,29614.15,-0.9998077107970387,0.8054994690735114,0.00700009614460148,0.007500000000000003,0.001000000000000007,7,30,1383026.01,550566.33,
2026-08-27T14:57:30.471900+00:00,KXBTC15M-26AUG271100-00,2026-08-27T15:00:00Z,2.49,80383.64,80211.88,0.015,0.02,0.016000000000000014,1676.86,282542.77999999997,27019.68,282542.77999999997,27019.68,282542.77999999997,27019.68,-0.9999761461762321,0.8254330967650276,0.015000011926911883,0.015500000000000007,0.0010000000000000148,13,30,1443123.41,570133.23,
2026-08-27T14:57:50.629733+00:00,KXBTC15M-26AUG271100-00,2026-08-27T15:00:00Z,2.16,80383.64,80195.93,0.005,2046.04,0.006000000000000005,8085.39,252237.43,40262.21,252237.43,40262.21,252237.43,40262.21,-0.5961004517624857,0.7247024987791437,0.005201949774118759,0.005500000000000003,0.0010000000000000052,5,30,1515147.07,607680.08,
2026-08-27T14:58:10.792392+00:00,KXBTC15M-26AUG271100-00,2026-08-27T15:00:00Z,1.82,80383.64,80221.44,0.006,5180.02,0.007000000000000006,4791.29,264733.82,37544.86,264733.82,37544.86,264733.82,37544.86,0.0389848475275566,0.7515877732428897,0.00651949242376378,0.006500000000000003,0.001000000000000006,6,30,1515147.07,607680.08,
2026-08-27T14:58:30.982525+00:00,KXBTC15M-26AUG271100-00,2026-08-27T15:00:00Z,1.49,80383.64,80219.83,0.003,3021.55,0.0040000000000000036,278.48,98682.33,39273.76,98682.33,39273.76,98682.33,39273.76,0.831225776735363,0.4306339067742497,0.003915612888367685,0.003500000000000002,0.0010000000000000035,3,30,1614737.25,648936.53,
2026-08-27T14:58:51.139182+00:00,KXBTC15M-26AUG271100-00,2026-08-27T15:00:00Z,1.15,80383.64,80233.07,0.001,12399.15,0.0020000000000000018,1974.91,12399.15,62407.61,12399.15,62407.61,12399.15,62407.61,0.7252119442940964,-0.6685018840543289,0.00186260597214705,0.001500000000000001,0.0010000000000000018,1,30,1800744.79,747114.65,
2026-08-27T14:59:11.323497+00:00,KXBTC15M-26AUG271100-00,2026-08-27T15:00:00Z,0.81,80383.64,80264.47,0.001,4852.06,0.0020000000000000018,10412.0,4852.06,77569.57,4852.06,77569.57,4852.06,77569.57,-0.36425040257965435,-0.882262459502439,0.0013178747987101732,0.001500000000000001,0.0010000000000000018,1,30,1800744.79,747114.65,
2026-08-27T14:59:31.516490+00:00,KXBTC15M-26AUG271100-00,2026-08-27T15:00:00Z,0.48,80383.64,80255.55,,0.0,0.0010000000000000009,20391.46,0,103233.27,0,103233.27,0,103233.27,-1.0,-1.0,,,,0,30,1939617.78,821897.28,
2026-08-27T15:00:31.876126+00:00,KXBTC15M-26AUG271115-15,2026-08-27T15:15:00Z,14.47,80241.25,80195.87,0.41,13411.26,0.42000000000000004,13718.57,28788.25,33792.36,67491.38,67284.52,177007.33,164169.86,-0.011327383916522863,-0.07996262740168242,0.41494336308041735,0.41500000000000004,0.010000000000000064,30,30,26677.60,19256.48,
2026-08-27T15:00:52.092098+00:00,KXBTC15M-26AUG271115-15,2026-08-27T15:15:00Z,14.13,80241.25,80239.54,0.5,102.02,0.51,11610.74,22238.04,53647.13,68694.85,77000.13,163125.0,183709.56,-0.982579682329357,-0.41390287456692787,0.5000871015883532,0.505,0.010000000000000009,30,30,26677.60,19256.48,
2026-08-27T15:01:12.255062+00:00,KXBTC15M-26AUG271115-15,2026-08-27T15:15:00Z,13.8,80241.25,80272.14,0.55,10376.68,0.56,3637.1,27022.88,29442.93,59083.81,68395.14,143161.59,167521.06,0.48092520362100727,-0.042858678552561265,0.557404626018105,0.555,0.010000000000000009,30,30,85364.06,49906.79,
2026-08-27T15:01:32.449967+00:00,KXBTC15M-26AUG271115-15,2026-08-27T15:15:00Z,13.46,80241.25,80312.16,0.65,888.32,0.6599999999999999,10352.62,25151.8,49283.71,62500.76,75138.9,131039.7,184005.57,-0.8419491608353039,-0.32419889378067,0.6507902541958235,0.655,0.009999999999999898,30,30,136506.14,69637.51,
2026-08-27T15:01:52.638670+00:00,KXBTC15M-26AUG271115-15,2026-08-27T15:15:00Z,13.12,80241.25,80332.24,0.66,12331.15,0.6699999999999999,4949.8,47206.3,37269.9,67333.52,80116.99,141836.0,168464.04,0.42713797563212663,0.11762366204919256,0.6671356898781605,0.665,0.009999999999999898,30,30,136506.14,69637.51,
2026-08-27T15:02:12.813521+00:00,KXBTC15M-26AUG271115-15,2026-08-27T15:15:00Z,12.79,80241.25,80339.19,0.67,702.0,0.6799999999999999,1598.0,12806.35,25630.15,31107.45,53188.36,99555.27,133550.54,-0.38956521739130434,-0.3336359970340692,0.6730521739130435,0.675,0.009999999999999898,30,30,216360.27,114098.07,
2026-08-27T15:02:32.979945+00:00,KXBTC15M-26AUG271115-15,2026-08-27T15:15:00Z,12.45,80241.25,80229.72,0.49,524.79,0.5,246.36,22208.14,17862.68,40619.67,32875.78,127249.4,104621.38,0.3610581598910717,0.10844449901449482,0.4968052907994554,0.495,0.010000000000000009,30,30,260814.50,135339.38,
2026-08-27T15:02:53.132161+00:00,KXBTC15M-26AUG271115-15,2026-08-27T15:15:00Z,12.12,80241.25,80245.25,0.52,5725.87,0.53,787.32,21081.19,26611.670000000002,55925.4,56819.67,143076.95,137586.76,0.758238282623415,-0.115960334523868,0.528791191413117,0.525,0.010000000000000009,30,30,260814.50,135339.38,
2026-08-27T15:03:13.296982+00:00,KXBTC15M-26AUG271115-15,2026-08-27T15:15:00Z,11.78,80241.25,80242.73,0.52,4777.39,0.53,7488.54,20729.17,27604.65,56918.08,59656.98,143980.53,138005.73,-0.22103093691224387,-0.14224987803571087,0.5238948453154388,0.525,0.010000000000000009,30,30,323389.00,151087.60,
2026-08-27T15:03:33.539292+00:00,KXBTC15M-26AUG271115-15,2026-08-27T15:15:00Z,11.44,80241.25,80174.57,0.37,6067.74,0.38,8523.04,40189.35,29568.940000000002,62425.3,64187.740000000005,168349.84,117675.97,-0.16827750127135088,0.15224584776949085,0.3741586124936432,0.375,0.010000000000000009,30,30,323389.00,151087.60,
2026-08-27T15:03:53.693472+00:00,KXBTC15M-26AUG271115-15,2026-08-27T15:15:00Z,11.11,80241.25,80149.3,0.34,1560.02,0.35,5259.02,17540.58,24432.78,55510.56,57785.28,148131.21,121072.23,-0.5424517234097468,-0.1642041523480607,0.34228774138295126,0.345,0.009999999999999953,30,30,395415.47,160380.07,
2026-08-27T15:04:13.870987+00:00,KXBTC15M-26AUG271115-15,2026-08-27T15:15:00Z,10.77,80241.25,80135.97,0.3,1836.88,0.31000000000000005,7336.41,38101.6,41791.28,63279.42,59166.5,152626.11,120955.31,-0.5995155500371185,-0.046182838821181564,0.3020024222498144,0.30500000000000005,0.010000000000000064,30,30,395415.47,160380.07,
2026-08-27T15:04:34.041183+00:00,KXBTC15M-26AUG271115-15,2026-08-27T15:15:00Z,10.43,80241.25,80188.75,0.39,5993.75,0.4,7233.67,23326.43,22756.36,34453.78,51333.21,117165.81,99361.09,-0.09373861266974211,0.012370561765032016,0.3945313069366513,0.395,0.010000000000000009,30,30,475557.13,192582.57,
2026-08-27T15:04:54.288134+00:00,KXBTC15M-26AUG271115-15,2026-08-27T15:15:00Z,10.1,80241.25,80224.14,0.46,4436.33,0.47,8700.15,15749.46,23976.39,29792.559999999998,52707.59,97758.12,112663.7,-0.32457857812747404,-0.20709261098252146,0.4633771071093626,0.46499999999999997,0.009999999999999953,30,30,536038.24,212126.90,
2026-08-27T15:05:14.486757+00:00,KXBTC15M-26AUG271115-15,2026-08-27T15:15:00Z,9.76,80241.25,80212.65,0.44,15181.74,0.44999999999999996,2441.04,33424.74,11343.22,63688.9,42836.42,119705.65,103492.01,0.7229676589051217,0.49324382884545104,0.4486148382945256,0.44499999999999995,0.009999999999999953,30,30,536038.24,212126.90,
2026-08-27T15:05:34.651630+00:00,KXBTC15M-26AUG271115-15,2026-08-27T15:15:00Z,9.42,80241.25,80292.77,0.65,10473.58,0.6599999999999999,5255.0,22315.13,37596.29,58760.18,53118.68,116831.56,121382.6,0.3317896466178129,-0.2550625573555092,0.656658948233089,0.655,0.009999999999999898,30,30,580194.27,225662.77,
2026-08-27T15:05:54.841114+00:00,KXBTC15M-26AUG271115-15,2026-08-27T15:15:00Z,9.09,80241.25,80357.8,0.73,10571.43,0.74,3640.01,29127.41,19042.86,42649.85,55096.009999999995,119981.14,101979.73999999999,0.48773523302353594,0.20935215849942296,0.7374386761651177,0.735,0.010000000000000009,30,30,643604.54,222717.29,
2026-08-27T15:06:15.017433+00:00,KXBTC15M-26AUG271115-15,2026-08-27T15:15:00Z,8.75,80241.25,80306.82,0.64,2200.33,0.65,4117.56,33356.73,20860.58,53354.74,51182.62,118130.17,112920.0,-0.3034604907651131,0.2304826631937291,0.6434826975461745,0.645,0.010000000000000009,30,30,643604.54,222717.29,
2026-08-27T15:06:35.191001+00:00,KXBTC15M-26AUG271115-15,2026-08-27T15:15:00Z,8.41,80241.25,80341.84,0.72,2913.39,0.73,7984.89,35631.81,24415.260000000002,52717.74,63306.92,116264.51,118129.95,-0.46534866052257784,0.18679595857050138,0.722673256697387,0.725,0.010000000000000009,30,30,753817.21,225934.02,
2026-08-27T15:06:55.442153+00:00,KXBTC15M-26AUG271115-15,2026-08-27T15:15:00Z,8.08,80241.25,80295.32,0.61,4332.87,0.63,7570.0,26590.97,30491.4,57483.86,62078.67,120910.99,133468.17,-0.2719621402233243,-0.06832985385855563,0.6172803785977667,0.62,0.020000000000000018,30,30,753817.21,225934.02,
2026-08-27T15:07:15.677290+00:00,KXBTC15M-26AUG271115-15,2026-08-27T15:15:00Z,7.74,80241.25,80285.76,0.63,7095.51,0.64,25.02,22872.35,18878.52,60946.55,50126.590000000004,123679.06999999999,120253.27,0.9929724332317958,0.09565860543744355,0.6399648621661589,0.635,0.010000000000000009,30,30,822780.30,248318.68,
2026-08-27T15:07:35.843932+00:00,KXBTC15M-26AUG271115-15,2026-08-27T15:15:00Z,7.4,80241.25,80319.99,0.66,493.32,0.6699999999999999,13946.43,9948.449999999999,49723.61,43630.01,75372.86,101222.16,133358.75,-0.9316719472290033,-0.6665625420003936,0.660341640263855,0.665,0.009999999999999898,30,30,822780.30,248318.68,
2026-08-27T15:07:56.159672+00:00,KXBTC15M-26AUG271115-15,2026-08-27T15:15:00Z,7.07,80241.25,80191.84,0.38,9694.28,0.39,506.13,44544.96,22625.15,61505.67,38945.82,128100.72,102305.74,0.900762812475185,0.326332798919043,0.38950381406237594,0.385,0.010000000000000009,30,30,872889.26,264567.51,
2026-08-27T15:08:16.348161+00:00,KXBTC15M-26AUG271115-15,2026-08-27T15:15:00Z,6.73,80241.25,80172.19,0.36,24.78,0.37,4942.03,19540.71,18900.14,49984.43,52876.969999999994,108989.37,121474.83,-0.9900217644725691,0.016663783449117273,0.3600498911776372,0.365,0.010000000000000009,30,30,953300.84,260189.93,
2026-08-27T15:08:36.539074+00:00,KXBTC15M-26AUG271115-15,2026-08-27T15:15:00Z,6.39,80241.25,80252.9,0.61,9974.77,0.62,693.0,29035.34,10252.89,68740.54000000001,42593.84,142780.0,109403.54000000001,0.8700759390200576,0.47806811352916645,0.6193503796951003,0.615,0.010000000000000009,30,30,953300.84,260189.93,
2026-08-27T15:08:56.993571+00:00,KXBTC15M-26AUG271115-15,2026-08-27T15:15:00Z,6.05,80241.25,80253.72,0.54,2798.93,0.55,551.0,26302.0,23738.920000000002,65949.49,58713.020000000004,134947.38,130493.48,0.6710379022845253,0.051219681812404695,0.5483551895114226,0.545,0.010000000000000009,30,30,1036213.47,266366.62,
2026-08-27T15:09:17.227868+00:00,KXBTC15M-26AUG271115-15,2026-08-27T15:15:00Z,5.71,80241.25,80294.22,0.67,4170.34,0.6799999999999999,8392.96,22233.12,28613.32,54527.9,71196.83,145021.18,127636.16,-0.3361075513599133,-0.12547977793528908,0.6733194622432004,0.675,0.009999999999999898,30,30,1110775.35,256466.41,
2026-08-27T15:09:37.404181+00:00,KXBTC15M-26AUG271115-15,2026-08-27T15:15:00Z,5.38,80241.25,80271.39,0.65,549.78,0.6599999999999999,1.0,56093.979999999996,8822.05,84487.29,40310.7,166869.35,111775.31,0.9963687860851883,0.7282011854390972,0.6599818439304258,0.655,0.009999999999999898,30,30,1110775.35,256466.41,
2026-08-27T15:09:57.710321+00:00,KXBTC15M-26AUG271115-15,2026-08-27T15:15:00Z,5.04,80241.25,80339.23,0.78,4556.7,0.79,3632.33,20224.78,43314.72,54056.299999999996,62972.51,143373.04,104541.61,0.11287905893616215,-0.36339505347067574,0.7855643952946808,0.785,0.010000000000000009,30,30,1178296.88,269795.69,
2026-08-27T15:10:17.900050+00:00,KXBTC15M-26AUG271115-15,2026-08-27T15:15:00Z,4.7,80241.25,80347.39,0.83,5076.76,0.84,6953.81,41410.67,45877.65,55990.270000000004,91394.65,140529.44,91394.65,-0.15602336381401713,-0.0511750025662082,0.8342198831809299,0.835,0.010000000000000009,30,30,1244938.65,274308.57,
2026-08-27T15:10:38.060011+00:00,KXBTC15M-26AUG271115-15,2026-08-27T15:15:00Z,4.37,80241.25,80363.09,0.83,2845.27,0.84,8908.01,16132.94,55501.94,44046.14,183539.32,131806.53,185539.32,-0.5158338778621797,-0.5495786410195703,0.832420830610689,0.835,0.010000000000000009,30,30,1244938.65,274308.57,
2026-08-27T15:10:58.223139+00:00,KXBTC15M-26AUG271115-15,2026-08-27T15:15:00Z,4.03,80241.25,80299.28,0.72,6954.17,0.73,788.74,44622.990000000005,29224.37,63373.61,66926.47,157370.61,117900.09,0.7962678114558998,0.20851957334696875,0.7289813390572795,0.725,0.010000000000000009,30,30,1313899.49,290834.24,
2026-08-27T15:11:18.501719+00:00,KXBTC15M-26AUG271115-15,2026-08-27T15:15:00Z,3.69,80241.25,80320.92,0.77,4724.75,0.78,7141.49,18175.16,49822.14,50485.98,65414.46,144852.63999999998,111083.95,-0.20366518796181435,-0.46541524442882287,0.7739816740601909,0.775,0.010000000000000009,30,30,1313899.49,290834.24,
2026-08-27T15:11:38.678451+00:00,KXBTC15M-26AUG271115-15,2026-08-27T15:15:00Z,3.36,80241.25,80356.34,0.921,0.02,0.922,500.0,15607.380000000001,148386.55,46953.33,148386.55,80476.0,148386.55,-0.9999200031998721,-0.8096590526246916,0.9210000399984001,0.9215,0.0010000000000000009,30,30,1390697.46,311515.84,
2026-08-27T15:11:58.849654+00:00,KXBTC15M-26AUG271115-15,2026-08-27T15:15:00Z,3.02,80241.25,80372.9,0.912,15.0,0.9319999999999999,619.29,25996.82,139199.91,43397.340000000004,139199.91,110024.12,139199.91,-0.9527030222768765,-0.6852622930248073,0.9124729697772312,0.9219999999999999,0.019999999999999907,30,30,1390697.46,311515.84,
2026-08-27T15:12:19.111225+00:00,KXBTC15M-26AUG271115-15,2026-08-27T15:15:00Z,2.68,80241.25,80392.4,0.964,0.02,0.966,1574.32,43666.38,260794.02,43666.38,260794.02,43666.38,260794.02,-0.9999745925276624,-0.7131556025020003,0.9640000254074724,0.965,0.0020000000000000018,30,29,1506396.26,338093.04,
2026-08-27T15:12:39.302929+00:00,KXBTC15M-26AUG271115-15,2026-08-27T15:15:00Z,2.35,80241.25,80420.74,0.988,0.02,0.989,130.02,46294.55,194661.49,46294.55,194661.49,46294.55,194661.49,-0.999692402337742,-0.6157427720010672,0.9880001537988311,0.9884999999999999,0.0010000000000000009,30,11,1640317.33,359646.40,
2026-08-27T15:12:59.566020+00:00,KXBTC15M-26AUG271115-15,2026-08-27T15:15:00Z,2.01,80241.25,80540.56,0.995,0.01,0.996,7438.18,39445.78,200791.12,39445.78,200791.12,39445.78,200791.12,-0.9999973111738204,-0.6716093156380223,0.9950000013444131,0.9955,0.0010000000000000009,30,4,1640317.33,359646.40,
2026-08-27T15:13:19.755020+00:00,KXBTC15M-26AUG271115-15,2026-08-27T15:15:00Z,1.67,80241.25,80719.78,0.999,58321.7,,0.0,141922.75,0,141922.75,0,141922.75,0,1.0,1.0,,,,30,0,1862713.13,443686.01,
2026-08-27T15:13:39.928061+00:00,KXBTC15M-26AUG271115-15,2026-08-27T15:15:00Z,1.34,80241.25,80774.94,0.999,82851.97,,0.0,174562.2,0,174562.2,0,174562.2,0,1.0,1.0,,,,30,0,2211855.35,598692.54,
2026-08-27T15:14:00.101951+00:00,KXBTC15M-26AUG271115-15,2026-08-27T15:15:00Z,1.0,80241.25,80742.62,0.999,495057.7,,0.0,581505.9500000001,0,581505.9500000001,0,581505.9500000001,0,1.0,1.0,,,,30,0,2211855.35,598692.54,
2026-08-27T15:14:20.298092+00:00,KXBTC15M-26AUG271115-15,2026-08-27T15:15:00Z,0.66,80241.25,80746.43,0.999,479541.48,,0.0,581796.23,0,581796.23,0,581796.23,0,1.0,1.0,,,,30,0,2278185.11,622574.83,
2026-08-27T15:14:40.466423+00:00,KXBTC15M-26AUG271115-15,2026-08-27T15:15:00Z,0.33,80241.25,80664.88,0.999,474768.25,,0.0,574797.73,0,574797.73,0,574797.73,0,1.0,1.0,,,,30,0,2278185.11,622574.83,
2026-08-27T15:15:20.703741+00:00,KXBTC15M-26AUG271130-30,2026-08-27T15:30:00Z,14.66,80713.4,80687.71,0.42,3142.34,0.43000000000000005,11904.44,38875.34,45937.49,82448.34,66626.58,193895.67,171893.26,-0.5823239257834567,-0.08326747262177199,0.42208838037108276,0.42500000000000004,0.010000000000000064,30,30,12412.92,9937.91,
2026-08-27T15:15:40.867754+00:00,KXBTC15M-26AUG271130-30,2026-08-27T15:30:00Z,14.32,80713.4,80660.98,0.4,0.17,0.41000000000000003,13398.8,21176.059999999998,49116.17,58359.31,67032.13,168006.18,163684.16,-0.9999746249151987,-0.39748504208786667,0.4000001268754241,0.405,0.010000000000000009,30,30,12412.92,9937.91,
2026-08-27T15:16:01.038438+00:00,KXBTC15M-26AUG271130-30,2026-08-27T15:30:00Z,13.98,80713.4,80638.44,0.37,3528.02,0.38,7508.02,33926.54,26601.53,73247.76,61448.479999999996,181547.09,153836.02,-0.36063660515909696,0.12101839691898324,0.3731968169742045,0.375,0.010000000000000009,30,30,99727.22,73503.99,
2026-08-27T15:16:21.209472+00:00,KXBTC15M-26AUG271130-30,2026-08-27T15:30:00Z,13.65,80713.4,80584.53,0.3,1218.02,0.31000000000000005,15557.83,26544.95,48453.47,69476.96,68240.56999999999,146157.73,155339.89,-0.8547888780598301,-0.29211975398948403,0.3007260556097009,0.30500000000000005,0.010000000000000064,30,30,183329.74,126154.53,
2026-08-27T15:16:41.493294+00:00,KXBTC15M-26AUG271130-30,2026-08-27T15:30:00Z,13.31,80713.4,80488.2,0.25,5187.41,0.26,3366.46,42966.76,35738.89,70354.18,53847.83,121907.67,137322.59,0.21288025186260723,0.09183419487673379,0.256064401259313,0.255,0.010000000000000009,30,30,183329.74,126154.53,
2026-08-27T15:17:01.649877+00:00,KXBTC15M-26AUG271130-30,2026-08-27T15:30:00Z,12.97,80713.4,80542.84,0.28,867.03,0.29000000000000004,11645.04,19651.81,48412.12,59688.439999999995,65100.14,135450.7,151309.63,-0.8614090234469596,-0.4225484775857051,0.28069295488276524,0.28500000000000003,0.010000000000000009,30,30,287808.88,150785.07,
2026-08-27T15:17:21.812380+00:00,KXBTC15M-26AUG271130-30,2026-08-27T15:30:00Z,12.64,80713.4,80562.1,0.3,2250.02,0.31000000000000005,3233.38,36917.98,20249.23,58329.66,54774.12,129887.11,141274.22,-0.1793339898603057,0.29157886137875194,0.3041033300506985,0.30500000000000005,0.010000000000000064,30,30,362276.99,167139.91,
2026-08-27T15:17:42.077046+00:00,KXBTC15M-26AUG271130-30,2026-08-27T15:30:00Z,12.3,80713.4,80656.48,0.42,4418.65,0.43000000000000005,6647.37,29151.15,43635.81,65815.6,63272.439999999995,148314.66,150251.67,-0.20140213012447114,-0.19900075508030557,0.4239929893493776,0.42500000000000004,0.010000000000000064,30,30,362276.99,167139.91,
2026-08-27T15:18:02.251812+00:00,KXBTC15M-26AUG271130-30,2026-08-27T15:30:00Z,11.96,80713.4,80744.67,0.53,2599.25,0.54,999.98,21313.47,31818.25,52973.92,70810.70999999999,119205.32,173673.24,0.4443367053508667,-0.197712025885855,0.5372216835267544,0.535,0.010000000000000009,30,30,426460.88,183779.56,
2026-08-27T15:18:22.419709+00:00,KXBTC15M-26AUG271130-30,2026-08-27T15:30:00Z,11.63,80713.4,80713.46,0.45,4113.23,0.45999999999999996,6500.83,23554.0,29321.97,54155.42,69626.17,129831.05,158054.35,-0.22494691004196327,-0.10908490189399837,0.4538752654497902,0.45499999999999996,0.009999999999999953,30,30,537940.85,212645.73,
2026-08-27T15:18:42.606870+00:00,KXBTC15M-26AUG271130-30,2026-08-27T15:30:00Z,11.29,80713.4,80655.01,0.42,5606.04,0.43000000000000005,5170.61,27149.489999999998,33647.409999999996,61139.43,67977.4,139100.69,153902.06,0.040404949590086,-0.10687913364003755,0.4252020247479504,0.42500000000000004,0.010000000000000064,30,30,537940.85,212645.73,
2026-08-27T15:19:02.768028+00:00,KXBTC15M-26AUG271130-30,2026-08-27T15:30:00Z,10.96,80713.4,80644.32,0.38,6017.43,0.39,6092.65,30304.6,28836.3,69357.09,65845.63,157994.45,146967.2,-0.006211354507980075,0.024827150077188536,0.38496894322746006,0.385,0.010000000000000009,30,30,598773.06,229327.06,
2026-08-27T15:19:22.935747+00:00,KXBTC15M-26AUG271130-30,2026-08-27T15:30:00Z,10.62,80713.4,80661.98,0.41,13595.25,0.42000000000000004,995.91,35215.04,20868.4,70771.83,55210.590000000004,154818.16,139861.45,0.8634913194016103,0.25580884482121635,0.41931745659700803,0.41500000000000004,0.010000000000000064,30,30,598773.06,229327.06,
2026-08-27T15:19:43.117191+00:00,KXBTC15M-26AUG271130-30,2026-08-27T15:30:00Z,10.28,80713.4,80711.72,0.46,4960.62,0.47,8846.76,21030.81,27202.370000000003,50308.19,59102.64,126780.20999999999,159425.58000000002,-0.281453831212004,-0.12795258367787488,0.46359273084394,0.46499999999999997,0.009999999999999953,30,30,650470.96,243263.27,
2026-08-27T15:20:03.286974+00:00,KXBTC15M-26AUG271130-30,2026-08-27T15:30:00Z,9.95,80713.4,80650.52,0.34,2742.28,0.35,10733.03,24211.29,33500.79,55817.93,78559.89,137197.62,158225.05000000002,-0.5929919237479508,-0.16096283481725143,0.34203504038126026,0.345,0.009999999999999953,30,30,650470.96,243263.27,
2026-08-27T15:20:23.545708+00:00,KXBTC15M-26AUG271130-30,2026-08-27T15:30:00Z,9.61,80713.4,80612.07,0.32,1912.01,0.33999999999999997,10603.27,23319.43,26835.7,57033.67,52496.9,128441.70999999999,131380.67,-0.6944519019950013,-0.07010788328133134,0.32305548098005,0.32999999999999996,0.019999999999999962,30,30,700312.64,248128.57,
2026-08-27T15:20:43.876820+00:00,KXBTC15M-26AUG271130-30,2026-08-27T15:30:00Z,9.27,80713.4,80588.67,0.27,5703.89,0.28,7009.2,38556.76,29703.72,70214.49,63005.17,132584.56,140392.83,-0.10267448747708068,0.1296949567304537,0.27448662756261466,0.275,0.010000000000000009,30,30,753335.99,253906.37,
2026-08-27T15:21:04.208418+00:00,KXBTC15M-26AUG271130-30,2026-08-27T15:30:00Z,8.93,80713.4,80616.8,0.27,6564.36,0.28,38.0,22890.25,14616.69,51465.91,28392.14,111281.79,100072.16,0.9884889645520692,0.22058744328382957,0.2799424448227604,0.275,0.010000000000000009,30,30,753335.99,253906.37,
2026-08-27T15:21:24.364022+00:00,KXBTC15M-26AUG271130-30,2026-08-27T15:30:00Z,8.6,80713.4,80574.24,0.22,3581.04,0.22999999999999998,9896.13,48400.67,45651.34,74499.34,63745.77,119009.0,147991.42,-0.4685768599787641,0.029232017476287873,0.2226571157001062,0.22499999999999998,0.009999999999999981,30,30,807218.49,277380.12,
2026-08-27T15:21:44.642054+00:00,KXBTC15M-26AUG271130-30,2026-08-27T15:30:00Z,8.26,80713.4,80471.57,0.098,558.77,0.09899999999999998,1285.35,66330.4,33717.5,66330.4,49168.78,66330.4,120860.13,-0.3939982213738802,0.3259728590005387,0.09830300088931306,0.09849999999999999,0.0009999999999999731,30,30,862316.29,294549.15,
2026-08-27T15:22:04.836185+00:00,KXBTC15M-26AUG271130-30,2026-08-27T15:30:00Z,7.92,80713.4,80472.21,0.098,653.89,0.09899999999999998,49.09,140754.98,36079.6,140754.98,51924.450000000004,140754.98,123292.13,0.8603374206947565,0.591939540331987,0.09893016871034735,0.09849999999999999,0.0009999999999999731,30,30,862316.29,294549.15,
2026-08-27T15:22:24.994849+00:00,KXBTC15M-26AUG271130-30,2026-08-27T15:30:00Z,7.58,80713.4,80495.64,0.13,477.54,0.14,12157.02,24219.1,30468.99,55302.4,44498.27,55302.4,113568.25,-0.9244073398677911,-0.11428246991255324,0.13037796330066104,0.135,0.010000000000000009,30,30,941413.91,322769.01,
2026-08-27T15:22:45.201986+00:00,KXBTC15M-26AUG271130-30,2026-08-27T15:30:00Z,7.25,80713.4,80463.11,0.096,243.52,0.09699999999999998,3.0,51118.58,42507.22,51118.58,56347.24,51118.58,121414.46,0.9756612039591108,0.09197635694434654,0.09698783060197953,0.09649999999999999,0.0009999999999999731,30,30,941413.91,322769.01,
2026-08-27T15:23:05.551238+00:00,KXBTC15M-26AUG271130-30,2026-08-27T15:30:00Z,6.91,80713.4,80475.15,0.085,493.98,0.08599999999999997,275.01,141019.05,28854.91,141019.05,62406.86,141019.05,116990.95,0.2847501267896852,0.660278597143435,0.08564237506339482,0.08549999999999999,0.0009999999999999593,30,30,1009343.32,320681.03,
2026-08-27T15:23:25.712655+00:00,KXBTC15M-26AUG271130-30,2026-08-27T15:30:00Z,6.57,80713.4,80466.43,0.072,325.43,0.07299999999999995,959.91,61139.54,47505.729999999996,61139.54,66283.83,61139.54,69598.12,-0.49362814508223507,0.12548921826049128,0.07225318592745887,0.07249999999999998,0.0009999999999999593,30,30,1098925.25,333116.27,
2026-08-27T15:23:45.875920+00:00,KXBTC15M-26AUG271130-30,2026-08-27T15:30:00Z,6.24,80713.4,80565.78,0.15,37.58,0.16000000000000003,7537.66,33334.53,49028.21,144897.6,62689.39,144897.6,143566.07,-0.9900782021427704,-0.19054344233812526,0.15004960898928613,0.15500000000000003,0.010000000000000037,30,30,1098925.25,333116.27,
2026-08-27T15:24:06.087210+00:00,KXBTC15M-26AUG271130-30,2026-08-27T15:30:00Z,5.9,80713.4,80543.39,0.12,3656.07,0.13,755.01,58492.83,21600.690000000002,168478.68,54408.16,168478.68,130796.53,0.6576756712641803,0.4606132930604123,0.1282883783563209,0.125,0.010000000000000009,30,30,1205259.06,350617.26,
2026-08-27T15:24:26.258150+00:00,KXBTC15M-26AUG271130-30,2026-08-27T15:30:00Z,5.56,80713.4,80528.8,0.11,4361.39,0.12,5055.76,114237.66,43022.7,118437.66,62772.63,118437.66,136120.25,-0.07373462247070502,0.45284749443534283,0.11463132688764645,0.11499999999999999,0.009999999999999995,30,30,1278946.24,358450.19,
2026-08-27T15:24:46.462419+00:00,KXBTC15M-26AUG271130-30,2026-08-27T15:30:00Z,5.23,80713.4,80569.95,0.15,3150.02,0.16000000000000003,4940.06,36652.84,26999.57,66370.3,59119.92,66370.3,140419.15,-0.22126357217728385,0.1516560017130537,0.15389368213911359,0.15500000000000003,0.010000000000000037,30,30,1278946.24,358450.19,
2026-08-27T15:25:06.622108+00:00,KXBTC15M-26AUG271130-30,2026-08-27T15:30:00Z,4.89,80713.4,80533.88,0.1,8868.87,0.10999999999999999,333.06,63787.85,39579.86,63787.85,67516.99,63787.85,140606.41,0.927610838161125,0.2341929602580922,0.10963805419080562,0.105,0.009999999999999981,30,30,1357139.89,377547.06,
2026-08-27T15:25:26.786940+00:00,KXBTC15M-26AUG271130-30,2026-08-27T15:30:00Z,4.56,80713.4,80549.13,0.1,5560.23,0.10999999999999999,3962.57,63102.19,38575.6,63102.19,65042.33,63102.19,138589.62,0.16777208384088707,0.2412187558364516,0.10583886041920444,0.105,0.009999999999999981,30,30,1357139.89,377547.06,
2026-08-27T15:25:46.950604+00:00,KXBTC15M-26AUG271130-30,2026-08-27T15:30:00Z,4.22,80713.4,80566.39,0.13,6368.46,0.14,74.76,34070.84,37157.71,149295.22,54357.26,149295.22,131575.67,0.9767942115898571,-0.04333753810796377,0.13988397105794928,0.135,0.010000000000000009,30,30,1423493.92,385896.45,
2026-08-27T15:26:07.119783+00:00,KXBTC15M-26AUG271130-30,2026-08-27T15:30:00Z,3.88,80713.4,80574.01,0.084,250.01,0.08799999999999997,1800.01,136737.66999999998,12445.37,136737.66999999998,45972.67,136737.66999999998,95255.25,-0.7560901844860051,0.8331530179301884,0.08448781963102799,0.086,0.003999999999999962,30,30,1484890.14,394707.97,
2026-08-27T15:26:27.278173+00:00,KXBTC15M-26AUG271130-30,2026-08-27T15:30:00Z,3.55,80713.4,80579.07,0.096,5137.01,0.09799999999999998,2001.01,54177.77,41198.23,54177.77,56497.78,54177.77,127514.4,0.43933751936811605,0.13608811441033378,0.0974393375193681,0.09699999999999999,0.001999999999999974,30,30,1484890.14,394707.97,
2026-08-27T15:26:47.486213+00:00,KXBTC15M-26AUG271130-30,2026-08-27T15:30:00Z,3.21,80713.4,80562.68,0.052,34.01,0.05500000000000005,2017.02,67160.87,33886.71,67160.87,33886.71,67160.87,33886.71,-0.9668361749950024,0.3292920028366835,0.05204974573750748,0.05350000000000002,0.0030000000000000512,30,30,1576302.54,425644.38,
2026-08-27T15:27:07.725214+00:00,KXBTC15M-26AUG271130-30,2026-08-27T15:30:00Z,2.87,80713.4,80599.99,0.12,502.01,0.13,602.19,34614.11,15937.26,48810.12,33903.98,48810.12,101414.06,-0.0907263176960696,0.3694627860728601,0.12454636841151966,0.125,0.010000000000000009,30,30,1671401.73,435624.88,
2026-08-27T15:27:27.904857+00:00,KXBTC15M-26AUG271130-30,2026-08-27T15:30:00Z,2.54,80713.4,80691.33,0.39,6282.42,0.4,124.86,40862.87,17453.8,56495.89,49334.71,149894.6,125716.83,0.9610255833988839,0.40141300935049967,0.3998051279169945,0.395,0.010000000000000009,30,30,1671401.73,435624.88,
2026-08-27T15:27:48.085534+00:00,KXBTC15M-26AUG271130-30,2026-08-27T15:30:00Z,2.2,80713.4,80691.91,0.36,644.34,0.37,8256.16,27343.29,22912.39,58566.09,57562.15,137193.47,136844.98,-0.8552126285040166,0.08816714846958595,0.3607239368574799,0.365,0.010000000000000009,30,30,1671401.73,435624.88,
2026-08-27T15:28:08.382227+00:00,KXBTC15M-26AUG271130-30,2026-08-27T15:30:00Z,1.86,80713.4,80632.08,0.12,0.01,0.13,8394.2,30356.86,46977.98,43146.87,73657.98,43146.87,150764.03,-0.9999976174053306,-0.21492408854793005,0.12000001191297334,0.125,0.010000000000000009,30,30,1831184.45,416563.47,
2026-08-27T15:28:28.655421+00:00,KXBTC15M-26AUG271130-30,2026-08-27T15:30:00Z,1.53,80713.4,80644.75,0.14,11105.78,0.15000000000000002,7384.92,50584.74,44974.04,161816.46,65303.77,161816.46,141857.0,0.20122872579188458,0.05871464662901721,0.14600614362895947,0.14500000000000002,0.010000000000000009,30,30,1945590.42,423425.52,
2026-08-27T15:28:48.924139+00:00,KXBTC15M-26AUG271130-30,2026-08-27T15:30:00Z,1.19,80713.4,80649.73,0.076,1683.58,0.07699999999999996,935.5,108706.71,45950.58,108706.71,66320.64,108706.71,85912.49,0.2856270140660079,0.405775440653331,0.07664281350703298,0.07649999999999998,0.0009999999999999593,30,30,1945590.42,423425.52,
2026-08-27T15:29:09.171513+00:00,KXBTC15M-26AUG271130-30,2026-08-27T15:30:00Z,0.85,80713.4,80670.23,0.03,1186.94,0.040000000000000036,10.0,110716.61,34322.19,110716.61,34322.19,110716.61,34322.19,0.9832907246812705,0.5267171267274688,0.03991645362340639,0.03500000000000002,0.010000000000000037,26,30,2142009.91,432431.46,
2026-08-27T15:29:29.415102+00:00,KXBTC15M-26AUG271130-30,2026-08-27T15:30:00Z,0.51,80713.4,80649.46,0.001,635.02,0.0020000000000000018,9952.26,635.02,57637.92,635.02,57637.92,635.02,57637.92,-0.8800409548061446,-0.9782053213721499,0.0010599795225969277,0.001500000000000001,0.0010000000000000018,1,30,2351160.78,474652.59,
2026-08-27T15:30:29.686988+00:00,KXBTC15M-26AUG271145-45,2026-08-27T15:45:00Z,14.51,80634.34,80568.02,0.39,36.84,0.4,15868.51,27311.04,38575.64,62287.69,68814.55,186733.11,161383.3,-0.9953675964376766,-0.1709693066944639,0.39002316201781156,0.395,0.010000000000000009,30,30,41805.86,28911.28,
2026-08-27T15:30:49.847966+00:00,KXBTC15M-26AUG271145-45,2026-08-27T15:45:00Z,14.17,80634.34,80543.82,0.35,4703.01,0.36,5981.08,34319.72,38831.299999999996,75293.35,59536.84,187675.65,149684.93,-0.11962366472015863,-0.06167487480010525,0.3544018816763992,0.355,0.010000000000000009,30,30,41805.86,28911.28,
2026-08-27T15:31:10.060380+00:00,KXBTC15M-26AUG271145-45,2026-08-27T15:45:00Z,13.83,80634.34,80525.0,0.33,9538.02,0.33999999999999997,1565.29,46698.47,26007.65,74582.87,64085.75,166417.81,151618.07,0.718049842794626,0.2845815455425211,0.33859024921397307,0.33499999999999996,0.009999999999999953,30,30,155083.74,98840.14,
2026-08-27T15:31:30.216022+00:00,KXBTC15M-26AUG271145-45,2026-08-27T15:45:00Z,13.5,80634.34,80476.23,0.28,801.07,0.29000000000000004,14622.67,23534.79,51259.49,66511.09999999999,68780.69,141244.77,141890.43,-0.8961250643488544,-0.37067941559167356,0.2805193746782557,0.28500000000000003,0.010000000000000009,30,30,155083.74,98840.14,
2026-08-27T15:31:50.434617+00:00,KXBTC15M-26AUG271145-45,2026-08-27T15:45:00Z,13.16,80634.34,80460.02,0.28,5815.19,0.29000000000000004,4044.54,23411.92,43307.9,65510.18,62646.1,133913.41,140166.73,0.1795840251203633,-0.2982019435903754,0.2858979201256019,0.28500000000000003,0.010000000000000009,30,30,244723.31,160840.57,
2026-08-27T15:32:10.687089+00:00,KXBTC15M-26AUG271145-45,2026-08-27T15:45:00Z,12.82,80634.34,80479.47,0.27,8004.92,0.28,1967.22,24407.91,46956.65,70546.61,68117.75,133367.06,146451.06,0.605456802652189,-0.31596551565651076,0.278027284013261,0.275,0.010000000000000009,30,30,244723.31,160840.57,
2026-08-27T15:32:30.839757+00:00,KXBTC15M-26AUG271145-45,2026-08-27T15:45:00Z,12.49,80634.34,80462.28,0.24,7549.08,0.25,1272.65,50361.6,26645.28,76281.08,67234.62,123271.96,139441.51,0.7114738265623637,0.3079766379315718,0.24855736913281185,0.245,0.010000000000000009,30,30,321001.70,218005.02,
2026-08-27T15:32:51.114225+00:00,KXBTC15M-26AUG271145-45,2026-08-27T15:45:00Z,12.15,80634.34,80494.15,0.27,5350.51,0.28,527.57,19816.94,16187.23,50667.64,35124.340000000004,121917.85,105927.43000000001,0.820495808155044,0.10081360020242097,0.2791024790407753,0.275,0.010000000000000009,30,30,386261.22,264681.57,
2026-08-27T15:33:11.307952+00:00,KXBTC15M-26AUG271145-45,2026-08-27T15:45:00Z,11.81,80634.34,80500.71,0.29,449.89,0.30000000000000004,5920.27,17588.95,51452.62,59392.1,69451.04,144279.06,149229.01,-0.8587508006078339,-0.4904823282552815,0.2907062459969608,0.29500000000000004,0.010000000000000064,30,30,386261.22,264681.57,
2026-08-27T15:33:31.609456+00:00,KXBTC15M-26AUG271145-45,2026-08-27T15:45:00Z,11.47,80634.34,80486.55,0.26,2197.25,0.27,12281.57,16349.85,50633.76,63988.55,72232.87,134532.34,150055.51,-0.6964876972018438,-0.5118253554862152,0.2615175615139908,0.265,0.010000000000000009,30,30,427835.08,287713.08,
2026-08-27T15:33:51.847741+00:00,KXBTC15M-26AUG271145-45,2026-08-27T15:45:00Z,11.14,80634.34,80491.09,0.25,5231.28,0.26,3793.89,45483.29,37282.04,73798.84,65540.56,138924.75,140124.55,0.15926459002988308,0.09909040415835954,0.2557963229501494,0.255,0.010000000000000009,30,30,463005.76,311216.96,
2026-08-27T15:34:12.084733+00:00,KXBTC15M-26AUG271145-45,2026-08-27T15:45:00Z,10.8,80634.34,80500.0,0.25,778.91,0.26,8550.41,41788.42,40606.19,67429.52,70010.38,142092.61,145204.37,-0.833018912418054,0.014348390022114261,0.2508349054379097,0.255,0.010000000000000009,30,30,463005.76,311216.96,
2026-08-27T15:34:32.259528+00:00,KXBTC15M-26AUG271145-45,2026-08-27T15:45:00Z,10.46,80634.34,80443.59,0.17,7097.57,0.18000000000000005,3952.04,48736.15,40984.03,114903.51,59608.76,116907.51,133821.12,0.2846733957126088,0.08640330413960386,0.17642336697856306,0.17500000000000004,0.010000000000000037,30,30,489040.90,321259.93,
2026-08-27T15:34:52.469501+00:00,KXBTC15M-26AUG271145-45,2026-08-27T15:45:00Z,10.13,80634.34,80443.26,0.17,7129.45,0.18000000000000005,3419.09,44649.37,46364.96,108878.08,67800.69,110882.08,141118.89,0.3517415680274236,-0.018849669057608803,0.17675870784013714,0.17500000000000004,0.010000000000000037,30,30,489040.90,321259.93,
2026-08-27T15:35:12.635853+00:00,KXBTC15M-26AUG271145-45,2026-08-27T15:45:00Z,9.79,80634.34,80435.78,0.16,5262.13,0.17000000000000004,5726.87,58708.149999999994,45584.88,111329.28,68663.61,111329.28,141909.18,-0.042291382291382275,0.125830748229292,0.1647885430885431,0.16500000000000004,0.010000000000000037,30,30,540465.21,339111.90,
2026-08-27T15:35:33.046087+00:00,KXBTC15M-26AUG271145-45,2026-08-27T15:45:00Z,9.45,80634.34,80452.41,0.16,6433.33,0.17000000000000004,2947.65,58030.54,39893.340000000004,108407.11,61894.07,108407.11,136576.65,0.3715688552795124,0.1852173341170713,0.16685784427639758,0.16500000000000004,0.010000000000000037,30,30,570641.58,346912.13,
2026-08-27T15:35:53.221818+00:00,KXBTC15M-26AUG271145-45,2026-08-27T15:45:00Z,9.11,80634.34,80468.02,0.18,8617.26,0.18999999999999995,2584.07,53149.94,28013.31,100925.45999999999,61353.52,113183.03,140486.06,0.5386137181923932,0.3097045768867067,0.18769306859096194,0.18499999999999997,0.009999999999999953,30,30,570641.58,346912.13,
2026-08-27T15:36:13.383688+00:00,KXBTC15M-26AUG271145-45,2026-08-27T15:45:00Z,8.78,80634.34,80473.39,0.18,3680.5,0.18999999999999995,5715.44,47317.54,34803.5,95187.06,52048.24,109437.82,129140.65,-0.21657652134858246,0.15238530832049862,0.18391711739325708,0.18499999999999997,0.009999999999999953,30,30,612098.62,355285.25,
2026-08-27T15:36:33.549896+00:00,KXBTC15M-26AUG271145-45,2026-08-27T15:45:00Z,8.44,80634.34,80473.78,0.19,1148.83,0.19999999999999996,9601.23,20361.510000000002,23820.18,77074.21,39566.06,104033.72,109806.58,-0.7862653789839312,-0.07828288143798931,0.19106867310508033,0.19499999999999998,0.009999999999999953,30,30,644313.66,365361.29,
2026-08-27T15:36:53.794017+00:00,KXBTC15M-26AUG271145-45,2026-08-27T15:45:00Z,8.11,80634.34,80420.0,0.12,2620.35,0.13,9772.93,77447.23,46764.05,86056.51,72289.21,86056.51,146928.49,-0.577133736992951,0.24702410280290157,0.12211433131503525,0.125,0.010000000000000009,30,30,644313.66,365361.29,
2026-08-27T15:37:14.052688+00:00,KXBTC15M-26AUG271145-45,2026-08-27T15:45:00Z,7.77,80634.34,80472.82,0.17,2749.4,0.18000000000000005,3993.45,38295.89,36505.39,91456.19,72746.11,95615.19,144079.22,-0.18449913612196617,0.02393675616246139,0.1740775043193902,0.17500000000000004,0.010000000000000037,30,30,696632.90,382642.54,
2026-08-27T15:37:34.251117+00:00,KXBTC15M-26AUG271145-45,2026-08-27T15:45:00Z,7.43,80634.34,80500.45,0.21,50.0,0.21999999999999997,3495.0,41146.11,35926.479999999996,64111.45,58000.979999999996,104412.51,133649.3,-0.9717912552891397,0.06772355775250326,0.21014104372355427,0.21499999999999997,0.009999999999999981,30,30,696632.90,382642.54,
2026-08-27T15:37:54.455238+00:00,KXBTC15M-26AUG271145-45,2026-08-27T15:45:00Z,7.09,80634.34,80454.35,0.14,4620.04,0.15000000000000002,5455.94,45301.55,38482.01,167240.04,57386.0,167240.04,131413.57,-0.08295967240903611,0.08139472708010977,0.14458520163795482,0.14500000000000002,0.010000000000000009,30,30,760864.89,380611.47,
2026-08-27T15:38:14.634238+00:00,KXBTC15M-26AUG271145-45,2026-08-27T15:45:00Z,6.76,80634.34,80474.25,0.14,5951.02,0.15000000000000002,4128.37,45525.21,48765.31,167413.41999999998,65726.24,167413.41999999998,139075.6,0.1808293954296838,-0.0343629455007778,0.14590414697714846,0.14500000000000002,0.010000000000000009,30,30,807530.14,393951.10,
2026-08-27T15:38:34.790173+00:00,KXBTC15M-26AUG271145-45,2026-08-27T15:45:00Z,6.42,80634.34,80502.5,0.18,8703.1,0.18999999999999995,69.07,49653.64,23925.26,82964.68000000001,59081.59,101993.72,136485.16,0.9842524711673395,0.34967062568209095,0.18992126235583667,0.18499999999999997,0.009999999999999953,30,30,807530.14,393951.10,
2026-08-27T15:38:55.167032+00:00,KXBTC15M-26AUG271145-45,2026-08-27T15:45:00Z,6.08,80634.34,80497.52,0.13,5924.09,0.14,444.54,44343.04,48449.38,165796.34,72239.47,165796.34,147482.57,0.8603969770578602,-0.044252968076487244,0.13930198488528933,0.135,0.010000000000000009,30,30,844443.15,399454.85,
2026-08-27T15:39:15.329887+00:00,KXBTC15M-26AUG271145-45,2026-08-27T15:45:00Z,5.75,80634.34,80501.57,0.14,4581.7,0.15000000000000002,6085.97,51333.02,43721.89,172778.53,65959.98,172778.53,140948.6,-0.14101204855418292,0.0800708769278725,0.1442949397572291,0.14500000000000002,0.010000000000000009,30,30,844443.15,399454.85,
2026-08-27T15:39:35.516740+00:00,KXBTC15M-26AUG271145-45,2026-08-27T15:45:00Z,5.41,80634.34,80482.68,0.12,3326.54,0.13,7904.98,68508.9,39671.43,159541.16,63933.64,159541.16,138529.53,-0.4076420644756898,0.2665685157366408,0.12296178967762153,0.125,0.010000000000000009,30,30,897133.60,411563.54,
2026-08-27T15:39:55.682862+00:00,KXBTC15M-26AUG271145-45,2026-08-27T15:45:00Z,5.07,80634.34,80468.11,0.071,4332.84,0.07199999999999995,0.02,62479.36,41963.96,62479.36,58147.36,62479.36,60849.38,0.9999907682223749,0.19642615726884208,0.07199999538411113,0.07149999999999998,0.0009999999999999593,30,30,950174.73,428877.59,
2026-08-27T15:40:15.839810+00:00,KXBTC15M-26AUG271145-45,2026-08-27T15:45:00Z,4.74,80634.34,80443.4,0.051,773.29,0.052000000000000046,0.02,62502.92,23424.61,62502.92,23424.61,62502.92,23424.61,0.9999482743013798,0.45478218680322824,0.05199997413715073,0.05150000000000002,0.0010000000000000495,30,30,950174.73,428877.59,
2026-08-27T15:40:35.996186+00:00,KXBTC15M-26AUG271145-45,2026-08-27T15:45:00Z,4.4,80634.34,80401.0,0.025,1148.02,0.027000000000000024,141.59,155605.9,21159.68,155605.9,21159.68,155605.9,21159.68,0.7804142337605943,0.7605904950499979,0.02678041423376062,0.026000000000000013,0.0020000000000000226,24,30,1051613.12,439678.14,
2026-08-27T15:40:56.208027+00:00,KXBTC15M-26AUG271145-45,2026-08-27T15:45:00Z,4.06,80634.34,80399.8,0.029,6906.29,0.030000000000000027,781.02,164814.52000000002,25087.97,164814.52000000002,25087.97,164814.52000000002,25087.97,0.7968027827679645,0.7357805050370851,0.029898401391384007,0.029500000000000012,0.0010000000000000252,23,30,1159755.26,477094.74,
2026-08-27T15:41:16.364766+00:00,KXBTC15M-26AUG271145-45,2026-08-27T15:45:00Z,3.73,80634.34,80415.49,0.028,1595.89,0.029000000000000026,469.49,153481.57,39150.41,153481.57,39150.41,153481.57,39150.41,0.5453717959891158,0.5935211796089102,0.028772685897994577,0.02850000000000001,0.0010000000000000252,25,30,1159755.26,477094.74,
2026-08-27T15:41:36.687974+00:00,KXBTC15M-26AUG271145-45,2026-08-27T15:45:00Z,3.39,80634.34,80436.8,0.021,2116.89,0.02200000000000002,3670.48,134810.55000000002,39067.43,134810.55000000002,39067.43,134810.55000000002,39067.43,-0.268444906753845,0.5506339560650522,0.021365777546623086,0.021500000000000012,0.0010000000000000182,19,30,1293406.21,523180.80,
2026-08-27T15:41:56.857988+00:00,KXBTC15M-26AUG271145-45,2026-08-27T15:45:00Z,3.05,80634.34,80500.0,0.075,343.9,0.07599999999999996,2010.72,36802.92,41401.77,36802.92,55494.34,36802.92,63695.05,-0.7078934180462241,-0.058805296715580595,0.07514605329097689,0.07549999999999998,0.0009999999999999593,30,30,1424510.61,557824.67,
2026-08-27T15:42:17.029036+00:00,KXBTC15M-26AUG271145-45,2026-08-27T15:45:00Z,2.72,80634.34,80509.94,0.056,748.48,0.05700000000000005,60.02,129436.04,30642.16,129436.04,30642.16,129436.04,30642.16,0.8515275200989487,0.6171601129947738,0.05692576376004952,0.05650000000000002,0.0010000000000000495,30,30,1424510.61,557824.67,
2026-08-27T15:42:37.228610+00:00,KXBTC15M-26AUG271145-45,2026-08-27T15:45:00Z,2.38,80634.34,80515.95,0.038,31.0,0.039000000000000035,89.0,98490.62,26525.38,98490.62,26525.38,98490.62,26525.38,-0.48333333333333334,0.5756482370256606,0.038258333333333346,0.03850000000000002,0.0010000000000000356,30,30,1507210.20,572492.83,
2026-08-27T15:42:57.385832+00:00,KXBTC15M-26AUG271145-45,2026-08-27T15:45:00Z,2.05,80634.34,80522.91,0.053,1246.04,0.05400000000000005,0.01,114878.16,30508.09,114878.16,30508.09,114878.16,30508.09,0.9999839492797239,0.5803167080793404,0.0539999919746399,0.05350000000000002,0.0010000000000000495,30,30,1507210.20,572492.83,
2026-08-27T15:43:17.571543+00:00,KXBTC15M-26AUG271145-45,2026-08-27T15:45:00Z,1.71,80634.34,80598.01,0.25,5879.7,0.26,1577.94,36254.17,8058.75,58073.17,45886.71,106929.52,119172.95,0.5768259127552416,0.6362798930876141,0.2578841295637762,0.255,0.010000000000000009,30,30,1669475.79,610396.53,
2026-08-27T15:43:37.848053+00:00,KXBTC15M-26AUG271145-45,2026-08-27T15:45:00Z,1.37,80634.34,80579.47,0.08,50.0,0.09599999999999997,180.0,99796.67,26760.28,137003.67,40306.51,137003.67,112474.98,-0.5652173913043478,0.5771029564160641,0.08347826086956521,0.088,0.015999999999999973,30,30,1669475.79,610396.53,
2026-08-27T15:43:58.010381+00:00,KXBTC15M-26AUG271145-45,2026-08-27T15:45:00Z,1.03,80634.34,80575.08,0.03,8.85,0.031000000000000028,25.0,175820.30000000002,38011.35,175820.30000000002,38011.35,175820.30000000002,38011.35,-0.4771048744460856,0.6444740523678324,0.030261447562776964,0.030500000000000013,0.0010000000000000286,22,30,1930482.84,588460.99,
2026-08-27T15:44:18.162196+00:00,KXBTC15M-26AUG271145-45,2026-08-27T15:45:00Z,0.7,80634.34,80552.98,0.005,2817.28,0.006000000000000005,6175.61,79039.87,34492.32,79039.87,34492.32,79039.87,34492.32,-0.3734427975878722,0.3923781440312214,0.005313278601206065,0.005500000000000003,0.0010000000000000052,5,30,2250182.17,594755.77,
2026-08-27T15:44:38.366679+00:00,KXBTC15M-26AUG271145-45,2026-08-27T15:45:00Z,0.36,80634.34,80530.53,,0.0,0.0010000000000000009,70957.55,0,179744.89,0,179744.89,0,179744.89,-1.0,-1.0,,,,0,30,2250182.17,594755.77,
2026-08-27T15:45:18.603041+00:00,KXBTC15M-26AUG271200-00,2026-08-27T16:00:00Z,14.69,80545.57,80505.0,0.43,3987.74,0.43999999999999995,16380.08,34736.91,46631.13,76845.91,62993.13,186545.25,176956.13,-0.6084274114755531,-0.146178032554305,0.4319578629426222,0.43499999999999994,0.009999999999999953,30,30,35320.04,28922.73,
2026-08-27T15:45:38.789077+00:00,KXBTC15M-26AUG271200-00,2026-08-27T16:00:00Z,14.35,80545.57,80446.26,0.36,7125.3,0.37,0.02,35336.11,13126.85,54603.72,44995.46,178516.32,126695.02,0.99999438621704,0.4582728747893237,0.36999997193108514,0.365,0.010000000000000009,30,30,35320.04,28922.73,
2026-08-27T15:45:59.045909+00:00,KXBTC15M-26AUG271200-00,2026-08-27T16:00:00Z,14.02,80545.57,80412.28,0.3,8150.06,0.31000000000000005,1.01,49170.47,14227.93,78049.29000000001,36482.58,172044.61000000002,115037.02,0.9997521797751706,0.5511580733898648,0.30999876089887585,0.30500000000000005,0.010000000000000064,30,30,35320.04,28922.73,
2026-08-27T15:46:19.215780+00:00,KXBTC15M-26AUG271200-00,2026-08-27T16:00:00Z,13.68,80545.57,80375.01,0.26,5600.54,0.27,7112.19,36233.69,19238.2,85426.63,39965.2,165313.55,105413.48,-0.11890836979940576,0.3063802224874617,0.26440545815100297,0.265,0.010000000000000009,30,30,148271.78,123984.81,
2026-08-27T15:46:39.459564+00:00,KXBTC15M-26AUG271200-00,2026-08-27T16:00:00Z,13.35,80545.57,80371.49,0.27,3565.5,0.28,5156.19,20749.760000000002,16906.41,71873.03,23258.87,148824.05,106595.46,-0.18238323077293506,0.1020642832237055,0.27408808384613537,0.275,0.010000000000000009,30,30,262863.31,218622.18,
2026-08-27T15:46:59.637058+00:00,KXBTC15M-26AUG271200-00,2026-08-27T16:00:00Z,13.01,80545.57,80364.92,0.27,1095.98,0.28,7063.74,18174.11,17747.84,68850.29,24230.87,146143.93,107606.46,-0.7313682332236892,0.011866560696176028,0.2713431588338816,0.275,0.010000000000000009,30,30,262863.31,218622.18,
2026-08-27T15:47:19.863251+00:00,KXBTC15M-26AUG271200-00,2026-08-27T16:00:00Z,12.67,80545.57,80374.48,0.23,6280.22,0.24,5163.99,44516.33,27181.489999999998,97272.49,63045.99,182836.16,159411.08,0.09753665827523268,0.24177638873817925,0.23548768329137618,0.235,0.009999999999999981,30,30,324975.62,263048.25,
2026-08-27T15:47:40.097203+00:00,KXBTC15M-26AUG271200-00,2026-08-27T16:00:00Z,12.33,80545.57,80344.99,0.21,6642.62,0.21999999999999997,6999.9,67114.9,39622.14,119740.87,62860.659999999996,183110.31,155313.57,-0.026188710003723633,0.25757469009820766,0.21486905644998133,0.21499999999999997,0.009999999999999981,30,30,404533.03,258205.80,
2026-08-27T15:48:00.276962+00:00,KXBTC15M-26AUG271200-00,2026-08-27T16:00:00Z,12.0,80545.57,80326.46,0.19,7218.35,0.19999999999999996,8852.86,63962.48,27837.82,135115.07,62831.619999999995,170041.96,151659.72,-0.1017042276219401,0.3935135288228906,0.19449147886189028,0.19499999999999998,0.009999999999999953,30,30,404533.03,258205.80,
2026-08-27T15:48:20.529823+00:00,KXBTC15M-26AUG271200-00,2026-08-27T16:00:00Z,11.66,80545.57,80364.92,0.22,2622.59,0.22999999999999998,10155.14,25499.96,43341.35,85809.44,65234.049999999996,161136.94,158583.01,-0.5895061172837428,-0.259166915911391,0.2220524694135813,0.22499999999999998,0.009999999999999981,30,30,454987.18,285146.78,
2026-08-27T15:48:40.687153+00:00,KXBTC15M-26AUG271200-00,2026-08-27T16:00:00Z,11.32,80545.57,80338.51,0.2,3903.88,0.20999999999999996,9892.88,26401.46,43817.12,102155.21,61016.62,159370.88,151836.22,-0.43408742342405027,-0.24802068056631169,0.2028295628828798,0.205,0.009999999999999953,30,30,500771.80,311693.53,
2026-08-27T15:49:00.933764+00:00,KXBTC15M-26AUG271200-00,2026-08-27T16:00:00Z,10.99,80545.57,80337.67,0.18,5073.05,0.18999999999999995,8514.97,63227.96,40495.69,147194.97,61582.04,168033.66,147798.74,-0.25330548527305663,0.21916187870365147,0.1837334725736347,0.18499999999999997,0.009999999999999953,30,30,500771.80,311693.53,
2026-08-27T15:49:21.157390+00:00,KXBTC15M-26AUG271200-00,2026-08-27T16:00:00Z,10.65,80545.57,80363.24,0.19,906.83,0.19999999999999996,9859.62,36983.95,42685.52,125716.23,63261.619999999995,168601.42,151848.91,-0.8315452168542091,-0.07156530600743295,0.19084227391572894,0.19499999999999998,0.009999999999999953,30,30,548103.21,334505.65,
2026-08-27T15:49:41.320226+00:00,KXBTC15M-26AUG271200-00,2026-08-27T16:00:00Z,10.31,80545.57,80351.69,0.17,5908.95,0.18000000000000005,7811.16,40404.53,43994.36,160854.87,64282.5,160858.87,146599.78,-0.1386439321550629,-0.04253409019952753,0.1743067803392247,0.17500000000000004,0.010000000000000037,30,30,548103.21,334505.65,
2026-08-27T15:50:01.590737+00:00,KXBTC15M-26AUG271200-00,2026-08-27T16:00:00Z,9.97,80545.57,80353.2,0.18,4752.38,0.18999999999999995,9526.39,49098.05,43825.59,115017.61,62136.729999999996,140555.35,148913.45,-0.33434322424130364,0.05673970584880238,0.1833282838787934,0.18499999999999997,0.009999999999999953,30,30,604173.56,369146.62,
2026-08-27T15:50:21.774909+00:00,KXBTC15M-26AUG271200-00,2026-08-27T16:00:00Z,9.64,80545.57,80397.58,0.24,9929.36,0.25,994.29,43747.95,16764.35,73394.53,53946.19,159683.76,155913.72,0.8179564522847216,0.4459192593902397,0.24908978226142361,0.245,0.010000000000000009,30,30,604173.56,369146.62,
2026-08-27T15:50:41.929472+00:00,KXBTC15M-26AUG271200-00,2026-08-27T16:00:00Z,9.3,80545.57,80414.59,0.24,6082.71,0.25,8532.67,26854.98,37829.96,71517.56,59007.56,158708.93,160760.68,-0.1676288950407037,-0.16966824117020127,0.24416185552479644,0.245,0.010000000000000009,30,30,645038.43,393953.24,
2026-08-27T15:51:02.190911+00:00,KXBTC15M-26AUG271200-00,2026-08-27T16:00:00Z,8.96,80545.57,80366.99,0.17,6760.92,0.18000000000000005,1082.85,52681.94,36157.3,141248.85,54458.5,153258.85,137957.07,0.7238955247285425,0.18600609370363816,0.17861947762364275,0.17500000000000004,0.010000000000000037,30,30,689031.93,397603.39,
2026-08-27T15:51:22.359593+00:00,KXBTC15M-26AUG271200-00,2026-08-27T16:00:00Z,8.63,80545.57,80355.91,0.15,8245.25,0.16000000000000003,6441.93,62528.58,46681.39,142792.43,63553.03,142792.43,141446.14,0.12278190912074337,0.14510753917430802,0.15561390954560372,0.15500000000000003,0.010000000000000037,30,30,689031.93,397603.39,
2026-08-27T15:51:42.532881+00:00,KXBTC15M-26AUG271200-00,2026-08-27T16:00:00Z,8.29,80545.57,80309.52,0.11,1248.76,0.12,11761.51,90429.08,45877.99,90429.08,64672.43,90429.08,134710.57,-0.8080347294867823,0.3268435745849427,0.1109598263525661,0.11499999999999999,0.009999999999999995,30,30,730245.01,400042.21,
2026-08-27T15:52:02.818449+00:00,KXBTC15M-26AUG271200-00,2026-08-27T16:00:00Z,7.96,80545.57,80394.01,0.2,3200.0,0.20999999999999996,5276.46,21542.11,33957.71,71938.03,50452.270000000004,124909.08,143275.56,-0.2449678285510697,-0.22370523003498027,0.20377516085724467,0.205,0.009999999999999953,30,30,802394.29,410019.53,
2026-08-27T15:52:23.013455+00:00,KXBTC15M-26AUG271200-00,2026-08-27T16:00:00Z,7.62,80545.57,80387.9,0.17,871.52,0.18000000000000005,9875.39,22724.25,49515.6,117140.85,67002.84,117140.85,148956.26,-0.8378101240263479,-0.37086663385928953,0.17081094937986827,0.17500000000000004,0.010000000000000037,30,30,802394.29,410019.53,
2026-08-27T15:52:43.183786+00:00,KXBTC15M-26AUG271200-00,2026-08-27T16:00:00Z,7.28,80545.57,80385.02,0.15,1340.67,0.16000000000000003,7089.12,49343.18,44668.41,123339.66,60621.79,123339.66,140188.66,-0.6819209019441764,0.049725464700682086,0.15159039549027908,0.15500000000000003,0.010000000000000037,30,30,833745.26,418501.95,
2026-08-27T15:53:03.533775+00:00,KXBTC15M-26AUG271200-00,2026-08-27T16:00:00Z,6.94,80545.57,80404.99,0.15,421.46,0.16000000000000003,7152.73,51860.38,45135.21,120657.39,62128.01,120657.39,141976.84,-0.8887115321902408,0.06933480171624296,0.1505564423390488,0.15500000000000003,0.010000000000000037,30,30,833745.26,418501.95,
2026-08-27T15:53:23.710644+00:00,KXBTC15M-26AUG271200-00,2026-08-27T16:00:00Z,6.61,80545.57,80383.17,0.1,2858.57,0.10999999999999999,7665.61,113475.89,41072.63,113475.89,66214.63,113475.89,138218.92,-0.45676147690366364,0.46848238986694934,0.10271619261548168,0.105,0.009999999999999981,30,30,864570.04,433251.69,
2026-08-27T15:53:43.920938+00:00,KXBTC15M-26AUG271200-00,2026-08-27T16:00:00Z,6.27,80545.57,80378.06,0.09,421.03,0.09099999999999997,1624.17,89384.32,39578.83,89384.32,60116.18,89384.32,110762.31,-0.5882749853315079,0.38619939106636275,0.09020586250733424,0.09049999999999998,0.0009999999999999731,30,30,910192.35,450452.07,
2026-08-27T15:54:04.134975+00:00,KXBTC15M-26AUG271200-00,2026-08-27T16:00:00Z,5.93,80545.57,80391.47,0.085,74.0,0.08599999999999997,2564.73,66339.79,47668.29,66339.79,61838.29,66339.79,94364.77,-0.9439124124105157,0.16377347991475688,0.08502804379379475,0.08549999999999999,0.0009999999999999593,30,30,910192.35,450452.07,
2026-08-27T15:54:24.398920+00:00,KXBTC15M-26AUG271200-00,2026-08-27T16:00:00Z,5.59,80545.57,80372.55,0.08,2234.2,0.08099999999999996,2074.03,58229.07,55841.57,58229.07,71390.14,58229.07,91461.24,0.037177680857335756,0.0209300131918257,0.08051858884042866,0.08049999999999999,0.0009999999999999593,30,30,1037388.09,507522.18,
2026-08-27T15:54:44.570572+00:00,KXBTC15M-26AUG271200-00,2026-08-27T16:00:00Z,5.26,80545.57,80404.49,0.11,5938.46,0.12,3826.11,77465.63,37252.869999999995,79965.63,56539.869999999995,79965.63,128564.15,0.21632801034761387,0.3505342207229,0.11608164005173807,0.11499999999999999,0.009999999999999995,30,30,1123939.71,508132.29,
2026-08-27T15:55:04.729944+00:00,KXBTC15M-26AUG271200-00,2026-08-27T16:00:00Z,4.92,80545.57,80395.0,0.071,18.0,0.07499999999999996,1826.79,56481.59,46036.73,56481.59,61855.3,56481.59,79022.24,-0.9804855837249769,0.10188286347259683,0.07103902883255005,0.07299999999999998,0.003999999999999962,30,30,1123939.71,508132.29,
2026-08-27T15:55:24.975020+00:00,KXBTC15M-26AUG271200-00,2026-08-27T16:00:00Z,4.59,80545.57,80374.84,0.056,6070.2,0.05700000000000005,2.53,68514.15,22136.37,68514.15,22136.37,68514.15,22136.37,0.9991667668412725,0.5116107442075346,0.056999583383420684,0.05650000000000002,0.0010000000000000495,30,30,1194061.13,532514.30,
2026-08-27T15:55:45.160839+00:00,KXBTC15M-26AUG271200-00,2026-08-27T16:00:00Z,4.25,80545.57,80399.33,0.074,832.39,0.07499999999999996,9.0,50607.87,49402.340000000004,50607.87,64872.57,50607.87,68181.51,0.978606829175531,0.012054069279526548,0.07498930341458772,0.07449999999999998,0.0009999999999999593,30,30,1194061.13,532514.30,
2026-08-27T15:56:05.320170+00:00,KXBTC15M-26AUG271200-00,2026-08-27T16:00:00Z,3.91,80545.57,80357.12,0.03,185.67,0.031000000000000028,1000.02,254186.75999999998,25640.37,254186.75999999998,25640.37,254186.75999999998,25640.37,-0.6868152721200314,0.8167413574230632,0.030156592363939985,0.030500000000000013,0.0010000000000000286,28,30,1280927.96,545794.11,
2026-08-27T15:56:25.508832+00:00,KXBTC15M-26AUG271200-00,2026-08-27T16:00:00Z,3.58,80545.57,80395.44,0.045,0.02,0.04600000000000004,1297.1,66398.61,24252.13,66398.61,24252.13,66398.61,24252.13,-0.9999691624522018,0.4649325532257099,0.0450000154187739,0.04550000000000002,0.0010000000000000425,30,30,1280927.96,545794.11,
2026-08-27T15:56:45.677134+00:00,KXBTC15M-26AUG271200-00,2026-08-27T16:00:00Z,3.24,80545.57,80357.41,0.025,179.0,0.028000000000000025,2412.87,240246.03,38428.1,240246.03,38428.1,240246.03,38428.1,-0.8618757885233441,0.7242076255876353,0.02520718631721499,0.026500000000000013,0.0030000000000000235,24,30,1372302.23,583318.13,
2026-08-27T15:57:05.939630+00:00,KXBTC15M-26AUG271200-00,2026-08-27T16:00:00Z,2.9,80545.57,80384.77,0.023,5043.0,0.02400000000000002,500.0,238232.73,24480.05,238232.73,24480.05,238232.73,24480.05,0.8195922785495219,0.8136363978943087,0.02390979613927478,0.02350000000000001,0.0010000000000000217,18,30,1434295.83,598757.25,
2026-08-27T15:57:26.196701+00:00,KXBTC15M-26AUG271200-00,2026-08-27T16:00:00Z,2.56,80545.57,80421.02,0.047,1025.02,0.049000000000000044,1601.18,148967.56,36165.26,148967.56,36165.26,148967.56,36165.26,-0.2193892315893687,0.6093047143126755,0.047780610768410656,0.04800000000000002,0.0020000000000000434,30,30,1434295.83,598757.25,
2026-08-27T15:57:46.578002+00:00,KXBTC15M-26AUG271200-00,2026-08-27T16:00:00Z,2.23,80545.57,80411.84,0.016,247.02,0.017000000000000015,0.02,223085.44,29275.7,223085.44,29275.7,223085.44,29275.7,0.9998380829015543,0.7679856732300384,0.016999919041450793,0.016500000000000008,0.0010000000000000148,16,30,1564432.05,610890.95,
2026-08-27T15:58:06.753867+00:00,KXBTC15M-26AUG271200-00,2026-08-27T16:00:00Z,1.89,80545.57,80399.99,0.01,1150.86,0.01100000000000001,540.02,218148.30000000002,31299.68,218148.30000000002,31299.68,218148.30000000002,31299.68,0.3612556775170325,0.7490484388769154,0.010680627838758523,0.010500000000000006,0.0010000000000000096,10,30,1663344.58,652135.36,
2026-08-27T15:58:27.044464+00:00,KXBTC15M-26AUG271200-00,2026-08-27T16:00:00Z,1.55,80545.57,80394.72,0.002,7501.48,0.0030000000000000027,7711.01,56179.55,48431.71,56179.55,48431.71,56179.55,48431.71,-0.013773550549581341,0.07406315534293348,0.0024931132247252106,0.0025000000000000014,0.0010000000000000026,2,30,1663344.58,652135.36,
2026-08-27T15:58:47.232842+00:00,KXBTC15M-26AUG271200-00,2026-08-27T16:00:00Z,1.21,80545.57,80384.98,0.001,6710.4,0.0020000000000000018,1201.7,6710.4,66659.26,6710.4,66659.26,6710.4,66659.26,0.6962374085261814,-0.8170797029725911,0.0018481187042630922,0.001500000000000001,0.0010000000000000018,1,30,1663344.58,652135.36,
2026-08-27T15:59:07.495582+00:00,KXBTC15M-26AUG271200-00,2026-08-27T16:00:00Z,0.88,80545.57,80358.43,0.001,0.02,0.0020000000000000018,34873.57,0.02,85565.63,0.02,85565.63,0.02,85565.63,-0.9999988530002218,-0.9999995325226886,0.0010000005734998893,0.001500000000000001,0.0010000000000000018,1,30,1841871.50,711621.23,
2026-08-27T15:59:27.673581+00:00,KXBTC15M-26AUG271200-00,2026-08-27T16:00:00Z,0.54,80545.57,80325.14,,0.0,0.0010000000000000009,5805.8,0,70467.97,0,70467.97,0,70467.97,-1.0,-1.0,,,,0,30,1890800.09,740106.19,
2026-08-27T15:59:47.844641+00:00,KXBTC15M-26AUG271200-00,2026-08-27T16:00:00Z,0.2,80545.57,80319.21,,0.0,0.0010000000000000009,10617.53,0,59519.07,0,59519.07,0,59519.07,-1.0,-1.0,,,,0,30,1890800.09,740106.19,
2026-08-27T16:00:28.057827+00:00,KXBTC15M-26AUG271215-15,2026-08-27T16:15:00Z,14.53,,80340.0,0.52,2459.04,0.53,11939.09,18801.07,38699.19,33289.01,70115.2,153158.93,171371.18,-0.6584223090081837,-0.3460526961095481,0.5217078884549591,0.525,0.010000000000000009,30,30,23175.32,17316.46,
2026-08-27T16:00:48.249549+00:00,KXBTC15M-26AUG271215-15,2026-08-27T16:15:00Z,14.2,,80320.24,0.47,1445.11,0.48,8827.0,20602.2,20447.95,65405.2,27556.25,161737.91,144123.86000000002,-0.7186342435974693,0.0037575989369100964,0.47140682878201257,0.475,0.010000000000000009,30,30,23175.32,17316.46,
2026-08-27T16:01:08.454681+00:00,KXBTC15M-26AUG271215-15,2026-08-27T16:15:00Z,13.86,80347.09,80330.48,0.5,4343.6,0.51,7418.11,18213.920000000002,17217.41,48843.86,52662.62,142778.99,145997.73,-0.26139991548847913,0.028125108484496685,0.5036930004225576,0.505,0.010000000000000009,30,30,131050.84,95039.85,
2026-08-27T16:01:28.622757+00:00,KXBTC15M-26AUG271215-15,2026-08-27T16:15:00Z,13.52,80347.09,80345.73,0.5,5364.18,0.51,10.0,34261.16,12774.880000000001,51741.1,48640.090000000004,143176.51,143756.52,0.9962785020226341,0.45680461195287697,0.5099813925101131,0.505,0.010000000000000009,30,30,196580.87,126903.57,
2026-08-27T16:01:48.781240+00:00,KXBTC15M-26AUG271215-15,2026-08-27T16:15:00Z,13.19,80347.09,80356.48,0.53,9301.45,0.54,5839.33,20314.58,20374.14,45370.68,59938.72,134388.61,158109.72,0.22866193155174308,-0.0014637963543703923,0.5361433096577587,0.535,0.010000000000000009,30,30,196580.87,126903.57,
2026-08-27T16:02:08.953418+00:00,KXBTC15M-26AUG271215-15,2026-08-27T16:15:00Z,12.85,80347.09,80370.08,0.53,3035.25,0.54,503.02,9412.93,19510.95,17680.03,51431.46,120538.25,147506.44,0.7156689568630997,-0.3491239764512922,0.5385783447843155,0.535,0.010000000000000009,30,30,241825.79,142846.98,
2026-08-27T16:02:29.139247+00:00,KXBTC15M-26AUG271215-15,2026-08-27T16:15:00Z,12.52,80347.09,80325.15,0.45,6434.63,0.45999999999999996,35.0,40169.96,18972.399999999998,58993.87,25280.5,157699.13,115205.34,0.9891802158701503,0.35841586301256834,0.45994590107935074,0.45499999999999996,0.009999999999999953,30,30,241825.79,142846.98,
2026-08-27T16:02:49.336764+00:00,KXBTC15M-26AUG271215-15,2026-08-27T16:15:00Z,12.18,80347.09,80365.86,0.56,6486.85,0.5700000000000001,1164.07,16674.98,23825.489999999998,46735.06,64824.19,143048.9,157859.02,0.6957045688623068,-0.1765537535737239,0.5684785228443116,0.5650000000000001,0.010000000000000009,30,30,297184.12,161568.74,
2026-08-27T16:03:09.587855+00:00,KXBTC15M-26AUG271215-15,2026-08-27T16:15:00Z,11.84,80347.09,80394.7,0.63,508.28,0.64,7789.77,6393.1900000000005,35631.71,12726.89,59619.28,85197.3,153036.03,-0.8774941100620025,-0.6957427620291778,0.63061252944969,0.635,0.010000000000000009,30,30,344938.71,175591.13,
2026-08-27T16:03:29.746155+00:00,KXBTC15M-26AUG271215-15,2026-08-27T16:15:00Z,11.51,80347.09,80375.22,0.59,2859.63,0.6,5496.5,13053.66,20759.93,25064.55,59842.62,128480.02,168582.68,-0.31556115091555537,-0.2279045200465257,0.5934221942454221,0.595,0.010000000000000009,30,30,344938.71,175591.13,
2026-08-27T16:03:49.905982+00:00,KXBTC15M-26AUG271215-15,2026-08-27T16:15:00Z,11.17,80347.09,80395.66,0.65,4991.77,0.6599999999999999,2731.84,12825.62,29513.010000000002,19568.93,70023.24,108290.59,161294.76,0.29260022191695334,-0.3941410007834452,0.6564630011095847,0.655,0.009999999999999898,30,30,399926.64,193193.80,
2026-08-27T16:04:10.196654+00:00,KXBTC15M-26AUG271215-15,2026-08-27T16:15:00Z,10.83,80347.09,80426.98,0.72,6085.75,0.73,8438.43,16544.44,35033.9,22613.54,84781.56,88978.63,152142.98,-0.16198367136733366,-0.35847334365549577,0.7241900816431633,0.725,0.010000000000000009,30,30,461231.77,200873.07,
2026-08-27T16:04:30.354220+00:00,KXBTC15M-26AUG271215-15,2026-08-27T16:15:00Z,10.5,80347.09,80440.52,0.74,7376.83,0.75,924.47,16854.01,49276.56,22451.77,75449.8,85482.3,135277.68,0.7772710298387,-0.49028081868945034,0.7488863551491934,0.745,0.010000000000000009,30,30,461231.77,200873.07,
2026-08-27T16:04:50.557418+00:00,KXBTC15M-26AUG271215-15,2026-08-27T16:15:00Z,10.16,80347.09,80405.38,0.67,3529.45,0.6799999999999999,3987.22,15876.779999999999,20395.48,22060.78,54048.01,103880.77,133681.88,-0.06090063818153517,-0.12457729405336203,0.6746954968090924,0.675,0.009999999999999898,30,30,517340.10,223485.64,
2026-08-27T16:05:10.875150+00:00,KXBTC15M-26AUG271215-15,2026-08-27T16:15:00Z,9.82,80347.09,80438.58,0.75,5931.68,0.76,3265.83,17134.77,40587.65,28371.78,82784.19,83309.18,134735.84,0.289844751459906,-0.4063045173781695,0.7564492237572995,0.755,0.010000000000000009,30,30,517340.10,223485.64,
2026-08-27T16:05:31.070465+00:00,KXBTC15M-26AUG271215-15,2026-08-27T16:15:00Z,9.48,80347.09,80421.63,0.71,8318.41,0.72,4268.22,41682.65,17778.24,48583.51,54174.020000000004,102029.8,126587.12,0.32178510053922293,0.4020190414236988,0.7166089255026961,0.715,0.010000000000000009,30,30,561695.19,230321.00,
2026-08-27T16:05:51.249883+00:00,KXBTC15M-26AUG271215-15,2026-08-27T16:15:00Z,9.15,80347.09,80490.05,0.84,2447.5,0.85,11467.29,34553.07,59166.39,46885.24,97759.93000000001,85043.45,97759.93000000001,-0.6482160348808714,-0.26262763357791435,0.8417589198255956,0.845,0.010000000000000009,30,30,636308.17,246360.71,
2026-08-27T16:06:11.437677+00:00,KXBTC15M-26AUG271215-15,2026-08-27T16:15:00Z,8.81,80347.09,80464.31,0.79,8028.38,0.8,1923.02,17418.68,21178.670000000002,42110.68,65243.81,78583.26,100055.3,0.6135176960025726,-0.09741575522671896,0.798067588480013,0.795,0.010000000000000009,30,30,711404.37,256237.94,
2026-08-27T16:06:31.602276+00:00,KXBTC15M-26AUG271215-15,2026-08-27T16:15:00Z,8.47,80347.09,80434.49,0.72,4075.13,0.73,3182.44,19944.48,10280.83,40591.44,42515.28,95011.08,96450.46,0.12300122492790287,0.31972045944276506,0.7256150061246395,0.725,0.010000000000000009,30,30,711404.37,256237.94,
2026-08-27T16:06:51.765953+00:00,KXBTC15M-26AUG271215-15,2026-08-27T16:15:00Z,8.14,80347.09,80330.17,0.45,2881.2,0.45999999999999996,12950.05,22053.9,22355.469999999998,57144.619999999995,53100.52,149191.21,89374.65,-0.6360110540860638,-0.006790684038075661,0.45181994472956966,0.45499999999999996,0.009999999999999953,30,30,711404.37,256237.94,
2026-08-27T16:07:11.967019+00:00,KXBTC15M-26AUG271215-15,2026-08-27T16:15:00Z,7.8,80347.09,80295.32,0.4,4250.95,0.41000000000000003,1453.51,18821.18,11625.84,57305.23,17936.84,146999.79,67852.28,0.4903952346059048,0.23632329206602157,0.4074519761730295,0.405,0.010000000000000009,30,30,788835.40,273898.19,
2026-08-27T16:07:32.135001+00:00,KXBTC15M-26AUG271215-15,2026-08-27T16:15:00Z,7.47,80347.09,80270.21,0.37,1626.26,0.38,6815.57,19905.55,15214.33,56198.28,22907.61,135389.11,77398.06999999999,-0.6147138712814638,0.13357733568565724,0.37192643064359265,0.375,0.010000000000000009,30,30,921147.29,276321.19,
2026-08-27T16:07:52.319970+00:00,KXBTC15M-26AUG271215-15,2026-08-27T16:15:00Z,7.13,80347.09,80266.64,0.32,3445.29,0.32999999999999996,5009.71,15297.43,14991.34,49832.770000000004,22371.23,124182.52,74971.45,-0.18502897693672385,0.010105725653435255,0.32407485511531636,0.32499999999999996,0.009999999999999953,30,30,921147.29,276321.19,
2026-08-27T16:08:12.474542+00:00,KXBTC15M-26AUG271215-15,2026-08-27T16:15:00Z,6.79,80347.09,80220.93,0.22,2758.89,0.22999999999999998,6078.51,44084.17,16140.039999999999,68618.04,22012.34,115304.31,65014.58,-0.3756331047593184,0.4640016033419118,0.22312183447620343,0.22499999999999998,0.009999999999999981,30,30,1034574.98,284549.47,
2026-08-27T16:08:32.704306+00:00,KXBTC15M-26AUG271215-15,2026-08-27T16:15:00Z,6.46,80347.09,80215.16,0.18,1138.32,0.18999999999999995,11333.44,51602.990000000005,44302.39,118335.22,60094.99,148072.65,127166.6,-0.8174563974932167,0.07612294534467207,0.1809127180125339,0.18499999999999997,0.009999999999999953,30,30,1125671.63,318109.42,
2026-08-27T16:08:52.878778+00:00,KXBTC15M-26AUG271215-15,2026-08-27T16:15:00Z,6.12,80347.09,80212.66,0.17,1712.4,0.18000000000000005,7580.35,47169.83,43242.71,133141.6,59898.58,146042.6,126334.06,-0.6314546286083238,0.043435567676784685,0.1718427268569584,0.17500000000000004,0.010000000000000037,30,30,1125671.63,318109.42,
2026-08-27T16:09:13.065829+00:00,KXBTC15M-26AUG271215-15,2026-08-27T16:15:00Z,5.78,80347.09,80247.4,0.21,619.05,0.21999999999999997,570.0,17771.9,43002.490000000005,67790.9,61966.51,143463.1,129995.44,0.041251419200201804,-0.41515167819866233,0.215206257096001,0.21499999999999997,0.009999999999999981,30,30,1206105.36,318112.25,
2026-08-27T16:09:33.245416+00:00,KXBTC15M-26AUG271215-15,2026-08-27T16:15:00Z,5.45,80347.09,80229.65,0.16,3131.34,0.17000000000000004,8427.99,50982.79,51047.98,223502.1,68243.48,227502.1,134947.83,-0.45821427366465006,-0.0006389249047125913,0.16270892863167674,0.16500000000000004,0.010000000000000037,30,30,1271132.70,330090.07,
2026-08-27T16:09:53.514157+00:00,KXBTC15M-26AUG271215-15,2026-08-27T16:15:00Z,5.11,80347.09,80234.91,0.16,1272.35,0.17000000000000004,7358.81,48615.33,46392.380000000005,221238.71,65438.880000000005,225238.71,132278.63,-0.7051728852205267,0.02339757478629889,0.1614741355738974,0.16500000000000004,0.010000000000000037,30,30,1271132.70,330090.07,
2026-08-27T16:10:13.697522+00:00,KXBTC15M-26AUG271215-15,2026-08-27T16:15:00Z,4.77,80347.09,80254.23,0.18,11841.91,0.18999999999999995,503.32,46671.83,20258.75,109098.35,52256.77,146939.38,123566.79,0.918459194360899,0.39463396253252253,0.18959229597180446,0.18499999999999997,0.009999999999999953,30,30,1342451.82,341609.63,
2026-08-27T16:10:33.865408+00:00,KXBTC15M-26AUG271215-15,2026-08-27T16:15:00Z,4.44,80347.09,80266.04,0.21,0.02,0.21999999999999997,11445.95,32243.18,30631.85,56128.75,61735.77,131317.45,133245.27,-0.9999965053202131,0.025627502682702526,0.2100000174733989,0.21499999999999997,0.009999999999999981,30,30,1342451.82,341609.63,
2026-08-27T16:10:54.018979+00:00,KXBTC15M-26AUG271215-15,2026-08-27T16:15:00Z,4.1,80347.09,80303.99,0.36,500.0,0.37,28.79,42796.12,3079.04,62402.62,35127.51,137230.59,101361.11,0.8911098923958471,0.8657643918844098,0.3694555494619792,0.365,0.010000000000000009,30,30,1446428.43,358740.18,
2026-08-27T16:11:14.202758+00:00,KXBTC15M-26AUG271215-15,2026-08-27T16:15:00Z,3.76,80347.09,80342.52,0.47,3028.75,0.48,7042.08,24970.809999999998,25614.56,63849.49,61081.56,137473.67,139082.2,-0.39851035118257383,-0.012726011493046382,0.4730074482440871,0.475,0.010000000000000009,30,30,1446428.43,358740.18,
2026-08-27T16:11:34.357166+00:00,KXBTC15M-26AUG271215-15,2026-08-27T16:15:00Z,3.43,80347.09,80343.78,0.49,1567.92,0.5,1160.48,40387.67,22973.24,60884.71,54163.24,139758.59,127553.88,0.1493329423838147,0.27484501090656677,0.49574666471191914,0.495,0.010000000000000009,30,30,1565163.15,335090.61,
2026-08-27T16:11:54.627222+00:00,KXBTC15M-26AUG271215-15,2026-08-27T16:15:00Z,3.09,80347.09,80362.97,0.56,3128.24,0.5700000000000001,8542.1,23462.95,43174.69,60519.25,60334.15,134718.58,141988.99,-0.463899080917951,-0.2958048934506084,0.5626805045954103,0.5650000000000001,0.010000000000000009,30,30,1687788.14,340366.78,
2026-08-27T16:12:14.835062+00:00,KXBTC15M-26AUG271215-15,2026-08-27T16:15:00Z,2.75,80347.09,80423.37,0.83,11002.53,0.84,1119.58,51524.68,41714.12,76232.61,112449.63,161297.27,112449.63,0.8152829829130407,0.10521971539745253,0.8390764149145651,0.835,0.010000000000000009,30,30,1687788.14,340366.78,
2026-08-27T16:12:35.021707+00:00,KXBTC15M-26AUG271215-15,2026-08-27T16:15:00Z,2.42,80347.09,80429.41,0.89,5858.57,0.9,2412.97,41599.11,88765.12,59731.86,88765.12,154429.12,88765.12,0.41656088225409055,-0.36180177645355627,0.8970828044112704,0.895,0.010000000000000009,30,30,1846271.01,354032.90,
2026-08-27T16:12:55.308746+00:00,KXBTC15M-26AUG271215-15,2026-08-27T16:15:00Z,2.08,80347.09,80451.31,0.949,2392.15,0.95,4905.46,41710.99,62155.37,41710.99,62155.37,41710.99,62155.37,-0.3444017973007601,-0.19683350798083232,0.9493277991013495,0.9495,0.0010000000000000009,30,30,2049211.29,392612.62,
2026-08-27T16:13:15.524787+00:00,KXBTC15M-26AUG271215-15,2026-08-27T16:15:00Z,1.74,80347.09,80496.87,0.989,92.02,0.99,69.9,46873.31,114539.18000000001,46873.31,114539.18000000001,46873.31,114539.18000000001,0.13661067193675883,-0.41921086775874666,0.9895683053359684,0.9895,0.0010000000000000009,30,10,2049211.29,392612.62,
2026-08-27T16:13:35.723931+00:00,KXBTC15M-26AUG271215-15,2026-08-27T16:15:00Z,1.41,80347.09,80537.94,0.997,379.46,0.998,550.02,55361.71,3664.9,55361.71,3664.9,55361.71,3664.9,-0.18350045186555924,0.8758221080289043,0.9974082497740671,0.9975,0.0010000000000000009,30,2,2244855.73,416861.90,
2026-08-27T16:13:55.915974+00:00,KXBTC15M-26AUG271215-15,2026-08-27T16:15:00Z,1.07,80347.09,80531.94,0.998,2303.33,0.999,801.0,51611.9,801.0,51611.9,801.0,51611.9,801.0,0.4839466165001788,0.9694350055043701,0.9987419733082501,0.9984999999999999,0.0010000000000000009,30,1,2244855.73,416861.90,
2026-08-27T16:14:16.071733+00:00,KXBTC15M-26AUG271215-15,2026-08-27T16:15:00Z,0.73,80347.09,80397.68,0.998,16243.23,0.999,5061.07,64074.88,5061.07,64074.88,5061.07,64074.88,5061.07,0.5248780762569059,0.8535907874268018,0.9987624390381284,0.9984999999999999,0.0010000000000000009,30,1,2480202.76,479223.07,
2026-08-27T16:14:36.263580+00:00,KXBTC15M-26AUG271215-15,2026-08-27T16:15:00Z,0.4,80347.09,80444.42,0.999,13638.38,,0.0,71494.06999999999,0,71494.06999999999,0,71494.06999999999,0,1.0,1.0,,,,30,0,2627944.85,562272.42,
2026-08-27T16:15:36.552031+00:00,KXBTC15M-26AUG271230-30,2026-08-27T16:30:00Z,14.39,80447.38,80438.54,0.48,5318.6,0.49,5425.37,29797.43,31943.8,75357.93,65731.8,176103.66,176624.4,-0.00993766736131984,-0.03476396566767457,0.4849503116631934,0.485,0.010000000000000009,30,30,54026.23,40568.74,
2026-08-27T16:15:56.705909+00:00,KXBTC15M-26AUG271230-30,2026-08-27T16:30:00Z,14.06,80447.38,80482.7,0.55,982.02,0.56,4937.07,18529.920000000002,57291.65,60475.97,82290.78,155455.74,192603.17,-0.6681854812141731,-0.5112229936678968,0.5516590725939291,0.555,0.010000000000000009,30,30,54026.23,40568.74,
2026-08-27T16:16:16.857659+00:00,KXBTC15M-26AUG271230-30,2026-08-27T16:30:00Z,13.72,80447.38,80494.31,0.58,6389.03,0.5900000000000001,5510.23,25575.98,31132.16,63355.88,71185.59,142690.6,179177.03,0.073853332055943,-0.09797852653957616,0.5853692666602799,0.585,0.01000000000000012,30,30,113187.67,70672.34,
2026-08-27T16:16:37.019934+00:00,KXBTC15M-26AUG271230-30,2026-08-27T16:30:00Z,13.38,80447.38,80477.31,0.56,4772.04,0.5700000000000001,9080.25,19011.5,32390.75,57113.92,68255.63,139680.82,169578.85,-0.3110106704378843,-0.2602852987952862,0.5634449466478105,0.5650000000000001,0.010000000000000009,30,30,113187.67,70672.34,
2026-08-27T16:16:57.179743+00:00,KXBTC15M-26AUG271230-30,2026-08-27T16:30:00Z,13.05,80447.38,80466.02,0.53,4702.08,0.54,6236.99,22783.6,34177.49,56402.22,71175.72,145330.77,170628.99,-0.14031448742900446,-0.20002935337087124,0.534298427562855,0.535,0.010000000000000009,30,30,196523.47,108257.25,
2026-08-27T16:17:17.512614+00:00,KXBTC15M-26AUG271230-30,2026-08-27T16:30:00Z,12.71,80447.38,80496.82,0.58,16413.13,0.5900000000000001,4232.29,37715.01,27638.4,72577.68000000001,67311.41,155272.13,175133.54,0.5900020440368856,0.15418644566519177,0.5879500102201844,0.585,0.01000000000000012,30,30,196523.47,108257.25,
2026-08-27T16:17:37.680518+00:00,KXBTC15M-26AUG271230-30,2026-08-27T16:30:00Z,12.37,80447.38,80494.46,0.61,3604.54,0.62,6586.54,42319.27,36498.13,59096.27,79362.75,141989.24,196296.16,-0.29260883046742836,0.0738560267149132,0.6135369558476629,0.615,0.010000000000000009,30,30,262701.85,142151.54,
2026-08-27T16:17:57.861106+00:00,KXBTC15M-26AUG271230-30,2026-08-27T16:30:00Z,12.04,80447.38,80536.52,0.68,3559.27,0.69,7262.06,30976.09,48863.36,65673.29,76051.84,141421.61,169398.43,-0.3421751300440889,-0.2240404962709538,0.6832891243497796,0.685,0.009999999999999898,30,30,308637.24,166157.25,
2026-08-27T16:18:18.055931+00:00,KXBTC15M-26AUG271230-30,2026-08-27T16:30:00Z,11.7,80447.38,80527.58,0.66,8426.43,0.6699999999999999,3890.58,21996.97,27839.6,42670.47,56526.46,117340.92,149388.6,0.36825901740763384,-0.11723579692583172,0.6668412950870383,0.665,0.009999999999999898,30,30,308637.24,166157.25,
2026-08-27T16:18:38.404695+00:00,KXBTC15M-26AUG271230-30,2026-08-27T16:30:00Z,11.36,80447.38,80504.07,0.63,412.0,0.64,10315.66,15449.17,45670.04,50895.59,72131.79000000001,123033.95,175239.92,-0.9231892136775401,-0.4944577981292625,0.6303840539316123,0.635,0.010000000000000009,30,30,382517.98,191253.17,
2026-08-27T16:18:58.568774+00:00,KXBTC15M-26AUG271230-30,2026-08-27T16:30:00Z,11.03,80447.38,80504.06,0.62,1349.3,0.63,6359.92,19079.37,30193.68,54906.57,70643.81,135272.51,178025.21,-0.6499516163762352,-0.22556569970805543,0.6217502419181188,0.625,0.010000000000000009,30,30,434753.53,209145.66,
2026-08-27T16:19:18.728838+00:00,KXBTC15M-26AUG271230-30,2026-08-27T16:30:00Z,10.69,80447.38,80459.19,0.52,2884.13,0.53,7052.81,20524.12,43222.36,51204.020000000004,59405.36,143111.11000000002,126188.07,-0.4195134518272225,-0.3560704842055593,0.5229024327408639,0.525,0.010000000000000009,30,30,434753.53,209145.66,
2026-08-27T16:19:38.933118+00:00,KXBTC15M-26AUG271230-30,2026-08-27T16:30:00Z,10.35,80447.38,80518.57,0.67,5972.03,0.6799999999999999,10800.86,33394.22,52643.07,70032.65,71953.55,152177.02,149269.09,-0.2878949304502683,-0.22372682821599793,0.6735605253477487,0.675,0.009999999999999898,30,30,515961.33,222260.47,
2026-08-27T16:19:59.136748+00:00,KXBTC15M-26AUG271230-30,2026-08-27T16:30:00Z,10.02,80447.38,80500.76,0.62,1780.15,0.63,7869.77,23798.45,38043.22,68677.1,79043.61,145994.12,152417.5,-0.6310539361984349,-0.23034258292183896,0.6218447303190079,0.625,0.010000000000000009,30,30,558482.74,238867.92,
2026-08-27T16:20:19.329799+00:00,KXBTC15M-26AUG271230-30,2026-08-27T16:30:00Z,9.68,80447.38,80482.69,0.59,4948.5,0.6,2174.24,51395.57,23541.82,72900.14,54878.92,157155.48,125824.15,0.38949336912480315,0.37169362316995563,0.5969474668456239,0.595,0.010000000000000009,30,30,558482.74,238867.92,
2026-08-27T16:20:39.499199+00:00,KXBTC15M-26AUG271230-30,2026-08-27T16:30:00Z,9.34,80447.38,80507.06,0.67,992.07,0.6799999999999999,12347.43,20392.2,48782.69,54108.8,67868.24,141038.77,123552.84,-0.8512582930394693,-0.4104161206472465,0.6707437085348027,0.675,0.009999999999999898,30,30,558482.74,238867.92,
2026-08-27T16:20:59.683188+00:00,KXBTC15M-26AUG271230-30,2026-08-27T16:30:00Z,9.01,80447.38,80510.46,0.66,9071.81,0.6699999999999999,3356.56,40891.67,27623.37,65613.67,63260.04,154744.9,116843.23,0.4598551539743346,0.1936552908675234,0.6672992757698716,0.665,0.009999999999999898,30,30,610064.01,261055.44,
2026-08-27T16:21:19.877817+00:00,KXBTC15M-26AUG271230-30,2026-08-27T16:30:00Z,8.67,80447.38,80501.55,0.64,3569.1,0.65,5658.7,24568.78,26478.75,80853.62,60383.08,157775.72,115210.17,-0.22644617351914867,-0.037415522357301154,0.6438677691324043,0.645,0.010000000000000009,30,30,640118.35,274127.11,
2026-08-27T16:21:40.038929+00:00,KXBTC15M-26AUG271230-30,2026-08-27T16:30:00Z,8.33,80447.38,80515.39,0.67,6187.64,0.6799999999999999,83.17,44139.74,24827.95,59906.74,58098.630000000005,152781.07,112844.36,0.9734739212318664,0.28001213321774293,0.6798673696061592,0.675,0.009999999999999898,30,30,640118.35,274127.11,
2026-08-27T16:22:00.241821+00:00,KXBTC15M-26AUG271230-30,2026-08-27T16:30:00Z,8.0,80447.38,80548.07,0.76,2066.18,0.77,7461.43,28710.489999999998,39683.42,69705.5,59685.520000000004,158228.46,103376.54000000001,-0.5662752778503738,-0.16043723775991167,0.7621686236107481,0.765,0.010000000000000009,30,30,665418.55,283511.11,
2026-08-27T16:22:20.420050+00:00,KXBTC15M-26AUG271230-30,2026-08-27T16:30:00Z,7.66,80447.38,80536.11,0.74,4266.9,0.75,6197.48,27092.92,43585.02,66682.0,60028.26,153727.95,108886.41,-0.18449062438481784,-0.23334154900383342,0.7440775468780759,0.745,0.010000000000000009,30,30,719352.60,284397.65,
2026-08-27T16:22:40.610831+00:00,KXBTC15M-26AUG271230-30,2026-08-27T16:30:00Z,7.32,80447.38,80514.0,0.68,8801.27,0.69,565.99,28671.36,30896.49,60187.92,67956.9,152764.68,119142.38,0.8791556976106141,-0.03735454611841792,0.689395778488053,0.685,0.009999999999999898,30,30,719352.60,284397.65,
2026-08-27T16:23:00.813099+00:00,KXBTC15M-26AUG271230-30,2026-08-27T16:30:00Z,6.99,80447.38,80481.4,0.61,88.55,0.62,8884.01,10927.25,16854.06,43074.87,25801.79,101280.17,100226.64,-0.9802620433856114,-0.21333803193585907,0.610098689783072,0.615,0.010000000000000009,30,30,771806.81,302335.30,
2026-08-27T16:23:20.975298+00:00,KXBTC15M-26AUG271230-30,2026-08-27T16:30:00Z,6.65,80447.38,80499.35,0.7,58.07,0.71,9826.65,16914.05,31866.97,52044.71,61759.66,111180.81,114781.67,-0.9882505523676949,-0.3065315157411633,0.7000587472381615,0.705,0.010000000000000009,30,30,936390.97,321495.18,
2026-08-27T16:23:41.148307+00:00,KXBTC15M-26AUG271230-30,2026-08-27T16:30:00Z,6.32,80447.38,80494.58,0.65,2444.46,0.6599999999999999,9920.1,20890.07,50665.55,60141.94,67555.6,116653.93000000001,126006.55,-0.6046021856014285,-0.41611658175835814,0.6519769890719929,0.655,0.009999999999999898,30,30,936390.97,321495.18,
2026-08-27T16:24:01.355245+00:00,KXBTC15M-26AUG271230-30,2026-08-27T16:30:00Z,5.98,80447.38,80485.01,0.64,7668.55,0.65,2913.58,40154.770000000004,25463.0,62225.98,61475.54,128830.64,116262.12,0.4493395942026794,0.22389925777727593,0.6472466979710133,0.645,0.010000000000000009,30,30,966244.39,328893.91,
2026-08-27T16:24:21.520640+00:00,KXBTC15M-26AUG271230-30,2026-08-27T16:30:00Z,5.64,80447.38,80501.18,0.7,7958.58,0.71,6886.04,48254.86,41691.729999999996,71570.23,59714.94,141115.39,109768.19,0.07225109164128149,0.0729669685087562,0.7053612554582064,0.705,0.010000000000000009,30,30,1003806.30,331279.46,
2026-08-27T16:24:41.682988+00:00,KXBTC15M-26AUG271230-30,2026-08-27T16:30:00Z,5.31,80447.38,80498.75,0.72,863.06,0.73,1597.39,21020.41,22776.15,55245.88,59538.11,127456.89,108098.23,-0.2984535349224736,-0.04008853663392745,0.7235077323253877,0.725,0.010000000000000009,30,30,1003806.30,331279.46,
2026-08-27T16:25:01.864486+00:00,KXBTC15M-26AUG271230-30,2026-08-27T16:30:00Z,4.97,80447.38,80503.67,0.73,3055.02,0.74,1439.85,21672.17,19569.92,39039.47,39047.21,104793.85,86086.75,0.3593363100601352,0.0509734109013389,0.7367966815503006,0.735,0.010000000000000009,30,30,1055816.64,335053.19,
2026-08-27T16:25:22.137055+00:00,KXBTC15M-26AUG271230-30,2026-08-27T16:30:00Z,4.63,80447.38,80512.0,0.77,984.99,0.78,1190.05,47085.67,40640.4,72773.67,56282.81,146812.49,98301.59,-0.09427872590848901,0.07347040623157969,0.7745286063704575,0.775,0.010000000000000009,30,30,1117279.14,342201.94,
2026-08-27T16:25:42.389623+00:00,KXBTC15M-26AUG271230-30,2026-08-27T16:30:00Z,4.3,80447.38,80549.14,0.87,5486.44,0.88,7286.65,39097.729999999996,51593.65,64421.13,60344.65,143025.9,60344.65,-0.14093770575483303,-0.1377850904904083,0.8742953114712256,0.875,0.010000000000000009,30,30,1117279.14,342201.94,
2026-08-27T16:26:02.575996+00:00,KXBTC15M-26AUG271230-30,2026-08-27T16:30:00Z,3.96,80447.38,80492.99,0.71,990.45,0.72,6566.83,18713.45,36064.93,54080.23,49891.0,121526.08,95748.82,-0.7378818834289586,-0.3167578157660011,0.7113105905828551,0.715,0.010000000000000009,30,30,1258654.51,337490.82,
2026-08-27T16:26:22.747875+00:00,KXBTC15M-26AUG271230-30,2026-08-27T16:30:00Z,3.62,80447.38,80497.3,0.74,1728.02,0.75,3738.0,14354.87,22831.23,30964.64,43953.33,89093.99,85667.63,-0.3677227672053889,-0.22794431252537908,0.743161386163973,0.745,0.010000000000000009,30,30,1258654.51,337490.82,
2026-08-27T16:26:42.982050+00:00,KXBTC15M-26AUG271230-30,2026-08-27T16:30:00Z,3.29,80447.38,80485.39,0.73,60.72,0.74,848.56,20403.55,19259.54,49700.55,61343.64,117543.87,109251.28,-0.8664437796938236,0.028843188969896155,0.7306677811015309,0.735,0.010000000000000009,30,30,1442667.22,342309.20,
2026-08-27T16:27:03.143976+00:00,KXBTC15M-26AUG271230-30,2026-08-27T16:30:00Z,2.95,80447.38,80525.86,0.929,376.09,0.9299999999999999,273.9,52658.61,116886.33,71089.61,116886.33,86064.61,116886.33,0.15721780335082078,-0.3788241630803019,0.9295786089016753,0.9295,0.0009999999999998899,30,30,1516373.21,364589.99,
2026-08-27T16:27:23.310130+00:00,KXBTC15M-26AUG271230-30,2026-08-27T16:30:00Z,2.61,80447.38,80546.99,0.94,500.0,0.942,1.0,17954.42,38190.81,17954.42,38190.81,17954.42,38190.81,0.9960079840319361,-0.3604293721835319,0.9419960079840319,0.941,0.0020000000000000018,30,30,1516373.21,364589.99,
2026-08-27T16:27:43.592474+00:00,KXBTC15M-26AUG271230-30,2026-08-27T16:30:00Z,2.27,80447.38,80546.98,0.966,929.31,0.969,138.07,30907.49,279396.71,30907.49,279396.71,30907.49,279396.71,0.7412917611347413,-0.8007923192789528,0.9686119376417022,0.9675,0.0030000000000000027,30,30,1661851.80,354313.30,
2026-08-27T16:28:03.778623+00:00,KXBTC15M-26AUG271230-30,2026-08-27T16:30:00Z,1.94,80447.38,80542.94,0.972,1180.0,0.975,970.97,39498.1,251795.65,39498.1,251795.65,39498.1,251795.65,0.09717941207920146,-0.7288091488403029,0.9736457691181186,0.9735,0.0030000000000000027,30,21,1825569.94,409108.82,
2026-08-27T16:28:23.938585+00:00,KXBTC15M-26AUG271230-30,2026-08-27T16:30:00Z,1.6,80447.38,80527.45,0.974,150.03,0.977,407.58,33738.09,86790.18,33738.09,86790.18,33738.09,86790.18,-0.46188196051003383,-0.440163042247267,0.9748071770592349,0.9755,0.0030000000000000027,30,17,1825569.94,409108.82,
2026-08-27T16:28:44.100486+00:00,KXBTC15M-26AUG271230-30,2026-08-27T16:30:00Z,1.27,80447.38,80490.49,0.934,227.95,0.935,69.0,50596.520000000004,106545.6,65227.43,106545.6,68227.43000000001,106545.6,0.535275298871864,-0.3560412701572309,0.9347676376494359,0.9345000000000001,0.0010000000000000009,30,30,1917289.69,441501.98,
2026-08-27T16:29:04.281992+00:00,KXBTC15M-26AUG271230-30,2026-08-27T16:30:00Z,0.93,80447.38,80504.31,0.993,2561.38,0.994,0.02,53346.26,73083.92,53346.26,73083.92,53346.26,73083.92,0.9999843835402514,-0.1561150984677867,0.99399999219177,0.9935,0.0010000000000000009,30,5,1984571.02,444466.32,
2026-08-27T16:29:24.475729+00:00,KXBTC15M-26AUG271230-30,2026-08-27T16:30:00Z,0.59,80447.38,80486.13,0.997,1200.02,0.998,2131.7,72604.03,67354.59,72604.03,67354.59,72604.03,67354.59,-0.27963934544319446,0.037507086022997384,0.9973601803272784,0.9975,0.0010000000000000009,30,2,1984571.02,444466.32,
2026-08-27T16:29:44.795699+00:00,KXBTC15M-26AUG271230-30,2026-08-27T16:30:00Z,0.25,80447.38,80434.5,0.975,1097.62,0.976,623.48,21407.25,70238.39,39574.56,70238.39,46231.03,70238.39,0.2754866074022427,-0.5328255659516372,0.9756377433037011,0.9755,0.0010000000000000009,30,15,2246265.38,533231.42,
2026-08-27T16:30:25.056552+00:00,KXBTC15M-26AUG271245-45,2026-08-27T16:45:00Z,14.58,80458.09,80397.99,0.37,3727.72,0.38,3747.1,30670.43,21966.55,63342.63,57525.55,192948.13,161918.37,-0.002592704573488072,0.16535675109020315,0.37498703647713255,0.375,0.010000000000000009,30,30,672.09,672.09,
2026-08-27T16:30:45.212157+00:00,KXBTC15M-26AUG271245-45,2026-08-27T16:45:00Z,14.25,80458.09,80354.96,0.28,8507.34,0.29000000000000004,1420.91,33256.24,45774.54,78787.46,62041.47,182558.23,147261.97,0.7137642585551331,-0.1583977786882529,0.2885688212927757,0.28500000000000003,0.010000000000000009,30,30,672.09,672.09,
2026-08-27T16:31:05.454955+00:00,KXBTC15M-26AUG271245-45,2026-08-27T16:45:00Z,13.91,80458.09,80376.31,0.33,4618.07,0.33999999999999997,3567.41,40863.2,25624.91,62968.58,60984.159999999996,166983.06,155403.16,0.12835655331147347,0.22918819620530645,0.3356417827665574,0.33499999999999996,0.009999999999999953,30,30,101794.85,82655.76,
2026-08-27T16:31:25.630007+00:00,KXBTC15M-26AUG271245-45,2026-08-27T16:45:00Z,13.57,80458.09,80385.0,0.35,2590.98,0.36,10293.03,28026.13,29141.55,61814.29,68093.32,166855.12,165609.97,-0.5977991324129678,-0.01951137425902185,0.35201100433793514,0.355,0.010000000000000009,30,30,181757.40,127210.03,
2026-08-27T16:31:45.843280+00:00,KXBTC15M-26AUG271245-45,2026-08-27T16:45:00Z,13.24,80458.09,80374.84,0.32,3325.41,0.32999999999999996,6041.02,47625.33,26579.850000000002,75276.58,58080.88,158982.63999999998,155238.68,-0.28993010143672676,0.2836120066011564,0.32355034949281636,0.32499999999999996,0.009999999999999953,30,30,181757.40,127210.03,
2026-08-27T16:32:06.030263+00:00,KXBTC15M-26AUG271245-45,2026-08-27T16:45:00Z,12.9,80458.09,80387.18,0.36,4123.89,0.37,4095.43,21684.68,22712.31,63157.340000000004,59514.11,157459.07,159070.93,0.003462573546230162,-0.02314638897817174,0.36501731286773115,0.365,0.010000000000000009,30,30,271197.89,156783.77,
2026-08-27T16:32:26.226923+00:00,KXBTC15M-26AUG271245-45,2026-08-27T16:45:00Z,12.56,80458.09,80413.49,0.39,9425.54,0.4,1210.01,46916.98,21491.46,71092.82,56823.38,186748.5,152875.25,0.7724593462491361,0.3716722673401119,0.3988622967312457,0.395,0.010000000000000009,30,30,271197.89,156783.77,
2026-08-27T16:32:46.486558+00:00,KXBTC15M-26AUG271245-45,2026-08-27T16:45:00Z,12.23,80458.09,80373.04,0.3,13989.32,0.31000000000000005,8167.61,35416.61,66076.92,78704.48,87243.88,159149.08,180908.53,0.2627489458151468,-0.3020912761631209,0.30631374472907574,0.30500000000000005,0.010000000000000064,30,30,317549.05,181528.42,
2026-08-27T16:33:06.746454+00:00,KXBTC15M-26AUG271245-45,2026-08-27T16:45:00Z,11.89,80458.09,80393.24,0.34,7876.55,0.35,2659.68,25273.53,31904.27,61261.93,78203.92,158157.06,179144.55,0.49513630587031615,-0.11596703615738978,0.3474756815293516,0.345,0.009999999999999953,30,30,357757.65,200381.67,
2026-08-27T16:33:27.019866+00:00,KXBTC15M-26AUG271245-45,2026-08-27T16:45:00Z,11.55,80458.09,80356.35,0.27,5573.93,0.28,1996.74,27017.72,43850.32,72075.26,67398.73,142760.11,165908.41,0.47250639639556347,-0.23752032651107602,0.27736253198197786,0.275,0.010000000000000009,30,30,357757.65,200381.67,
2026-08-27T16:33:47.201664+00:00,KXBTC15M-26AUG271245-45,2026-08-27T16:45:00Z,11.22,80458.09,80370.88,0.28,5768.88,0.29000000000000004,6546.6,27908.83,47927.57,68335.16,81199.22,145628.03,168948.48,-0.06314979196913155,-0.26397270967503733,0.2846842510401544,0.28500000000000003,0.010000000000000009,30,30,406966.59,223719.55,
2026-08-27T16:34:07.440929+00:00,KXBTC15M-26AUG271245-45,2026-08-27T16:45:00Z,10.88,80458.09,80392.49,0.32,5990.78,0.32999999999999996,2969.95,32542.15,18242.7,70267.43,34418.67,157213.48,134221.3,0.3371187392098635,0.2815692081398291,0.3266855936960493,0.32499999999999996,0.009999999999999953,30,30,406966.59,223719.55,
2026-08-27T16:34:27.713742+00:00,KXBTC15M-26AUG271245-45,2026-08-27T16:45:00Z,10.54,80458.09,80396.99,0.31,1043.88,0.31999999999999995,10587.32,37046.25,33585.659999999996,63907.14,65417.53,150277.46,165434.69,-0.8205034734163283,0.04899471074759275,0.31089748263291833,0.31499999999999995,0.009999999999999953,30,30,445337.32,233276.09,
2026-08-27T16:34:47.876975+00:00,KXBTC15M-26AUG271245-45,2026-08-27T16:45:00Z,10.2,80458.09,80360.92,0.26,6283.82,0.27,11969.5,27366.03,51636.54,74182.4,73215.64,142472.73,156505.32,-0.3114874444758543,-0.3072116514690598,0.26344256277762074,0.265,0.010000000000000009,30,30,477199.35,248113.72,
2026-08-27T16:35:08.035724+00:00,KXBTC15M-26AUG271245-45,2026-08-27T16:45:00Z,9.87,80458.09,80325.14,0.18,8670.04,0.18999999999999995,4485.53,54880.96,41748.3,101186.94,62828.94,116790.02,141796.84,0.31807895819033316,0.13590769503978398,0.18659039479095163,0.18499999999999997,0.009999999999999953,30,30,477199.35,248113.72,
2026-08-27T16:35:28.202832+00:00,KXBTC15M-26AUG271245-45,2026-08-27T16:45:00Z,9.53,80458.09,80293.16,0.13,6062.02,0.14,4434.89,72000.86,45078.99,178322.96,65384.03,178322.96,143045.7,0.1550103792449397,0.22994452076937236,0.1357750518962247,0.135,0.010000000000000009,30,30,548349.27,265684.59,
2026-08-27T16:35:48.364639+00:00,KXBTC15M-26AUG271245-45,2026-08-27T16:45:00Z,9.2,80458.09,80344.52,0.19,6270.37,0.19999999999999996,3286.1,44022.01,26930.19,81899.04,62458.39,105843.06,140194.08,0.31227744135648416,0.24089203717432306,0.19656138720678237,0.19499999999999998,0.009999999999999953,30,30,610393.07,276277.83,
2026-08-27T16:36:08.557812+00:00,KXBTC15M-26AUG271245-45,2026-08-27T16:45:00Z,8.86,80458.09,80295.69,0.12,8978.1,0.13,4991.85,84571.39,48714.63,178491.39,71857.02,178491.39,151431.8,0.2853446146908185,0.2690211621593923,0.1264267230734541,0.125,0.010000000000000009,30,30,610393.07,276277.83,
2026-08-27T16:36:28.809436+00:00,KXBTC15M-26AUG271245-45,2026-08-27T16:45:00Z,8.52,80458.09,80288.99,0.11,8158.19,0.12,11207.74,61008.81,47576.75,68210.81,70935.44,68210.81,149595.72,-0.1574698452385194,0.12370024154224556,0.11421265077380739,0.11499999999999999,0.009999999999999995,30,30,654881.20,298146.95,
2026-08-27T16:36:48.975774+00:00,KXBTC15M-26AUG271245-45,2026-08-27T16:45:00Z,8.19,80458.09,80336.96,0.19,5212.51,0.19999999999999996,2181.93,46344.22,19341.23,67651.12,55370.48,89066.3,131760.2,0.40984577601549277,0.41109545569072,0.19704922888007742,0.19499999999999998,0.009999999999999953,30,30,719069.71,328514.60,
2026-08-27T16:37:09.143871+00:00,KXBTC15M-26AUG271245-45,2026-08-27T16:45:00Z,7.85,80458.09,80371.04,0.24,5515.19,0.25,7490.53,39937.86,38580.38,61486.86,63021.4,100604.13,134689.18,-0.15188240251212545,0.017288721703390235,0.2442405879874394,0.245,0.010000000000000009,30,30,719069.71,328514.60,
2026-08-27T16:37:29.321113+00:00,KXBTC15M-26AUG271245-45,2026-08-27T16:45:00Z,7.51,80458.09,80393.99,0.28,8505.93,0.29000000000000004,3123.54,46337.770000000004,30533.27,68867.16,62966.63,118306.03,138612.43,0.4628233272883459,0.20559758265271294,0.28731411663644174,0.28500000000000003,0.010000000000000009,30,30,771809.83,328720.66,
2026-08-27T16:37:49.545587+00:00,KXBTC15M-26AUG271245-45,2026-08-27T16:45:00Z,7.18,80458.09,80354.96,0.19,6293.32,0.19999999999999996,2347.62,46773.1,27283.55,66524.76,65671.13,89689.16,139110.86000000002,0.4566285612444943,0.2631708293583358,0.19728314280622247,0.19499999999999998,0.009999999999999953,30,30,827562.76,343317.45,
2026-08-27T16:38:09.782860+00:00,KXBTC15M-26AUG271245-45,2026-08-27T16:45:00Z,6.84,80458.09,80390.88,0.25,4037.48,0.26,6784.14,47045.549999999996,28397.4,68728.23999999999,63869.520000000004,107402.97,142123.97,-0.2538122757960453,0.2471821422677665,0.25373093862101975,0.255,0.010000000000000009,30,30,827562.76,343317.45,
2026-08-27T16:38:29.958652+00:00,KXBTC15M-26AUG271245-45,2026-08-27T16:45:00Z,6.5,80458.09,80375.66,0.22,4875.08,0.22999999999999998,4446.78,42365.01,24696.89,61322.61,61204.729999999996,98407.6,129663.01,0.04594576618829291,0.26345987811260946,0.22522972883094144,0.22499999999999998,0.009999999999999981,30,30,827562.76,343317.45,
2026-08-27T16:38:50.335126+00:00,KXBTC15M-26AUG271245-45,2026-08-27T16:45:00Z,6.16,80458.09,80338.08,0.12,9061.18,0.13,8965.03,58701.24,47936.55,160221.55,71945.56,160221.55,138010.24,0.005333899915733792,0.1009462968052882,0.1250266694995787,0.125,0.010000000000000009,30,30,878487.90,355272.74,
2026-08-27T16:39:10.580170+00:00,KXBTC15M-26AUG271245-45,2026-08-27T16:45:00Z,5.83,80458.09,80362.36,0.16,7228.29,0.17000000000000004,8238.28,51624.0,45362.83,178101.01,59856.23,178101.01,127202.82,-0.0653014857204927,0.0645569094278058,0.16467349257139757,0.16500000000000004,0.010000000000000037,30,30,921495.90,355064.79,
2026-08-27T16:39:30.744511+00:00,KXBTC15M-26AUG271245-45,2026-08-27T16:45:00Z,5.49,80458.09,80364.92,0.14,2920.83,0.15000000000000002,9377.43,40022.37,49876.39,158632.56,66072.17,158632.56,131555.95,-0.5250010977162624,-0.10961241289646259,0.14237499451141872,0.14500000000000002,0.010000000000000009,30,30,921495.90,355064.79,
2026-08-27T16:39:50.900789+00:00,KXBTC15M-26AUG271245-45,2026-08-27T16:45:00Z,5.15,80458.09,80396.46,0.24,2504.49,0.25,8379.61,44958.68,25977.95,67146.86,62148.65,106660.31999999999,133140.97,-0.5397892338365139,0.2675730437152145,0.24230105383081743,0.245,0.010000000000000009,30,30,963003.77,358220.59,
2026-08-27T16:40:11.092143+00:00,KXBTC15M-26AUG271245-45,2026-08-27T16:45:00Z,4.82,80458.09,80426.78,0.37,7548.46,0.38,663.12,28892.19,19933.31,67929.37,55908.159999999996,129594.42,153167.53,0.8384914961554293,0.18348772670018734,0.3791924574807772,0.375,0.010000000000000009,30,30,1022985.76,357418.28,
2026-08-27T16:40:31.294082+00:00,KXBTC15M-26AUG271245-45,2026-08-27T16:45:00Z,4.48,80458.09,80427.22,0.32,3318.02,0.32999999999999996,4783.82,29957.71,21384.95,60447.9,57891.770000000004,116731.29,150380.59,-0.180921864662842,0.1669714814152597,0.32409539067668575,0.32499999999999996,0.009999999999999953,30,30,1022985.76,357418.28,
2026-08-27T16:40:51.453439+00:00,KXBTC15M-26AUG271245-45,2026-08-27T16:45:00Z,4.14,80458.09,80470.77,0.57,163.21,0.5800000000000001,2651.64,20696.81,24702.25,35388.81,65047.47,114429.7,155562.11,-0.8840364495443807,-0.08822737739503855,0.5705798177522781,0.575,0.01000000000000012,30,30,1105072.35,354871.21,
2026-08-27T16:41:11.630867+00:00,KXBTC15M-26AUG271245-45,2026-08-27T16:45:00Z,3.81,80458.09,80516.07,0.77,250.02,0.79,988.02,15157.33,39876.65,61986.76,64132.46,133624.8,108357.24,-0.59610351846467,-0.4491646797124249,0.7740389648153533,0.78,0.020000000000000018,30,30,1269234.49,343807.22,
2026-08-27T16:41:31.946900+00:00,KXBTC15M-26AUG271245-45,2026-08-27T16:45:00Z,3.47,80458.09,80531.05,0.84,0.02,0.85,298.49,14633.730000000001,22853.99,28936.73,147838.08000000002,89856.17,147838.08000000002,-0.9998660011389905,-0.21927873981133023,0.840000669994305,0.845,0.010000000000000009,30,30,1269234.49,343807.22,
2026-08-27T16:41:52.193604+00:00,KXBTC15M-26AUG271245-45,2026-08-27T16:45:00Z,3.13,80458.09,80534.45,0.85,6963.06,0.86,808.09,41397.420000000006,20022.52,60272.350000000006,150652.54,119176.72,150652.54,0.7920282068934456,0.34801238815928515,0.8589601410344672,0.855,0.010000000000000009,30,30,1269234.49,343807.22,
2026-08-27T16:42:12.426635+00:00,KXBTC15M-26AUG271245-45,2026-08-27T16:45:00Z,2.8,80458.09,80518.13,0.8,7887.98,0.81,1662.86,37592.35,47326.78,53640.64,70859.51,112972.68,97552.26,0.6517876961607565,-0.11463176789493722,0.8082589384808037,0.805,0.010000000000000009,30,30,1565757.40,355868.31,
2026-08-27T16:42:32.628438+00:00,KXBTC15M-26AUG271245-45,2026-08-27T16:45:00Z,2.46,80458.09,80512.48,0.84,4626.08,0.85,3463.95,24972.11,39046.42,55824.15,164038.59,112601.43000000001,164038.59,0.1436496527206945,-0.21984744104558473,0.8457182482636034,0.845,0.010000000000000009,30,30,1722972.75,341063.74,
2026-08-27T16:42:52.797989+00:00,KXBTC15M-26AUG271245-45,2026-08-27T16:45:00Z,2.12,80458.09,80511.58,0.85,3241.8,0.86,4434.72,49353.82,44921.22,65107.4,164098.67,122953.54000000001,164098.67,-0.15539853996342093,0.047017747221321765,0.854223007300183,0.855,0.010000000000000009,30,30,1722972.75,341063.74,
2026-08-27T16:43:12.995491+00:00,KXBTC15M-26AUG271245-45,2026-08-27T16:45:00Z,1.78,80458.09,80473.51,0.61,1553.48,0.62,3960.15,13282.68,26513.49,43359.47,66611.49,109380.17,137680.28,-0.43649465052968733,-0.3324644054942976,0.6128175267473516,0.615,0.010000000000000009,30,30,1797625.88,349836.16,
2026-08-27T16:43:33.158670+00:00,KXBTC15M-26AUG271245-45,2026-08-27T16:45:00Z,1.45,80458.09,80500.89,0.79,5089.23,0.8,579.82,34658.29,4926.82,52752.29,40133.57,131819.93,69357.0,0.7954436810400333,0.7510771095495251,0.7989772184052003,0.795,0.010000000000000009,30,30,1959814.44,353143.75,
2026-08-27T16:43:53.385672+00:00,KXBTC15M-26AUG271245-45,2026-08-27T16:45:00Z,1.11,80458.09,80508.46,0.969,122.67,0.97,3985.22,32362.27,125363.37,32362.27,125363.37,32362.27,125363.37,-0.9402759080695929,-0.5896384379863667,0.9690298620459653,0.9695,0.0010000000000000009,30,28,2192373.45,363677.54,
2026-08-27T16:44:13.554546+00:00,KXBTC15M-26AUG271245-45,2026-08-27T16:45:00Z,0.78,80458.09,80549.45,0.996,2393.55,0.997,31.0,50227.75,60045.08,50227.75,60045.08,50227.75,60045.08,0.9744282444164897,-0.08902764171373857,0.9969872141222084,0.9964999999999999,0.0010000000000000009,30,3,2192373.45,363677.54,
2026-08-27T16:44:33.736855+00:00,KXBTC15M-26AUG271245-45,2026-08-27T16:45:00Z,0.44,80458.09,80593.33,0.999,47153.04,,0.0,134066.49,0,134066.49,0,134066.49,0,1.0,1.0,,,,30,0,2464834.98,419409.94,
2026-08-27T16:45:54.297124+00:00,KXBTC15M-26AUG271300-00,2026-08-27T17:00:00Z,14.1,80581.22,80560.69,0.44,12538.95,0.44999999999999996,2552.1,45751.96,23878.9,62683.05,60003.44,138558.81,150318.75,0.6617730376613953,0.3141288216173116,0.4483088651883069,0.44499999999999995,0.009999999999999953,30,30,93086.35,63263.65,
2026-08-27T16:46:14.502143+00:00,KXBTC15M-26AUG271300-00,2026-08-27T17:00:00Z,13.76,80581.22,80561.05,0.41,11467.52,0.42000000000000004,4439.75,46734.17,29166.35,63081.4,61077.75,140582.15,141183.93,0.44179610957757054,0.2314584933014952,0.4172089805478879,0.41500000000000004,0.010000000000000064,30,30,172411.77,110827.28,
2026-08-27T16:46:34.685565+00:00,KXBTC15M-26AUG271300-00,2026-08-27T17:00:00Z,13.42,80581.22,80537.28,0.39,1247.78,0.4,12021.8,22615.7,47189.9,51713.04,64984.9,140782.75,149383.67,-0.8119337612795581,-0.35203765886977545,0.39094033119360216,0.395,0.010000000000000009,30,30,172411.77,110827.28,
2026-08-27T16:46:54.893951+00:00,KXBTC15M-26AUG271300-00,2026-08-27T17:00:00Z,13.09,80581.22,80521.95,0.34,50.0,0.35,11285.14,17908.97,43110.51,51124.58,62687.97,129832.01,138819.09,-0.991177876938441,-0.4130081082303553,0.3400441106153078,0.345,0.009999999999999953,30,30,246509.98,137285.27,
2026-08-27T16:47:15.081633+00:00,KXBTC15M-26AUG271300-00,2026-08-27T17:00:00Z,12.75,80581.22,80478.38,0.28,8470.83,0.29000000000000004,10183.44,29005.98,46401.840000000004,65582.36,62162.0,133272.83000000002,135253.52,-0.09180793459084706,-0.2306903978924202,0.28454096032704584,0.28500000000000003,0.010000000000000009,30,30,326002.56,153449.39,
2026-08-27T16:47:35.233125+00:00,KXBTC15M-26AUG271300-00,2026-08-27T17:00:00Z,12.41,80581.22,80485.11,0.26,7451.77,0.27,532.21,32884.91,40719.82,73867.2,57313.88,131401.14,130050.96,0.866680527756833,-0.1064457406473741,0.2693334026387842,0.265,0.010000000000000009,30,30,326002.56,153449.39,
2026-08-27T16:47:55.498409+00:00,KXBTC15M-26AUG271300-00,2026-08-27T17:00:00Z,12.08,80581.22,80458.92,0.23,2383.69,0.24,16398.02,17183.51,49752.01,61032.83,70717.27,110164.29,136024.73,-0.7461690122997321,-0.4865652795406684,0.23126915493850136,0.235,0.009999999999999981,30,30,380628.38,165021.25,
2026-08-27T16:48:15.730317+00:00,KXBTC15M-26AUG271300-00,2026-08-27T17:00:00Z,11.74,80581.22,80449.82,0.22,2396.99,0.22999999999999998,1268.44,41008.93,20962.35,67135.49,55938.38,109721.95999999999,122650.3,0.30789020660604616,0.3234817805925584,0.22653945103303022,0.22499999999999998,0.009999999999999981,30,30,454360.83,202027.02,
2026-08-27T16:48:35.889111+00:00,KXBTC15M-26AUG271300-00,2026-08-27T17:00:00Z,11.4,80581.22,80436.11,0.18,4724.78,0.18999999999999995,7955.01,48518.71,40915.69,98615.36,60587.270000000004,104624.36,129442.24,-0.2547542191156163,0.08501225479233938,0.1837262289044219,0.18499999999999997,0.009999999999999953,30,30,454360.83,202027.02,
2026-08-27T16:48:56.046567+00:00,KXBTC15M-26AUG271300-00,2026-08-27T17:00:00Z,11.07,80581.22,80462.43,0.21,10683.77,0.21999999999999997,1723.93,50355.41,17141.42,78498.58,52860.9,115604.66,118839.27,0.7221193291262683,0.492082220750219,0.21861059664563134,0.21499999999999997,0.009999999999999981,30,30,521387.96,242669.45,
2026-08-27T16:49:16.246438+00:00,KXBTC15M-26AUG271300-00,2026-08-27T17:00:00Z,10.73,80581.22,80459.97,0.21,7166.09,0.21999999999999997,2722.01,44808.96,36171.979999999996,77720.17,57078.85,116619.54,123298.9,0.4494372022936661,0.10665447943676627,0.21724718601146834,0.21499999999999997,0.009999999999999981,30,30,561933.18,263774.34,
2026-08-27T16:49:36.461887+00:00,KXBTC15M-26AUG271300-00,2026-08-27T17:00:00Z,10.39,80581.22,80445.54,0.17,8228.05,0.18000000000000005,7202.07,47286.35,45357.25,110780.59999999999,68035.0,112784.59999999999,131818.49,0.06649202987403854,0.02082280913090595,0.17533246014937023,0.17500000000000004,0.010000000000000037,30,30,561933.18,263774.34,
2026-08-27T16:49:56.727914+00:00,KXBTC15M-26AUG271300-00,2026-08-27T17:00:00Z,10.06,80581.22,80468.39,0.21,4184.9,0.21999999999999997,905.45,44498.94,34812.36,82227.11,62531.62,117950.05,131024.23,0.6442484308544599,0.12213366821625672,0.21822124215427227,0.21499999999999997,0.009999999999999981,30,30,615359.29,285934.70,
2026-08-27T16:50:17.001492+00:00,KXBTC15M-26AUG271300-00,2026-08-27T17:00:00Z,9.72,80581.22,80449.65,0.18,6001.73,0.18999999999999995,3544.02,47731.78,38668.65,93507.65,65097.73,110009.84,133306.80000000002,0.2574664117539219,0.10489681590705044,0.18628733205876957,0.18499999999999997,0.009999999999999953,30,30,615359.29,285934.70,
2026-08-27T16:50:37.169709+00:00,KXBTC15M-26AUG271300-00,2026-08-27T17:00:00Z,9.38,80581.22,80446.26,0.15,4897.0,0.16000000000000003,8149.44,59185.5,47063.68,99164.33,64313.66,99164.33,136483.39,-0.24929712626586256,0.11408859814259273,0.1537535143686707,0.15500000000000003,0.010000000000000037,30,30,657690.43,310127.07,
2026-08-27T16:50:57.480925+00:00,KXBTC15M-26AUG271300-00,2026-08-27T17:00:00Z,9.04,80581.22,80467.17,0.2,6672.66,0.20999999999999996,3559.25,34378.66,36677.03,76953.07,63494.07,112551.08,131892.55,0.3042843418286517,-0.03234603731242347,0.20652142170914323,0.205,0.009999999999999953,30,30,657690.43,310127.07,
2026-08-27T16:51:17.651548+00:00,KXBTC15M-26AUG271300-00,2026-08-27T17:00:00Z,8.71,80581.22,80464.46,0.21,6207.15,0.21999999999999997,2685.07,42108.340000000004,15082.0,77236.1,54164.44,116219.06,120780.7,0.39608556693379154,0.47256826939654495,0.21698042783466898,0.21499999999999997,0.009999999999999981,30,30,737108.80,335935.52,
2026-08-27T16:51:37.833870+00:00,KXBTC15M-26AUG271300-00,2026-08-27T17:00:00Z,8.37,80581.22,80483.21,0.24,8911.18,0.25,238.9,47425.6,25878.79,66529.92,64925.64,129012.98,133701.09,0.9477818773169198,0.2939361476168071,0.24973890938658458,0.245,0.010000000000000009,30,30,778552.59,339544.90,
2026-08-27T16:51:57.988896+00:00,KXBTC15M-26AUG271300-00,2026-08-27T17:00:00Z,8.03,80581.22,80492.5,0.23,6321.0,0.24,2642.46,39615.14,28883.96,68163.22,64872.98,126223.46,131841.12,0.41039286168510825,0.15666162037165451,0.23705196430842557,0.235,0.009999999999999981,30,30,778552.59,339544.90,
2026-08-27T16:52:18.151320+00:00,KXBTC15M-26AUG271300-00,2026-08-27T17:00:00Z,7.7,80581.22,80500.0,0.25,5414.58,0.26,1164.09,45470.020000000004,27743.84,66409.02,63286.77,128405.51,136120.35,0.6461017196485004,0.24211508585942612,0.2582305085982425,0.255,0.010000000000000009,30,30,819640.59,344321.50,
2026-08-27T16:52:38.314588+00:00,KXBTC15M-26AUG271300-00,2026-08-27T17:00:00Z,7.36,80581.22,80486.42,0.21,1293.84,0.21999999999999997,5266.87,34392.9,36761.29,71215.65,64211.17,112392.34,127992.73,-0.6055792741944088,-0.033285320232020056,0.21197210362902796,0.21499999999999997,0.009999999999999981,30,30,854134.32,352104.93,
2026-08-27T16:52:58.477850+00:00,KXBTC15M-26AUG271300-00,2026-08-27T17:00:00Z,7.03,80581.22,80507.22,0.25,6418.05,0.26,5236.06,28426.260000000002,22192.29,63749.26,59653.2,126439.6,133882.8,0.1014225882542725,0.12315583911431681,0.2555071129412714,0.255,0.010000000000000009,30,30,854134.32,352104.93,
2026-08-27T16:53:18.666948+00:00,KXBTC15M-26AUG271300-00,2026-08-27T17:00:00Z,6.69,80581.22,80507.75,0.27,6101.96,0.28,2645.52,38166.31,19048.5,57978.43,51210.62,121434.81999999999,125584.91,0.3951355133135486,0.33414093309057563,0.2769756775665678,0.275,0.010000000000000009,30,30,882017.18,364198.67,
2026-08-27T16:53:38.861731+00:00,KXBTC15M-26AUG271300-00,2026-08-27T17:00:00Z,6.35,80581.22,80509.69,0.26,6925.55,0.27,500.01,22597.7,31286.35,56592.27,49083.93,122551.1,123505.52,0.8653273288479252,-0.161247159409881,0.26932663664423967,0.265,0.010000000000000009,30,30,932568.34,366221.39,
2026-08-27T16:53:59.020795+00:00,KXBTC15M-26AUG271300-00,2026-08-27T17:00:00Z,6.02,80581.22,80525.65,0.29,3134.6,0.30000000000000004,2812.92,46192.61,22400.46,63759.18,54370.15,131129.91,128575.45999999999,0.05408640912514793,0.34685938389986043,0.2952704320456257,0.29500000000000004,0.010000000000000064,30,30,932568.34,366221.39,
2026-08-27T16:54:19.185055+00:00,KXBTC15M-26AUG271300-00,2026-08-27T17:00:00Z,5.68,80581.22,80501.06,0.2,3672.86,0.20999999999999996,4498.7,22401.16,14080.1,78302.4,53339.45,117127.41,123706.89,-0.10106271018018588,0.22809135430081084,0.20449468644909907,0.205,0.009999999999999953,30,30,997475.94,373778.26,
2026-08-27T16:54:39.344292+00:00,KXBTC15M-26AUG271300-00,2026-08-27T17:00:00Z,5.35,80581.22,80455.45,0.098,643.12,0.09899999999999998,839.58,42595.4,32469.12,42595.4,56441.32,42595.4,135630.81,-0.13250151750185474,0.13490101581945774,0.09843374924124908,0.09849999999999999,0.0009999999999999731,30,30,997475.94,373778.26,
2026-08-27T16:54:59.514488+00:00,KXBTC15M-26AUG271300-00,2026-08-27T17:00:00Z,5.01,80581.22,80467.49,0.12,486.38,0.13,8626.13,32972.95,46922.33,37641.73,73320.58,37641.73,146721.81,-0.8932500485596175,-0.174595795896829,0.12053374975720191,0.125,0.010000000000000009,30,30,1116309.15,379324.06,
2026-08-27T16:55:19.719939+00:00,KXBTC15M-26AUG271300-00,2026-08-27T17:00:00Z,4.67,80581.22,80434.15,0.054,0.06,0.05500000000000005,1515.75,52425.44,68901.74,52425.44,68901.74,52425.44,68901.74,-0.9999208344053675,-0.13580056834750467,0.05400003958279731,0.05450000000000002,0.0010000000000000495,30,30,1177929.40,391253.47,
2026-08-27T16:55:39.893905+00:00,KXBTC15M-26AUG271300-00,2026-08-27T17:00:00Z,4.34,80581.22,80416.68,0.033,556.06,0.03400000000000003,1020.22,243686.29,21350.02,243686.29,21350.02,243686.29,21350.02,-0.29446545030070803,0.8388898487154459,0.033352767274849655,0.033500000000000016,0.0010000000000000286,30,30,1177929.40,391253.47,
2026-08-27T16:56:00.061895+00:00,KXBTC15M-26AUG271300-00,2026-08-27T17:00:00Z,4.0,80581.22,80400.58,0.031,943.01,0.03300000000000003,908.13,247413.22,25918.12,247413.22,25918.12,247413.22,25918.12,0.018842443035102692,0.8103538364828562,0.03201884244303512,0.032000000000000015,0.0020000000000000295,28,30,1293500.29,405708.74,
2026-08-27T16:56:20.348157+00:00,KXBTC15M-26AUG271300-00,2026-08-27T17:00:00Z,3.66,80581.22,80384.65,0.017,70.01,0.019000000000000017,892.64,213035.23,22193.03,213035.23,22193.03,213035.23,22193.03,-0.8545473432711785,0.8113064306133966,0.017145452656728826,0.01800000000000001,0.0020000000000000157,17,30,1371941.30,432906.71,
2026-08-27T16:56:40.499475+00:00,KXBTC15M-26AUG271300-00,2026-08-27T17:00:00Z,3.33,80581.22,80394.71,0.021,901.3,0.02200000000000002,133.01,192994.0,26065.21,192994.0,26065.21,192994.0,26065.21,0.7428043816650715,0.7620258924516344,0.021871402190832553,0.021500000000000012,0.0010000000000000182,16,30,1371941.30,432906.71,
2026-08-27T16:57:00.663591+00:00,KXBTC15M-26AUG271300-00,2026-08-27T17:00:00Z,2.99,80581.22,80405.98,0.016,1702.55,0.017000000000000015,1183.66,199256.03,26630.07,199256.03,26630.07,199256.03,26630.07,0.17978248291011392,0.7642168331738871,0.016589891241455067,0.016500000000000008,0.0010000000000000148,14,30,1499314.60,480896.31,
2026-08-27T16:57:20.832495+00:00,KXBTC15M-26AUG271300-00,2026-08-27T17:00:00Z,2.65,80581.22,80416.05,0.007,448.67,0.009000000000000008,27.01,172964.68,34113.74,172964.68,34113.74,172964.68,34113.74,0.8864362596703667,0.6705234664239761,0.008886436259670375,0.008000000000000004,0.002000000000000008,7,30,1499314.60,480896.31,
2026-08-27T16:57:41.042069+00:00,KXBTC15M-26AUG271300-00,2026-08-27T17:00:00Z,2.32,80581.22,80419.16,0.009,0.01,0.010000000000000009,1706.21,170775.88999999998,36276.23,170775.88999999998,36276.23,170775.88999999998,36276.23,-0.9999882781821805,0.649593252172448,0.009000005860908909,0.009500000000000005,0.0010000000000000096,9,30,1635265.97,505889.96,
2026-08-27T16:58:01.310835+00:00,KXBTC15M-26AUG271300-00,2026-08-27T17:00:00Z,1.98,80581.22,80412.58,0.003,545.01,0.0040000000000000036,8122.41,153555.56999999998,53043.22,153555.56999999998,53043.22,153555.56999999998,53043.22,-0.8742393930373744,0.48650986774898336,0.003062880303481313,0.003500000000000002,0.0010000000000000035,3,30,1635265.97,505889.96,
2026-08-27T16:58:21.650906+00:00,KXBTC15M-26AUG271300-00,2026-08-27T17:00:00Z,1.64,80581.22,80411.97,,0.0,0.0010000000000000009,295196.2,0,360521.15,0,360521.15,0,360521.15,-1.0,-1.0,,,,0,30,1721331.10,549290.36,
2026-08-27T16:58:41.862092+00:00,KXBTC15M-26AUG271300-00,2026-08-27T17:00:00Z,1.3,80581.22,80434.47,,0.0,0.0010000000000000009,250508.72,0,316137.8,0,316137.8,0,316137.8,-1.0,-1.0,,,,0,30,2001608.90,695898.67,
2026-08-27T16:59:02.049548+00:00,KXBTC15M-26AUG271300-00,2026-08-27T17:00:00Z,0.97,80581.22,80381.58,,0.0,0.0010000000000000009,61127.82,0,142722.38,0,142722.38,0,142722.38,-1.0,-1.0,,,,0,30,2001608.90,695898.67,
2026-08-27T16:59:22.226923+00:00,KXBTC15M-26AUG271300-00,2026-08-27T17:00:00Z,0.63,80581.22,80417.88,,0.0,0.0010000000000000009,186748.61,0,279962.14999999997,0,279962.14999999997,0,279962.14999999997,-1.0,-1.0,,,,0,30,2073520.00,762065.76,
2026-08-27T16:59:42.418685+00:00,KXBTC15M-26AUG271300-00,2026-08-27T17:00:00Z,0.29,80581.22,80393.01,,0.0,0.0010000000000000009,122340.03,0,198401.88,0,198401.88,0,198401.88,-1.0,-1.0,,,,0,30,2162163.68,830558.90,
2026-08-27T17:00:42.837949+00:00,KXBTC15M-26AUG271315-15,2026-08-27T17:15:00Z,14.29,,80392.9,0.48,1188.34,0.49,2213.03,22234.39,32378.96,71339.39,61910.96,171563.51,171200.92,-0.3012580225026975,-0.18575256782453375,0.4834937098874865,0.485,0.010000000000000009,30,30,14331.85,10476.13,
2026-08-27T17:01:03.001703+00:00,KXBTC15M-26AUG271315-15,2026-08-27T17:15:00Z,13.95,80404.69,80338.08,0.36,60.02,0.37,12009.99,18160.14,29866.17,57319.13,60177.2,177206.88999999998,146474.7,-0.9900546892670345,-0.2437420239031481,0.3600497265536648,0.365,0.010000000000000009,30,30,66602.57,35666.09,
2026-08-27T17:01:23.173874+00:00,KXBTC15M-26AUG271315-15,2026-08-27T17:15:00Z,13.62,80404.69,80352.53,0.38,3259.28,0.39,6702.78,23910.84,26547.95,64119.33,60106.7,186652.24,148604.88,-0.34566143950146855,-0.05226264839089484,0.3832716928024927,0.385,0.010000000000000009,30,30,66602.57,35666.09,
2026-08-27T17:01:43.372937+00:00,KXBTC15M-26AUG271315-15,2026-08-27T17:15:00Z,13.28,80404.69,80346.76,0.35,536.02,0.36,11935.58,15615.9,43044.979999999996,55305.68,60993.61,159041.45,145752.07,-0.9140415022932101,-0.46758725747039587,0.3504297924885339,0.355,0.010000000000000009,30,30,162561.61,92568.72,
2026-08-27T17:02:03.602283+00:00,KXBTC15M-26AUG271315-15,2026-08-27T17:15:00Z,12.94,80404.69,80261.83,0.23,6269.07,0.24,5688.73,27059.7,27967.67,81853.07,66040.0,140687.06,138422.81,0.04853233872451456,-0.016500334288191452,0.2352426616936226,0.235,0.009999999999999981,30,30,205536.22,124244.48,
2026-08-27T17:02:23.874533+00:00,KXBTC15M-26AUG271315-15,2026-08-27T17:15:00Z,12.6,80404.69,80261.48,0.23,853.17,0.24,11518.65,22060.04,43805.35,76548.68,66963.68,129084.63,140150.52,-0.8620784977472999,-0.33014774527259305,0.2306896075112635,0.235,0.009999999999999981,30,30,205536.22,124244.48,
2026-08-27T17:02:44.140215+00:00,KXBTC15M-26AUG271315-15,2026-08-27T17:15:00Z,12.27,80404.69,80250.01,0.21,329.41,0.21999999999999997,14482.02,41390.09,46589.020000000004,84182.73,70124.12,127227.72,139925.05,-0.9555194873148642,-0.059092777819643866,0.2102224025634257,0.21499999999999997,0.009999999999999981,30,30,288118.01,171784.39,
2026-08-27T17:03:04.296264+00:00,KXBTC15M-26AUG271315-15,2026-08-27T17:15:00Z,11.93,80404.69,80267.39,0.23,9454.26,0.24,695.02,42389.91,19214.26,80119.41,54326.59,135374.3,130023.22,0.8630405309539199,0.3762026174526823,0.23931520265476958,0.235,0.009999999999999981,30,30,341335.40,204514.65,
2026-08-27T17:03:24.499621+00:00,KXBTC15M-26AUG271315-15,2026-08-27T17:15:00Z,11.59,80404.69,80238.52,0.18,3121.28,0.18999999999999995,14297.54,48772.14,48710.24,106908.58,67558.72,121777.58,139444.17,-0.6416198112156851,0.000634986548338289,0.18179190094392159,0.18499999999999997,0.009999999999999953,30,30,341335.40,204514.65,
2026-08-27T17:03:44.735871+00:00,KXBTC15M-26AUG271315-15,2026-08-27T17:15:00Z,11.26,80404.69,80285.23,0.25,3476.68,0.26,5431.57,36283.7,39907.57,63036.37,63766.52,130565.79000000001,136795.06,-0.21944714169449667,-0.04756279820509624,0.2539027642915275,0.255,0.010000000000000009,30,30,396955.29,238269.61,
2026-08-27T17:04:04.903729+00:00,KXBTC15M-26AUG271315-15,2026-08-27T17:15:00Z,10.92,80404.69,80313.75,0.28,6260.03,0.29000000000000004,2803.66,23030.29,29190.45,56350.74,66492.89,144675.15,142140.79,0.38134247751191847,-0.11796385880399242,0.28690671238755966,0.28500000000000003,0.010000000000000009,30,30,456603.07,243027.24,
2026-08-27T17:04:25.095281+00:00,KXBTC15M-26AUG271315-15,2026-08-27T17:15:00Z,10.58,80404.69,80326.39,0.32,7220.08,0.32999999999999996,3492.53,28877.37,17321.73,67240.74,50936.65,140498.15,119952.91,0.3479590874679466,0.2501269505250102,0.3267397954373397,0.32499999999999996,0.009999999999999953,30,30,456603.07,243027.24,
2026-08-27T17:04:45.298983+00:00,KXBTC15M-26AUG271315-15,2026-08-27T17:15:00Z,10.25,80404.69,80327.45,0.34,7558.03,0.35,0.1,24005.03,15696.29,45607.56,32087.55,123925.69,98646.56,0.9999735384281561,0.209281202740866,0.34999986769214075,0.345,0.009999999999999953,30,30,537853.90,288802.91,
2026-08-27T17:05:05.457105+00:00,KXBTC15M-26AUG271315-15,2026-08-27T17:15:00Z,9.91,80404.69,80355.2,0.38,646.07,0.39,6361.43,22434.62,38436.08,59382.3,58432.75,135988.55,124969.23,-0.8156061362825545,-0.2628762278074674,0.38092196931858724,0.385,0.010000000000000009,30,30,537853.90,288802.91,
2026-08-27T17:05:25.659648+00:00,KXBTC15M-26AUG271315-15,2026-08-27T17:15:00Z,9.57,80404.69,80326.75,0.29,1343.82,0.30000000000000004,5614.04,47820.98,38209.82,68641.68,58154.62,132485.24,128074.57,-0.6137260594493135,0.11171766390641495,0.29193136970275346,0.29500000000000004,0.010000000000000064,30,30,606433.87,314088.71,
2026-08-27T17:05:45.865217+00:00,KXBTC15M-26AUG271315-15,2026-08-27T17:15:00Z,9.24,80404.69,80346.16,0.32,57.25,0.32999999999999996,8469.16,18998.45,22292.14,58941.21,54214.57,124533.51,126969.24,-0.9865711360349784,-0.07976853806157769,0.3200671443198251,0.32499999999999996,0.009999999999999953,30,30,652286.98,333742.99,
2026-08-27T17:06:06.033538+00:00,KXBTC15M-26AUG271315-15,2026-08-27T17:15:00Z,8.9,80404.69,80381.98,0.46,4247.73,0.47,2953.34,19380.01,21391.56,51802.01,52829.1,130498.67,114607.28,0.17974967608980325,-0.04933707482934807,0.46589874838044903,0.46499999999999997,0.009999999999999953,30,30,652286.98,333742.99,
2026-08-27T17:06:26.216698+00:00,KXBTC15M-26AUG271315-15,2026-08-27T17:15:00Z,8.56,80404.69,80431.42,0.57,4064.92,0.5800000000000001,3388.86,31973.75,24782.8,69496.18,56779.94,136648.71,116468.75,0.0907002889808929,0.12669815201945855,0.5754535014449045,0.575,0.01000000000000012,30,30,727109.18,310322.55,
2026-08-27T17:06:46.396501+00:00,KXBTC15M-26AUG271315-15,2026-08-27T17:15:00Z,8.23,80404.69,80483.96,0.71,6264.93,0.72,7152.34,27914.97,30751.09,53165.36,63774.68,129131.97,118119.27,-0.06613938603009403,-0.048343454460722246,0.7146693030698495,0.715,0.010000000000000009,30,30,727109.18,310322.55,
2026-08-27T17:07:06.576935+00:00,KXBTC15M-26AUG271315-15,2026-08-27T17:15:00Z,7.89,80404.69,80404.66,0.49,2609.59,0.5,11880.53,21956.18,31950.95,50558.43,70901.35,133224.33,151722.45,-0.6398111264779036,-0.18540719938160313,0.49180094436761046,0.495,0.010000000000000009,30,30,872076.48,308934.79,
2026-08-27T17:07:26.748563+00:00,KXBTC15M-26AUG271315-15,2026-08-27T17:15:00Z,7.56,80404.69,80400.0,0.49,2232.73,0.5,5781.34,21761.99,35594.46,53384.24,70834.26,128115.07,148853.84,-0.44279747993216934,-0.24116677374558568,0.49278601260033916,0.495,0.010000000000000009,30,30,1003763.51,283303.32,
2026-08-27T17:07:46.940042+00:00,KXBTC15M-26AUG271315-15,2026-08-27T17:15:00Z,7.22,80404.69,80413.6,0.54,4049.2,0.55,5879.5,26288.12,28770.6,67626.83,58430.6,149863.99,139505.79,-0.1843443753965776,-0.045087862558374034,0.544078278123017,0.545,0.010000000000000009,30,30,1003763.51,283303.32,
2026-08-27T17:08:07.136190+00:00,KXBTC15M-26AUG271315-15,2026-08-27T17:15:00Z,6.88,80404.69,80408.06,0.51,1703.02,0.52,8106.89,21718.36,35276.34,49809.36,66352.96,129587.42,145768.99,-0.6527959991478006,-0.23788141704404087,0.5117360200042611,0.515,0.010000000000000009,30,30,1072834.04,276181.88,
2026-08-27T17:08:27.325721+00:00,KXBTC15M-26AUG271315-15,2026-08-27T17:15:00Z,6.55,80404.69,80443.54,0.62,5422.7,0.63,6923.0,22586.49,49006.04,55478.6,74356.59,130906.89,132644.43,-0.12152409340904122,-0.3690266288955007,0.6243923795329547,0.625,0.010000000000000009,30,30,1121646.11,281221.39,
2026-08-27T17:08:47.492473+00:00,KXBTC15M-26AUG271315-15,2026-08-27T17:15:00Z,6.21,80404.69,80486.98,0.76,2568.01,0.77,6999.06,22973.989999999998,36856.46,60240.43,56360.68,134399.67,99243.6,-0.46315643138390333,-0.2320301786130641,0.7626842178430805,0.765,0.010000000000000009,30,30,1121646.11,281221.39,
2026-08-27T17:09:07.652691+00:00,KXBTC15M-26AUG271315-15,2026-08-27T17:15:00Z,5.87,80404.69,80445.01,0.65,1159.34,0.6599999999999999,8968.73,17272.47,30364.95,51895.12,68637.70999999999,132201.88,128069.20999999999,-0.7710639835625148,-0.2748360427579831,0.6511446800821874,0.655,0.009999999999999898,30,30,1233828.30,295626.69,
2026-08-27T17:09:27.846177+00:00,KXBTC15M-26AUG271315-15,2026-08-27T17:15:00Z,5.54,80404.69,80482.74,0.78,416.25,0.79,3423.84,17968.77,56650.84,52523.0,73928.18,124462.97,115328.47,-0.7832082060576705,-0.5183901389996542,0.7810839589697117,0.785,0.010000000000000009,30,30,1233828.30,295626.69,
2026-08-27T17:09:48.039744+00:00,KXBTC15M-26AUG271315-15,2026-08-27T17:15:00Z,5.2,80404.69,80535.88,0.87,3732.91,0.88,345.55,40950.04,66253.86,68003.39,78311.86,137845.86000000002,78311.86,0.8305487855710243,-0.2360345099385377,0.879152743927855,0.875,0.010000000000000009,30,30,1310596.37,304412.93,
2026-08-27T17:10:08.214443+00:00,KXBTC15M-26AUG271315-15,2026-08-27T17:15:00Z,4.86,80404.69,80537.64,0.905,842.02,0.907,1500.0,40578.72,64439.29,60812.89,64439.29,124819.65,64439.29,-0.2809455085780651,-0.2272045528190831,0.905719054491422,0.906,0.0020000000000000018,30,30,1310596.37,304412.93,
2026-08-27T17:10:28.415239+00:00,KXBTC15M-26AUG271315-15,2026-08-27T17:15:00Z,4.53,80404.69,80563.7,0.941,138.11,0.942,1666.23,17611.65,62529.97,17611.65,62529.97,17611.65,62529.97,-0.8469135528780606,-0.5604867982454061,0.9410765432235608,0.9415,0.0010000000000000009,30,30,1417950.20,298524.68,
2026-08-27T17:10:48.663526+00:00,KXBTC15M-26AUG271315-15,2026-08-27T17:15:00Z,4.19,80404.69,80545.83,0.89,8211.71,0.9,2987.52,43066.59,112100.73,71188.98,116172.6,144663.61,116172.6,0.4664776060497015,-0.44490128462616996,0.8973323880302486,0.895,0.010000000000000009,30,30,1512325.48,311115.97,
2026-08-27T17:11:08.851977+00:00,KXBTC15M-26AUG271315-15,2026-08-27T17:15:00Z,3.85,80404.69,80573.61,0.938,16.78,0.9390000000000001,2537.97,40259.54,135431.9,40259.54,135431.9,40259.54,135431.9,-0.9868636852921028,-0.5417017471084532,0.938006568157354,0.9385,0.001000000000000112,30,30,1512325.48,311115.97,
2026-08-27T17:11:29.013938+00:00,KXBTC15M-26AUG271315-15,2026-08-27T17:15:00Z,3.52,80404.69,80561.1,0.931,0.01,0.9319999999999999,1051.51,40671.48,138302.78,57788.53,138302.78,66413.53,138302.78,-0.9999809799147901,-0.5455046999495904,0.9310000095100427,0.9315,0.0009999999999998899,30,30,1654762.89,330535.72,
2026-08-27T17:11:49.174041+00:00,KXBTC15M-26AUG271315-15,2026-08-27T17:15:00Z,3.18,80404.69,80521.91,0.919,1577.6,0.92,5.02,40261.28,47124.35,61740.38,47124.35,85244.36,47124.35,0.9936560892696921,-0.07853774127393713,0.9199968280446349,0.9195,0.0010000000000000009,30,30,1767709.84,366064.62,
2026-08-27T17:12:09.405254+00:00,KXBTC15M-26AUG271315-15,2026-08-27T17:15:00Z,2.85,80404.69,80526.37,0.947,1663.54,0.948,2638.04,15531.539999999999,74925.14,15531.539999999999,74925.14,15531.539999999999,74925.14,-0.22654466498356418,-0.6565971689431892,0.9473867276675082,0.9475,0.0010000000000000009,30,30,1767709.84,366064.62,
2026-08-27T17:12:29.590802+00:00,KXBTC15M-26AUG271315-15,2026-08-27T17:15:00Z,2.51,80404.69,80526.38,0.972,2392.55,0.975,355.16,16983.49,219472.87,16983.49,219472.87,16983.49,219472.87,0.7414865469791209,-0.8563498989834742,0.9746122298204687,0.9735,0.0030000000000000027,30,24,1874249.39,370696.94,
2026-08-27T17:12:49.753638+00:00,KXBTC15M-26AUG271315-15,2026-08-27T17:15:00Z,2.17,80404.69,80551.42,0.988,753.6,0.989,1787.58,46417.85,195722.15,46417.85,195722.15,46417.85,195722.15,-0.4068897126531769,-0.6166032047575782,0.9882965551436733,0.9884999999999999,0.0010000000000000009,30,11,2012988.11,399001.08,
2026-08-27T17:13:09.936003+00:00,KXBTC15M-26AUG271315-15,2026-08-27T17:15:00Z,1.84,80404.69,80583.57,0.995,2650.14,0.996,300.02,69119.24,134292.62,69119.24,134292.62,69119.24,134292.62,0.7966076416194376,-0.32040108182482574,0.9958983038208097,0.9955,0.0010000000000000009,30,4,2012988.11,399001.08,
2026-08-27T17:13:30.128580+00:00,KXBTC15M-26AUG271315-15,2026-08-27T17:15:00Z,1.5,80404.69,80605.12,0.999,189389.41,,0.0,303012.67,0,303012.67,0,303012.67,0,1.0,1.0,,,,30,0,2194733.76,464160.41,
2026-08-27T17:13:50.298304+00:00,KXBTC15M-26AUG271315-15,2026-08-27T17:15:00Z,1.16,80404.69,80666.64,0.999,199365.91,,0.0,325856.29,0,325856.29,0,325856.29,0,1.0,1.0,,,,30,0,2194733.76,464160.41,
2026-08-27T17:14:10.460729+00:00,KXBTC15M-26AUG271315-15,2026-08-27T17:15:00Z,0.83,80404.69,80614.39,0.999,170040.48,,0.0,305027.12,0,305027.12,0,305027.12,0,1.0,1.0,,,,30,0,2342342.08,573812.43,
2026-08-27T17:14:30.643069+00:00,KXBTC15M-26AUG271315-15,2026-08-27T17:15:00Z,0.49,80404.69,80620.18,0.999,161456.35,,0.0,296364.87,0,296364.87,0,296364.87,0,1.0,1.0,,,,30,0,2414274.62,637878.71,
2026-08-27T17:15:30.965974+00:00,KXBTC15M-26AUG271330-30,2026-08-27T17:30:00Z,14.49,80622.31,80707.87,0.64,2475.55,0.65,3285.05,23721.010000000002,28528.79,60070.11,68394.74,150777.67,184731.92,-0.14052355657396798,-0.09201528044126482,0.6442973822171302,0.645,0.010000000000000009,30,30,62668.07,55930.41,
2026-08-27T17:15:51.133095+00:00,KXBTC15M-26AUG271330-30,2026-08-27T17:30:00Z,14.15,80622.31,80683.02,0.61,2047.66,0.62,6660.53,22813.05,29941.11,54900.32,64107.619999999995,127602.6,183754.64,-0.529716278583724,-0.1351184437397923,0.6123514186070813,0.615,0.010000000000000009,30,30,62668.07,55930.41,
2026-08-27T17:16:11.401047+00:00,KXBTC15M-26AUG271330-30,2026-08-27T17:30:00Z,13.81,80622.31,80612.87,0.47,1657.22,0.48,11395.26,22724.38,29136.83,57168.77,66323.83,130408.70999999999,141390.19,-0.7460681801466083,-0.12364636305246253,0.4712696590992669,0.475,0.010000000000000009,30,30,208657.36,153579.81,
2026-08-27T17:16:31.580198+00:00,KXBTC15M-26AUG271330-30,2026-08-27T17:30:00Z,13.48,80622.31,80663.55,0.56,853.81,0.5700000000000001,8106.75,18309.11,44472.85,59125.11,60250.950000000004,123741.26,151086.57,-0.8094293213816994,-0.41673977684035346,0.5609528533930916,0.5650000000000001,0.010000000000000009,30,30,208657.36,153579.81,
2026-08-27T17:16:51.735761+00:00,KXBTC15M-26AUG271330-30,2026-08-27T17:30:00Z,13.14,80622.31,80687.6,0.59,1115.25,0.6,7301.3,22572.510000000002,23865.66,60065.03,54319.36,124300.37,157153.82,-0.7349864255544137,-0.027846704553603163,0.5913250678722279,0.595,0.010000000000000009,30,30,310765.12,182467.54,
2026-08-27T17:17:11.993432+00:00,KXBTC15M-26AUG271330-30,2026-08-27T17:30:00Z,12.8,80622.31,80702.84,0.64,7292.04,0.65,5430.68,25020.260000000002,23828.3,60614.89,62463.630000000005,135270.15,154797.39,0.14630204861853435,0.024401128712903775,0.6457315102430926,0.645,0.010000000000000009,30,30,383492.79,218256.52,
2026-08-27T17:17:32.165700+00:00,KXBTC15M-26AUG271330-30,2026-08-27T17:30:00Z,12.47,80622.31,80726.39,0.66,5894.0,0.6699999999999999,960.45,21308.47,25370.43,38108.96,66295.72,127148.24,149017.3,0.7197586969049304,-0.08701918854128951,0.6685987934845246,0.665,0.009999999999999898,30,30,383492.79,218256.52,
2026-08-27T17:17:52.403823+00:00,KXBTC15M-26AUG271330-30,2026-08-27T17:30:00Z,12.13,80622.31,80749.48,0.72,7181.02,0.73,1141.12,42882.22,30099.98,55796.92,77338.69,129232.87,136034.74,0.7257628446529379,0.17514188391141952,0.7286288142232648,0.725,0.010000000000000009,30,30,431591.88,242934.78,
2026-08-27T17:18:12.600765+00:00,KXBTC15M-26AUG271330-30,2026-08-27T17:30:00Z,11.79,80622.31,80751.29,0.74,12575.46,0.75,2647.15,30863.17,24644.51,61497.03,66987.14,132600.75,117672.04,0.652208129880487,0.11203242506262198,0.7482610406494025,0.745,0.010000000000000009,30,30,517574.55,274541.71,
2026-08-27T17:18:32.788064+00:00,KXBTC15M-26AUG271330-30,2026-08-27T17:30:00Z,11.46,80622.31,80779.49,0.77,1490.56,0.78,6907.56,19366.04,48145.85,54995.04,77240.95,126627.38,117105.70999999999,-0.6450253151895899,-0.42629246492728906,0.771774873424052,0.775,0.010000000000000009,30,30,517574.55,274541.71,
2026-08-27T17:18:52.945012+00:00,KXBTC15M-26AUG271330-30,2026-08-27T17:30:00Z,11.12,80622.31,80808.08,0.8,9625.33,0.81,3994.03,21646.17,45385.27,53509.17,82902.41,121585.92,101154.09,0.41347757897581083,-0.3541487397555535,0.8070673878948791,0.805,0.010000000000000009,30,30,573457.90,299735.12,
2026-08-27T17:19:13.221649+00:00,KXBTC15M-26AUG271330-30,2026-08-27T17:30:00Z,10.78,80622.31,80808.07,0.82,6197.11,0.83,4427.99,40148.91,42113.45,55908.74,95282.95999999999,118451.77,99286.95999999999,0.16650384466969723,-0.02388139606011782,0.8258325192233485,0.825,0.010000000000000009,30,30,643011.08,319978.38,
2026-08-27T17:19:38.481841+00:00,KXBTC15M-26AUG271330-30,2026-08-27T17:30:00Z,10.36,80622.31,80809.01,0.83,105.07,0.84,9488.95,22636.17,49140.03,53638.76,95488.45,118110.26,95488.45,-0.9780967727813784,-0.36925694032283685,0.8301095161360931,0.835,0.010000000000000009,30,30,643011.08,319978.38,
2026-08-27T17:19:58.728608+00:00,KXBTC15M-26AUG271330-30,2026-08-27T17:30:00Z,10.02,80622.31,80807.44,0.83,6237.99,0.84,4146.48,42780.21,46943.33,59364.56,92657.18,123891.06,92657.18,0.2014074863714759,-0.04639941758873983,0.8360070374318572,0.835,0.010000000000000009,30,30,715663.26,344133.40,
2026-08-27T17:20:18.906533+00:00,KXBTC15M-26AUG271330-30,2026-08-27T17:30:00Z,9.69,80622.31,,0.82,5739.33,0.83,2928.56,40284.65,35697.97,55258.0,86046.73,119306.29,86046.73,0.3242738428844852,0.06036485712127327,0.8266213692144224,0.825,0.010000000000000009,30,30,770092.65,362135.07,
2026-08-27T17:20:49.087010+00:00,KXBTC15M-26AUG271330-30,2026-08-27T17:30:00Z,9.18,80622.31,80807.08,0.86,211.01,0.87,5065.5,27972.02,64794.04,40710.91,168881.03,107607.81999999999,168881.03,-0.9200191035362388,-0.3969341804534978,0.8603999044823187,0.865,0.010000000000000009,30,30,770092.65,362135.07,
2026-08-27T17:21:09.260474+00:00,KXBTC15M-26AUG271330-30,2026-08-27T17:30:00Z,8.85,80622.31,80807.47,0.89,5290.44,0.9,9245.28,37882.49,70282.47,54924.99,70282.47,121142.47,70282.47,-0.2720773377582948,-0.29954229169964103,0.8936396133112086,0.895,0.010000000000000009,30,30,862673.14,398791.67,
2026-08-27T17:21:29.471005+00:00,KXBTC15M-26AUG271330-30,2026-08-27T17:30:00Z,8.51,80622.31,80774.01,0.8,2213.31,0.81,7340.79,11783.31,48283.55,28057.3,70569.11,91137.61,94726.73,-0.5366784940496749,-0.6076601973201197,0.8023166075297516,0.805,0.010000000000000009,30,30,908947.59,417230.72,
2026-08-27T17:21:49.638523+00:00,KXBTC15M-26AUG271330-30,2026-08-27T17:30:00Z,8.17,80622.31,80727.0,0.72,76.01,0.73,4031.75,29394.2,22411.15,45052.5,59319.72,116223.11,110071.13,-0.962991995637525,0.13479399328447736,0.7201850400218122,0.725,0.010000000000000009,30,30,908947.59,417230.72,
2026-08-27T17:22:09.816260+00:00,KXBTC15M-26AUG271330-30,2026-08-27T17:30:00Z,7.84,80622.31,80746.49,0.79,6815.86,0.8,1550.59,23578.69,22937.53,54727.83,59722.34,127305.23999999999,95400.92,0.6293314368698791,0.01378357914723079,0.7981466571843495,0.795,0.010000000000000009,30,30,997570.41,427308.84,
2026-08-27T17:22:30.022592+00:00,KXBTC15M-26AUG271330-30,2026-08-27T17:30:00Z,7.5,80622.31,80755.01,0.82,2651.79,0.83,1696.73,40765.24,36253.02,58557.85,79282.22,125285.91,87283.22,0.21962874725193857,0.058586366401941585,0.8260981437362596,0.825,0.010000000000000009,30,30,997570.41,427308.84,
2026-08-27T17:22:50.198470+00:00,KXBTC15M-26AUG271330-30,2026-08-27T17:30:00Z,7.17,80622.31,80751.19,0.84,2150.06,0.85,4244.61,22855.23,43401.79,58112.84,167316.86000000002,125104.4,167316.86000000002,-0.3275462220880827,-0.3101038954061019,0.8433622688895596,0.845,0.010000000000000009,30,30,1047497.45,438038.56,
2026-08-27T17:23:10.369171+00:00,KXBTC15M-26AUG271330-30,2026-08-27T17:30:00Z,6.83,80622.31,80680.0,0.73,8383.99,0.74,2524.0,27593.42,20617.0,48051.56,63153.12,112478.68,112230.93000000001,0.5372199644480788,0.14470772086200448,0.7376860998222404,0.735,0.010000000000000009,30,30,1047497.45,438038.56,
2026-08-27T17:23:30.604761+00:00,KXBTC15M-26AUG271330-30,2026-08-27T17:30:00Z,6.49,80622.31,80742.61,0.81,8206.13,0.8200000000000001,589.15,46140.71,38301.62,71669.70999999999,70035.79,153990.26,89579.43,0.866030416314205,0.09283365345319103,0.8193301520815712,0.8150000000000001,0.010000000000000009,30,30,1096750.71,450353.72,
2026-08-27T17:23:50.758888+00:00,KXBTC15M-26AUG271330-30,2026-08-27T17:30:00Z,6.16,80622.31,80730.49,0.8,6831.01,0.81,10223.88,42288.06,45291.79,69329.97,69174.35,151992.83,98113.07,-0.19893825172721719,-0.034297044354380635,0.8040053087413639,0.805,0.010000000000000009,30,30,1191520.09,430038.81,
2026-08-27T17:24:10.939328+00:00,KXBTC15M-26AUG271330-30,2026-08-27T17:30:00Z,5.82,80622.31,80750.01,0.84,9726.14,0.85,6431.05,54373.27,39905.95,77206.27,164652.07,151819.98,164652.07,0.20393954641865322,0.1534518423041684,0.8460196977320933,0.845,0.010000000000000009,30,30,1191520.09,430038.81,
2026-08-27T17:24:31.149108+00:00,KXBTC15M-26AUG271330-30,2026-08-27T17:30:00Z,5.48,80622.31,80794.39,0.928,1762.91,0.9299999999999999,50.0,48961.42,50604.01,73735.99,50604.01,99864.99,50604.01,0.9448400637648863,-0.016497593592474855,0.9299448400637649,0.929,0.0019999999999998908,30,30,1266364.51,437912.77,
2026-08-27T17:24:51.334254+00:00,KXBTC15M-26AUG271330-30,2026-08-27T17:30:00Z,5.15,80622.31,80803.19,0.938,1000.0,0.9410000000000001,2194.14,48901.02,63724.77,66581.27,63724.77,66581.27,63724.77,-0.37385336898194815,-0.13161949851805702,0.9389392199465271,0.9395,0.0030000000000001137,30,30,1379295.80,448098.10,
2026-08-27T17:25:11.590640+00:00,KXBTC15M-26AUG271330-30,2026-08-27T17:30:00Z,4.81,80622.31,80800.97,0.95,970.05,0.952,1000.0,22876.35,68433.81,22876.35,68433.81,22876.35,68433.81,-0.01520265983096878,-0.4989308966274947,0.950984797340169,0.951,0.0020000000000000018,30,30,1379295.80,448098.10,
2026-08-27T17:25:31.798883+00:00,KXBTC15M-26AUG271330-30,2026-08-27T17:30:00Z,4.47,80622.31,80795.18,0.958,943.2,0.96,5289.42,25212.13,79899.19,25212.13,79899.19,25212.13,79899.19,-0.6973343473531196,-0.5202775495541297,0.9583026656526469,0.959,0.0020000000000000018,30,30,1473285.53,466885.74,
2026-08-27T17:25:51.985011+00:00,KXBTC15M-26AUG271330-30,2026-08-27T17:30:00Z,4.14,80622.31,80804.05,0.97,75.0,0.971,2076.62,22688.55,291341.73,22688.55,291341.73,22688.55,291341.73,-0.9302850875154535,-0.8555008771765577,0.9700348574562422,0.9704999999999999,0.0010000000000000009,30,26,1473285.53,466885.74,
2026-08-27T17:26:12.167273+00:00,KXBTC15M-26AUG271330-30,2026-08-27T17:30:00Z,3.8,80622.31,80785.7,0.965,258.02,0.966,0.01,64875.79,93343.41,64875.79,93343.41,64875.79,93343.41,0.9999224896329885,-0.17992519239131535,0.9659999612448165,0.9655,0.0010000000000000009,30,30,1550356.05,485102.97,
2026-08-27T17:26:32.421665+00:00,KXBTC15M-26AUG271330-30,2026-08-27T17:30:00Z,3.46,80622.31,80789.96,0.977,1640.79,0.979,0.01,46729.02,281125.48,46729.02,281125.48,46729.02,281125.48,0.9999878108239884,-0.7149404995203664,0.9789999878108239,0.978,0.0020000000000000018,30,20,1626643.97,494186.13,
2026-08-27T17:26:52.636745+00:00,KXBTC15M-26AUG271330-30,2026-08-27T17:30:00Z,3.12,80622.31,80804.04,0.986,725.94,0.99,3887.15,29187.64,250711.77000000002,29187.64,250711.77000000002,29187.64,250711.77000000002,-0.6852695264995914,-0.7914419326571641,0.9866294609470008,0.988,0.0040000000000000036,30,10,1626643.97,494186.13,
2026-08-27T17:27:12.811312+00:00,KXBTC15M-26AUG271330-30,2026-08-27T17:30:00Z,2.79,80622.31,80786.32,0.987,2769.89,0.988,241.01,27038.0,247577.94,27038.0,247577.94,27038.0,247577.94,0.8399083330565613,-0.8030849920802121,0.9879199541665284,0.9875,0.0010000000000000009,30,12,1736168.97,512164.59,
2026-08-27T17:27:32.976200+00:00,KXBTC15M-26AUG271330-30,2026-08-27T17:30:00Z,2.45,80622.31,80790.86,0.994,780.24,0.995,300.01,33919.19,213844.49000000002,33919.19,213844.49000000002,33919.19,213844.49000000002,0.4445545012728535,-0.7261972376257892,0.9947222772506363,0.9944999999999999,0.0010000000000000009,30,5,1861669.40,538262.05,
2026-08-27T17:27:53.271646+00:00,KXBTC15M-26AUG271330-30,2026-08-27T17:30:00Z,2.11,80622.31,80762.51,0.998,84153.7,0.999,64391.58,138327.24,64391.58,138327.24,64391.58,138327.24,64391.58,0.1330376838631291,0.364720256362976,0.9985665188419317,0.9984999999999999,0.0010000000000000009,30,1,1861669.40,538262.05,
2026-08-27T17:28:13.433240+00:00,KXBTC15M-26AUG271330-30,2026-08-27T17:30:00Z,1.78,80622.31,80760.1,0.998,31954.31,0.999,42990.45,91005.88,42990.45,91005.88,42990.45,91005.88,42990.45,-0.14725699301725692,0.3583339185483662,0.9984263715034914,0.9984999999999999,0.0010000000000000009,30,1,2145992.81,688481.02,
2026-08-27T17:28:33.593400+00:00,KXBTC15M-26AUG271330-30,2026-08-27T17:30:00Z,1.44,80622.31,80798.3,0.999,250282.37,,0.0,324768.83,0,324768.83,0,324768.83,0,1.0,1.0,,,,30,0,2275452.28,711426.91,
2026-08-27T17:28:53.751453+00:00,KXBTC15M-26AUG271330-30,2026-08-27T17:30:00Z,1.11,80622.31,80788.18,0.999,238724.27,,0.0,324484.27999999997,0,324484.27999999997,0,324484.27999999997,0,1.0,1.0,,,,30,0,2275452.28,711426.91,
2026-08-27T17:29:13.925056+00:00,KXBTC15M-26AUG271330-30,2026-08-27T17:30:00Z,0.77,80622.31,80775.01,0.999,226610.31,,0.0,301074.7,0,301074.7,0,301074.7,0,1.0,1.0,,,,30,0,2369595.84,745532.85,
2026-08-27T17:29:34.084577+00:00,KXBTC15M-26AUG271330-30,2026-08-27T17:30:00Z,0.43,80622.31,80715.99,0.999,222829.49,,0.0,298970.88,0,298970.88,0,298970.88,0,1.0,1.0,,,,30,0,2369595.84,745532.85,
2026-08-27T17:30:34.480730+00:00,KXBTC15M-26AUG271345-45,2026-08-27T17:45:00Z,14.43,80746.4,80756.2,0.48,11500.42,0.49,4600.42,41522.47,25122.3,51021.47,58416.3,125477.61,160513.5,0.42854906948954213,0.2460833760848751,0.4871427453474477,0.485,0.010000000000000009,30,30,9670.66,6795.27,
2026-08-27T17:30:54.672501+00:00,KXBTC15M-26AUG271345-45,2026-08-27T17:45:00Z,14.09,80746.4,80769.04,0.51,11968.16,0.52,10.15,22398.8,16805.93,27938.8,45802.12,71171.13,108463.77,0.9983052701090556,0.1426580415169292,0.5199915263505452,0.515,0.010000000000000009,30,30,144203.18,112868.34,
2026-08-27T17:31:14.858198+00:00,KXBTC15M-26AUG271345-45,2026-08-27T17:45:00Z,13.75,80746.4,80805.59,0.61,4517.51,0.62,4566.13,13354.130000000001,24404.55,21487.13,55366.49,67055.4,134492.82,-0.005352479842882357,-0.29265906541224423,0.6149732376007856,0.615,0.010000000000000009,30,30,144203.18,112868.34,
2026-08-27T17:31:35.081196+00:00,KXBTC15M-26AUG271345-45,2026-08-27T17:45:00Z,13.42,80746.4,80778.73,0.53,2015.8,0.54,2399.38,9714.59,11011.02,16960.98,19507.84,40995.92,77055.72,-0.08687754519634537,-0.06255207928741302,0.5345656122740183,0.535,0.010000000000000009,30,30,247305.07,167999.06,
2026-08-27T17:31:55.267006+00:00,KXBTC15M-26AUG271345-45,2026-08-27T17:45:00Z,13.08,80746.4,80792.31,0.58,489.33,0.5900000000000001,7107.16,10249.48,17406.46,17558.86,44211.31,52544.86,121036.04000000001,-0.8711694479950609,-0.25878635837364417,0.5806441527600247,0.585,0.01000000000000012,30,30,334473.12,211569.06,
2026-08-27T17:32:15.446134+00:00,KXBTC15M-26AUG271345-45,2026-08-27T17:45:00Z,12.74,80746.4,80755.49,0.48,6475.31,0.49,343.24,15810.53,15481.61,22009.53,21233.22,72582.3,80664.17,0.8993217032946889,0.010511265768336716,0.4894966085164735,0.485,0.010000000000000009,30,30,334473.12,211569.06,
2026-08-27T17:32:35.685061+00:00,KXBTC15M-26AUG271345-45,2026-08-27T17:45:00Z,12.41,80746.4,80803.25,0.62,3177.22,0.63,6167.55,25625.48,29306.84,72741.58,53714.340000000004,138146.7,169640.31,-0.3200003852422264,-0.06701628476641804,0.6233999980737889,0.625,0.010000000000000009,30,30,382584.21,232239.22,
2026-08-27T17:32:55.954976+00:00,KXBTC15M-26AUG271345-45,2026-08-27T17:45:00Z,12.07,80746.4,80807.16,0.62,6927.86,0.63,5090.24,22583.84,27237.22,64038.8,67008.25,128089.26,175919.43,0.1529043692430584,-0.09340186660018877,0.6257645218462153,0.625,0.010000000000000009,30,30,382584.21,232239.22,
2026-08-27T17:33:16.117625+00:00,KXBTC15M-26AUG271345-45,2026-08-27T17:45:00Z,11.73,80746.4,80802.73,0.61,4839.3,0.62,3475.14,38159.86,29742.99,55685.06,69534.5,126128.32,182460.6,0.16407118218424815,0.12395459100759391,0.6158203559109212,0.615,0.010000000000000009,30,30,471459.33,252370.02,
2026-08-27T17:33:36.327637+00:00,KXBTC15M-26AUG271345-45,2026-08-27T17:45:00Z,11.4,80746.4,80766.55,0.53,6298.27,0.54,2655.47,26658.55,21943.559999999998,57755.02,55389.96,126150.01,148800.42,0.4068467478394504,0.09701204330429279,0.5370342337391972,0.535,0.010000000000000009,30,30,560055.17,283867.00,
2026-08-27T17:33:56.493033+00:00,KXBTC15M-26AUG271345-45,2026-08-27T17:45:00Z,11.06,80746.4,80722.55,0.44,25.0,0.44999999999999996,7323.57,17804.1,25794.02,50355.56,64394.31,117201.2,143621.7,-0.9931959551314066,-0.18326294803537407,0.44003402022434296,0.44499999999999995,0.009999999999999953,30,30,560055.17,283867.00,
2026-08-27T17:34:16.694036+00:00,KXBTC15M-26AUG271345-45,2026-08-27T17:45:00Z,10.72,80746.4,80720.24,0.45,3759.96,0.45999999999999996,8086.85,24509.420000000002,25160.24,52328.89,61429.96,120877.25,136229.93,-0.36523671773245286,-0.013102968693564636,0.4531738164113377,0.45499999999999996,0.009999999999999953,30,30,560055.17,283867.00,
2026-08-27T17:34:36.909979+00:00,KXBTC15M-26AUG271345-45,2026-08-27T17:45:00Z,10.39,80746.4,80722.6,0.43,4170.14,0.43999999999999995,7633.27,25829.72,26491.77,59029.85,64221.59,124554.0,135278.31,-0.2934008053604848,-0.012653500502374822,0.43353299597319755,0.43499999999999994,0.009999999999999953,30,30,638534.78,283236.96,
2026-08-27T17:34:57.086992+00:00,KXBTC15M-26AUG271345-45,2026-08-27T17:45:00Z,10.05,80746.4,80712.81,0.38,4601.51,0.39,3008.61,35635.03,24918.12,55325.79,56352.84,121150.4,122415.4,0.20931338796234486,0.17698352604282355,0.3860465669398117,0.385,0.010000000000000009,30,30,701389.98,280893.50,
2026-08-27T17:35:17.249285+00:00,KXBTC15M-26AUG271345-45,2026-08-27T17:45:00Z,9.71,80746.4,80633.28,0.2,6958.35,0.20999999999999996,7991.05,39227.16,27955.04,65966.87,59381.04,100326.74,137853.47,-0.06907969550617414,0.16778432382387,0.2046546015224691,0.205,0.009999999999999953,30,30,701389.98,280893.50,
2026-08-27T17:35:37.476098+00:00,KXBTC15M-26AUG271345-45,2026-08-27T17:45:00Z,9.38,80746.4,80646.68,0.22,3548.37,0.22999999999999998,11645.55,46425.12,45091.189999999995,68512.3,69889.3,111079.29000000001,144032.95,-0.5329223794781071,0.014575871776298755,0.22233538810260944,0.22499999999999998,0.009999999999999981,30,30,806345.43,269806.74,
2026-08-27T17:35:57.692544+00:00,KXBTC15M-26AUG271345-45,2026-08-27T17:45:00Z,9.04,80746.4,80733.66,0.44,8314.62,0.44999999999999996,8020.84,26120.120000000003,25908.46,58727.79,62860.03,137104.51,135131.69,0.017984188997432617,0.004068148698273208,0.44508992094498717,0.44499999999999995,0.009999999999999953,30,30,884268.65,285562.21,
2026-08-27T17:36:17.923955+00:00,KXBTC15M-26AUG271345-45,2026-08-27T17:45:00Z,8.7,80746.4,80693.09,0.32,8737.7,0.32999999999999996,3365.89,32028.38,22820.02,67227.46,53406.0,133706.52,136496.39,0.443819560973232,0.16788748623478533,0.32721909780486613,0.32499999999999996,0.009999999999999953,30,30,884268.65,285562.21,
2026-08-27T17:36:38.093952+00:00,KXBTC15M-26AUG271345-45,2026-08-27T17:45:00Z,8.37,80746.4,80733.74,0.43,4283.09,0.43999999999999995,10163.26,27547.489999999998,30446.52,59661.11,67751.35,130697.83,138340.1,-0.4070349949987367,-0.04998843846114457,0.4329648250250063,0.43499999999999994,0.009999999999999953,30,30,992674.32,286238.77,
2026-08-27T17:36:58.264544+00:00,KXBTC15M-26AUG271345-45,2026-08-27T17:45:00Z,8.03,80746.4,80735.16,0.42,5856.94,0.43000000000000005,3696.68,27379.48,23698.440000000002,43367.33,44489.42,115013.78,110780.81,0.2261195232801807,0.07206714760507078,0.426130597616401,0.42500000000000004,0.010000000000000064,30,30,992674.32,286238.77,
2026-08-27T17:37:18.435999+00:00,KXBTC15M-26AUG271345-45,2026-08-27T17:45:00Z,7.69,80746.4,80739.08,0.43,3758.86,0.43999999999999995,2682.65,25339.93,15730.05,39688.78,36943.08,110141.19,105899.12,0.16707417981187642,0.2339879396094179,0.4358353708990593,0.43499999999999994,0.009999999999999953,30,30,1049432.34,284785.36,
2026-08-27T17:37:38.628610+00:00,KXBTC15M-26AUG271345-45,2026-08-27T17:45:00Z,7.36,80746.4,80701.64,0.34,3532.48,0.35,6087.69,16194.630000000001,17547.79,34647.06,33132.729999999996,108160.26,91993.65,-0.26560965138869685,-0.040102636384705063,0.34367195174305654,0.345,0.009999999999999953,30,30,1137623.94,298589.35,
2026-08-27T17:37:58.819120+00:00,KXBTC15M-26AUG271345-45,2026-08-27T17:45:00Z,7.02,80746.4,80627.21,0.2,2402.01,0.20999999999999996,2101.97,16324.43,26539.11,40737.74,45753.85,81208.11,111365.12,0.06661663684119389,-0.23830696204746504,0.20533308318420598,0.205,0.009999999999999953,30,30,1137623.94,298589.35,
2026-08-27T17:38:18.994202+00:00,KXBTC15M-26AUG271345-45,2026-08-27T17:45:00Z,6.69,80746.4,80715.52,0.33,5399.34,0.33999999999999997,640.9,20115.260000000002,10463.19,50001.26,27535.91,110209.99,92387.92,0.7877898891434778,0.3156494197711133,0.3389389494457174,0.33499999999999996,0.009999999999999953,30,30,1233375.00,295274.42,
2026-08-27T17:38:39.169286+00:00,KXBTC15M-26AUG271345-45,2026-08-27T17:45:00Z,6.35,80746.4,80682.73,0.25,9864.22,0.26,104.41,47881.46,21456.74,65670.26,62869.32,117654.27,133076.24,0.9790522870243955,0.38109901901116555,0.259895261435122,0.255,0.010000000000000009,30,30,1312374.62,309335.06,
2026-08-27T17:38:59.342869+00:00,KXBTC15M-26AUG271345-45,2026-08-27T17:45:00Z,6.01,80746.4,80673.04,0.21,4324.95,0.21999999999999997,2654.32,39100.67,27999.6,60377.6,64955.53,101999.57,136408.33,0.2393703066366539,0.1654400198389664,0.21619685153318322,0.21499999999999997,0.009999999999999981,30,30,1312374.62,309335.06,
2026-08-27T17:39:19.518166+00:00,KXBTC15M-26AUG271345-45,2026-08-27T17:45:00Z,5.68,80746.4,80686.53,0.23,6117.94,0.24,4295.09,35811.409999999996,24149.16,62759.52,66881.26,107669.4,140392.31,0.17505471510213644,0.19449865136372116,0.23587527357551072,0.235,0.009999999999999981,30,30,1370955.10,327122.15,
2026-08-27T17:39:39.687732+00:00,KXBTC15M-26AUG271345-45,2026-08-27T17:45:00Z,5.34,80746.4,80687.42,0.24,4.01,0.25,6841.03,34260.62,34895.69,53307.24,73997.71,102426.87,141883.88,-0.9988283487021259,-0.009183109972177517,0.24000585825648937,0.245,0.010000000000000009,30,30,1370955.10,327122.15,
2026-08-27T17:39:59.903384+00:00,KXBTC15M-26AUG271345-45,2026-08-27T17:45:00Z,5.0,80746.4,80704.06,0.26,2.06,0.27,7546.78,17278.670000000002,45833.55,53195.0,66112.41,110155.18000000001,136512.8,-0.999454220780941,-0.45244613483727875,0.26000272889609527,0.265,0.010000000000000009,30,30,1434425.23,346672.18,
2026-08-27T17:40:20.075439+00:00,KXBTC15M-26AUG271345-45,2026-08-27T17:45:00Z,4.67,80746.4,80719.99,0.34,7489.8,0.35,8116.9,25458.34,24176.35,56545.34,58675.51,120030.44,130703.08,-0.04018146052656868,0.025828508246953926,0.3447990926973671,0.345,0.009999999999999953,30,30,1434425.23,346672.18,
2026-08-27T17:40:40.270163+00:00,KXBTC15M-26AUG271345-45,2026-08-27T17:45:00Z,4.33,80746.4,80728.34,0.39,5104.01,0.4,10399.56,21101.36,29982.15,48790.86,63400.07,113386.58,136218.13999999998,-0.34156971587834284,-0.17384846890904718,0.39329215142060825,0.395,0.010000000000000009,30,30,1478517.37,348528.96,
2026-08-27T17:41:00.448810+00:00,KXBTC15M-26AUG271345-45,2026-08-27T17:45:00Z,3.99,80746.4,80697.54,0.22,8879.38,0.22999999999999998,894.45,43406.62,19690.87,63081.75,57828.74,107300.2,129545.66,0.8169704199888886,0.3758588495358532,0.22908485209994445,0.22499999999999998,0.009999999999999981,30,30,1540321.68,358260.70,
2026-08-27T17:41:20.676072+00:00,KXBTC15M-26AUG271345-45,2026-08-27T17:45:00Z,3.66,80746.4,80697.3,0.19,1749.37,0.19999999999999996,6384.24,42190.270000000004,41794.18,71853.42,54534.97,99277.33,129064.86,-0.5698416816149287,0.004716230206901441,0.19215079159192533,0.19499999999999998,0.009999999999999953,30,30,1540321.68,358260.70,
2026-08-27T17:41:40.886615+00:00,KXBTC15M-26AUG271345-45,2026-08-27T17:45:00Z,3.32,80746.4,80643.22,0.065,1680.06,0.06599999999999995,213.22,147945.99,64299.78,147945.99,77359.25,147945.99,77359.25,0.7747612608805882,0.394100716353499,0.06588738063044025,0.06549999999999997,0.0009999999999999454,30,30,1653976.33,343579.92,
2026-08-27T17:42:01.074384+00:00,KXBTC15M-26AUG271345-45,2026-08-27T17:45:00Z,2.98,80746.4,80623.27,0.034,5103.75,0.03500000000000003,162.0,201445.08000000002,31596.22,201445.08000000002,31596.22,201445.08000000002,31596.22,0.9384703033755876,0.7288358758726458,0.03496923515168783,0.03450000000000002,0.0010000000000000286,29,30,1811460.01,353911.00,
2026-08-27T17:42:21.254446+00:00,KXBTC15M-26AUG271345-45,2026-08-27T17:45:00Z,2.65,80746.4,80593.83,0.013,0.01,0.014000000000000012,533.8,133865.99,23932.53,133865.99,23932.53,133865.99,23932.53,-0.9999625334856972,0.6966697786519164,0.013000018733257152,0.013500000000000005,0.001000000000000013,11,30,1811460.01,353911.00,
2026-08-27T17:42:41.517263+00:00,KXBTC15M-26AUG271345-45,2026-08-27T17:45:00Z,2.31,80746.4,80573.64,0.005,1295.04,0.006000000000000005,562.01,113818.63,42224.02,113818.63,42224.02,113818.63,42224.02,0.39472819794835895,0.4588143690202648,0.005697364098974183,0.005500000000000003,0.0010000000000000052,5,30,1976062.19,372296.92,
2026-08-27T17:43:01.803655+00:00,KXBTC15M-26AUG271345-45,2026-08-27T17:45:00Z,1.97,80746.4,80563.75,0.002,171.63,0.0040000000000000036,17542.21,87600.47,52289.479999999996,87600.47,52289.479999999996,87600.47,52289.479999999996,-0.9806219317776381,0.25241977711765573,0.002019378068222362,0.003000000000000002,0.0020000000000000035,2,30,1976062.19,372296.92,
2026-08-27T17:43:21.983922+00:00,KXBTC15M-26AUG271345-45,2026-08-27T17:45:00Z,1.64,80746.4,80553.89,,0.0,0.0010000000000000009,229759.1,0,389867.29,0,389867.29,0,389867.29,-1.0,-1.0,,,,0,30,2114936.51,416202.42,
2026-08-27T17:43:42.236476+00:00,KXBTC15M-26AUG271345-45,2026-08-27T17:45:00Z,1.3,80746.4,80550.51,,0.0,0.0010000000000000009,273111.15,0,357987.01,0,357987.01,0,357987.01,-1.0,-1.0,,,,0,30,2269971.62,537407.95,
2026-08-27T17:44:02.432184+00:00,KXBTC15M-26AUG271345-45,2026-08-27T17:45:00Z,0.96,80746.4,80560.88,,0.0,0.0010000000000000009,247641.65,0,333063.24,0,333063.24,0,333063.24,-1.0,-1.0,,,,0,30,2269971.62,537407.95,
2026-08-27T17:44:22.603053+00:00,KXBTC15M-26AUG271345-45,2026-08-27T17:45:00Z,0.62,80746.4,80539.73,,0.0,0.0010000000000000009,198205.38,0,272738.95,0,272738.95,0,272738.95,-1.0,-1.0,,,,0,30,2337887.17,596944.39,
2026-08-27T17:44:42.756870+00:00,KXBTC15M-26AUG271345-45,2026-08-27T17:45:00Z,0.29,80746.4,80487.04,,0.0,0.0010000000000000009,187027.62,0,258375.78,0,258375.78,0,258375.78,-1.0,-1.0,,,,0,30,2337887.17,596944.39,
2026-08-27T17:45:43.018431+00:00,KXBTC15M-26AUG271400-00,2026-08-27T18:00:00Z,14.28,80526.75,80490.03,0.42,7548.28,0.43000000000000005,4870.89,33809.24,25830.13,74740.17,59476.29,179439.43,149985.8,0.21558526052868263,0.13378930729818236,0.4260779263026434,0.42500000000000004,0.010000000000000064,30,30,24602.70,16805.69,
2026-08-27T17:46:03.205590+00:00,KXBTC15M-26AUG271400-00,2026-08-27T18:00:00Z,13.95,80526.75,80448.7,0.33,5897.37,0.33999999999999997,11828.69,33720.23,29085.53,77124.02,64876.73,181427.42,150042.53,-0.33461017281900207,0.07379418702997949,0.333326949135905,0.33499999999999996,0.009999999999999953,30,30,122540.71,90228.39,
2026-08-27T17:46:23.414936+00:00,KXBTC15M-26AUG271400-00,2026-08-27T18:00:00Z,13.61,80526.75,80479.36,0.39,10140.4,0.4,1013.78,49200.67,17570.58,68451.94,48960.92,204697.44,136706.61,0.8182241993584467,0.4737082202295149,0.3990911209967922,0.395,0.010000000000000009,30,30,122540.71,90228.39,
2026-08-27T17:46:43.776610+00:00,KXBTC15M-26AUG271400-00,2026-08-27T18:00:00Z,13.27,80526.75,80503.93,0.44,7512.78,0.44999999999999996,609.59,28138.09,17583.79,63073.47,53403.37,159833.85,147526.78,0.8498984902189878,0.23083696470923765,0.4492494924510949,0.44499999999999995,0.009999999999999953,30,30,208259.19,159793.14,
2026-08-27T17:47:03.938937+00:00,KXBTC15M-26AUG271400-00,2026-08-27T18:00:00Z,12.94,80526.75,80504.49,0.42,3675.69,0.43000000000000005,9851.41,21533.11,32487.66,62568.55,68160.52,158539.27,158079.62,-0.4565442703905493,-0.20278404028672672,0.42271727864804726,0.42500000000000004,0.010000000000000064,30,30,253657.41,180984.61,
2026-08-27T17:47:24.278279+00:00,KXBTC15M-26AUG271400-00,2026-08-27T18:00:00Z,12.6,80526.75,80498.67,0.41,607.6,0.42000000000000004,10174.27,22813.59,32203.510000000002,61137.45,62691.61,163205.12,147414.96,-0.8872922786121517,-0.1706727544708827,0.4105635386069392,0.41500000000000004,0.010000000000000064,30,30,253657.41,180984.61,
2026-08-27T17:47:44.500167+00:00,KXBTC15M-26AUG271400-00,2026-08-27T18:00:00Z,12.26,80526.75,80485.91,0.4,5674.53,0.41000000000000003,4165.16,23610.71,40874.15,62976.8,56520.25,172741.36000000002,148409.76,0.15339609276308502,-0.2677130724948461,0.4057669804638155,0.405,0.010000000000000009,30,30,323336.98,222799.97,
2026-08-27T17:48:04.669894+00:00,KXBTC15M-26AUG271400-00,2026-08-27T18:00:00Z,11.92,80526.75,80492.17,0.42,3618.84,0.43000000000000005,6882.35,34243.55,42868.450000000004,71405.99,57305.55,169137.01,152423.31,-0.3107752549949101,-0.1118489988588028,0.4234461237250255,0.42500000000000004,0.010000000000000064,30,30,390238.61,266594.40,
2026-08-27T17:48:24.822850+00:00,KXBTC15M-26AUG271400-00,2026-08-27T18:00:00Z,11.59,80526.75,80499.21,0.42,4597.47,0.43000000000000005,5816.38,29771.42,27226.83,67342.24,58165.93,165051.03,146123.75,-0.11704700951137186,0.044643300452206804,0.4244147649524431,0.42500000000000004,0.010000000000000064,30,30,390238.61,266594.40,
2026-08-27T17:48:44.998631+00:00,KXBTC15M-26AUG271400-00,2026-08-27T18:00:00Z,11.25,80526.75,80480.5,0.39,4351.12,0.4,8920.97,26745.65,54300.439999999995,62869.71,73001.45,175255.67,160667.79,-0.34432029921436635,-0.33998913457762114,0.39327839850392815,0.395,0.010000000000000009,30,30,429926.54,280493.55,
2026-08-27T17:49:05.172496+00:00,KXBTC15M-26AUG271400-00,2026-08-27T18:00:00Z,10.92,80526.75,80492.63,0.41,8030.22,0.42000000000000004,2804.38,30192.02,25745.29,70349.67,57420.39,166549.1,143462.71,0.4823288353977073,0.0794948845412838,0.4174116441769885,0.41500000000000004,0.010000000000000064,30,30,429926.54,280493.55,
2026-08-27T17:49:25.456179+00:00,KXBTC15M-26AUG271400-00,2026-08-27T18:00:00Z,10.58,80526.75,80504.05,0.43,5755.03,0.43999999999999995,6376.0,27460.18,21673.84,63741.83,53765.94,154078.61,146874.43,-0.05118856354324409,0.1177664681212732,0.43474405718228376,0.43499999999999994,0.009999999999999953,30,30,462579.08,296295.60,
2026-08-27T17:49:45.635446+00:00,KXBTC15M-26AUG271400-00,2026-08-27T18:00:00Z,10.24,80526.75,80519.07,0.48,1332.51,0.49,3460.18,23994.98,39064.28,55831.1,58047.11,142679.54,160143.48,-0.44394066797560455,-0.238970454141073,0.482780296660122,0.485,0.010000000000000009,30,30,486021.92,307175.63,
2026-08-27T17:50:05.812990+00:00,KXBTC15M-26AUG271400-00,2026-08-27T18:00:00Z,9.9,80526.75,80537.33,0.51,3279.77,0.52,7485.14,27642.34,43390.229999999996,55764.17,68780.67,138764.83,166828.36,-0.39065537937613976,-0.22169956683251074,0.5130467231031194,0.515,0.010000000000000009,30,30,486021.92,307175.63,
2026-08-27T17:50:25.981432+00:00,KXBTC15M-26AUG271400-00,2026-08-27T18:00:00Z,9.57,80526.75,80520.66,0.48,908.73,0.49,6609.01,24624.56,33109.59,57378.65,65451.78,142310.7,160118.84,-0.7582438339181723,-0.1469672628764777,0.48120878083040913,0.485,0.010000000000000009,30,30,525035.76,324255.72,
