timestamp,ticker,close_time,side,minutes_remaining,entry_price,contracts,stake,fees,model_probability,market_probability,edge,p_yes,y,result,won,profit_loss,bankroll_before,bankroll,spread,mid,rv_5m,dist_pct
2026-08-06 05:24:00+00:00,KXBTC15M-26AUG060130-30,2026-08-06 05:30:00+00:00,NO,6,0.28,35,9.8,0.5,0.3750433997602869,0.28,0.09504339976028686,0.6249566002397131,0,no,1,24.7,1000.0,1024.7,0.010000000000000009,0.725,0.00047911564131949063,0.00037388716532471555
2026-08-06 05:39:00+00:00,KXBTC15M-26AUG060145-45,2026-08-06 05:45:00+00:00,YES,6,0.22,46,10.12,0.56,0.290346802812826,0.22,0.07034680281282599,0.290346802812826,1,yes,1,35.32,1024.7,1060.02,0.010000000000000009,0.215,0.00039006879394043925,-0.0005276352225275227
2026-08-06 05:57:00+00:00,KXBTC15M-26AUG060200-00,2026-08-06 06:00:00+00:00,NO,3,0.9410000000000001,11,10.351,0.05,0.9980135834449794,0.9410000000000001,0.05701358344497931,0.0019864165550206743,0,no,1,0.5989999999999991,1060.02,1060.619,0.0020000000000000018,0.06,0.00011321183713338306,-0.0005646368017342418
2026-08-06 06:16:00+00:00,KXBTC15M-26AUG060230-30,2026-08-06 06:30:00+00:00,NO,14,0.5900000000000001,17,10.030000000000001,0.29,0.8067243097580747,0.5900000000000001,0.21672430975807466,0.19327569024192526,1,yes,0,-10.32,1060.619,1050.299,0.010000000000000009,0.415,0.0001145200117168264,-0.0003709597103146445
2026-08-06 06:39:00+00:00,KXBTC15M-26AUG060245-45,2026-08-06 06:45:00+00:00,NO,6,0.39,26,10.14,0.44,0.4788781804975698,0.39,0.08887818049756979,0.5211218195024302,1,yes,0,-10.58,1050.299,1039.719,0.010000000000000009,0.615,0.00028677633552084557,3.720928509087784e-05
2026-08-06 09:20:00+00:00,KXBTC15M-26AUG060530-30,2026-08-06 09:30:00+00:00,YES,10,0.84,12,10.08,0.12,0.9863907015209744,0.84,0.14639070152097444,0.9863907015209744,0,no,0,-10.2,1039.719,1029.519,0.010000000000000009,0.835,8.944714779252278e-05,0.0006248469951706248
2026-08-06 09:33:00+00:00,KXBTC15M-26AUG060545-45,2026-08-06 09:45:00+00:00,YES,12,0.31,33,10.23,0.5,0.3968065419692869,0.31,0.08680654196928689,0.3968065419692869,0,no,0,-10.73,1029.519,1018.789,0.010000000000000009,0.305,0.0007294831436186984,-0.0006609006154850716
2026-08-06 09:46:00+00:00,KXBTC15M-26AUG060600-00,2026-08-06 10:00:00+00:00,NO,14,0.61,16,9.76,0.27,0.7966032401733067,0.61,0.18660324017330676,0.2033967598266933,1,yes,0,-10.03,1018.789,1008.759,0.010000000000000009,0.395,0.00012079654475190282,-0.0003748689235674174
2026-08-06 10:07:00+00:00,KXBTC15M-26AUG060615-15,2026-08-06 10:15:00+00:00,NO,8,0.86,11,9.459999999999999,0.1,0.9448692955590063,0.86,0.08486929555900635,0.055130704440993675,0,no,1,1.4400000000000008,1008.759,1010.1990000000001,0.009999999999999981,0.14500000000000002,0.000192924271103558,-0.0008710694904235927
2026-08-06 10:16:00+00:00,KXBTC15M-26AUG060630-30,2026-08-06 10:30:00+00:00,NO,14,0.6,16,9.6,0.27,0.691112567273337,0.6,0.09111256727333705,0.30888743272666297,1,yes,0,-9.87,1010.1990000000001,1000.3290000000001,0.009999999999999953,0.405,0.00019264734153657712,-0.00035962929517618925
2026-08-06 10:31:00+00:00,KXBTC15M-26AUG060645-45,2026-08-06 10:45:00+00:00,NO,14,0.6,16,9.6,0.27,0.675427033892036,0.6,0.07542703389203598,0.32457296610796404,0,no,1,6.130000000000001,1000.3290000000001,1006.4590000000001,0.009999999999999953,0.405,0.00017185592520005684,-0.00029250124313029424
2026-08-06 10:46:00+00:00,KXBTC15M-26AUG060700-00,2026-08-06 11:00:00+00:00,NO,14,0.5800000000000001,17,9.860000000000001,0.29,0.7999163142476362,0.5800000000000001,0.21991631424763614,0.2000836857523638,0,no,1,6.849999999999999,1006.4590000000001,1013.3090000000001,0.010000000000000009,0.425,7.868063983495649e-05,-0.0002476512624173255
2026-08-06 11:01:00+00:00,KXBTC15M-26AUG060715-15,2026-08-06 11:15:00+00:00,NO,14,0.6,16,9.6,0.27,0.7207611855800271,0.6,0.12076118558002713,0.27923881441997295,0,no,1,6.130000000000001,1013.3090000000001,1019.4390000000001,0.009999999999999953,0.405,0.0001878987138093041,-0.00041127446598998585
2026-08-06 11:16:00+00:00,KXBTC15M-26AUG060730-30,2026-08-06 11:30:00+00:00,NO,14,0.18000000000000005,56,10.080000000000002,0.58,0.30849997513478855,0.18000000000000005,0.1284999751347885,0.6915000248652114,1,yes,0,-10.660000000000002,1019.4390000000001,1008.7790000000001,0.010000000000000009,0.825,0.00032091945975672186,0.0006006937974605275
2026-08-06 11:31:00+00:00,KXBTC15M-26AUG060745-45,2026-08-06 11:45:00+00:00,NO,14,0.56,18,10.080000000000002,0.32,0.8483200604052701,0.56,0.28832006040527003,0.15167993959472986,1,yes,0,-10.400000000000002,1008.7790000000001,998.3790000000001,0.010000000000000009,0.445,7.856582483298371e-05,-0.0003025206072790887
2026-08-06 11:48:00+00:00,KXBTC15M-26AUG060800-00,2026-08-06 12:00:00+00:00,NO,12,0.45999999999999996,21,9.66,0.37,0.655714399667171,0.45999999999999996,0.19571439966717108,0.34428560033282896,0,no,1,10.97,998.3790000000001,1009.3490000000002,0.010000000000000009,0.545,1.7734472815191713e-05,-2.4622131579832285e-05
2026-08-06 12:05:00+00:00,KXBTC15M-26AUG060815-15,2026-08-06 12:15:00+00:00,YES,10,0.12,84,10.08,0.63,0.17868092116934298,0.12,0.05868092116934298,0.17868092116934298,0,no,0,-10.71,1009.3490000000002,998.6390000000001,0.009999999999999995,0.11499999999999999,0.0003749810210023029,-0.001090813897111631
2026-08-06 12:16:00+00:00,KXBTC15M-26AUG060830-30,2026-08-06 12:30:00+00:00,NO,14,0.43000000000000005,23,9.89,0.4,0.5173691790660463,0.43000000000000005,0.08736917906604624,0.4826308209339537,1,yes,0,-10.290000000000001,998.6390000000001,988.3490000000002,0.010000000000000009,0.575,0.00025910414510146905,-4.222169962520006e-05
2026-08-06 12:31:00+00:00,KXBTC15M-26AUG060845-45,2026-08-06 12:45:00+00:00,NO,14,0.56,17,9.520000000000001,0.3,0.6653398312446602,0.56,0.10533983124466018,0.33466016875533977,0,no,1,7.179999999999999,988.3490000000002,995.5290000000001,0.010000000000000009,0.445,0.0001052158216791406,-0.00016811977572439574
2026-08-06 12:48:00+00:00,KXBTC15M-26AUG060900-00,2026-08-06 13:00:00+00:00,NO,12,0.54,18,9.72,0.32,0.6710532926755403,0.54,0.13105329267554022,0.32894670732445974,0,no,1,7.959999999999999,995.5290000000001,1003.4890000000001,0.009999999999999953,0.46499999999999997,0.0001383735536372027,-0.00021224050572821174
2026-08-06 13:01:00+00:00,KXBTC15M-26AUG060915-15,2026-08-06 13:15:00+00:00,NO,14,0.54,18,9.72,0.32,0.7895683230616353,0.54,0.24956832306163523,0.2104316769383648,0,no,1,7.959999999999999,1003.4890000000001,1011.4490000000002,0.009999999999999953,0.46499999999999997,0.00013229580992685276,-0.00039836267347959087
2026-08-06 13:16:00+00:00,KXBTC15M-26AUG060930-30,2026-08-06 13:30:00+00:00,NO,14,0.55,18,9.9,0.32,0.6190269792234129,0.55,0.06902697922341283,0.3809730207765871,0,no,1,7.779999999999999,1011.4490000000002,1019.2290000000002,0.010000000000000009,0.455,0.00023977920100140933,-0.0002717399349102534
2026-08-06 13:48:00+00:00,KXBTC15M-26AUG061000-00,2026-08-06 14:00:00+00:00,YES,12,0.66,15,9.9,0.24,0.8278166917977665,0.66,0.16781669179776648,0.8278166917977665,1,yes,1,4.859999999999999,1019.2290000000002,1024.0890000000002,0.010000000000000009,0.655,0.00018859515819635945,0.000617945536244946
2026-08-06 14:10:00+00:00,KXBTC15M-26AUG061015-15,2026-08-06 14:15:00+00:00,NO,5,0.55,18,9.9,0.32,0.7825549037151385,0.55,0.23255490371513843,0.21744509628486153,1,yes,0,-10.22,1024.0890000000002,1013.8690000000001,0.010000000000000009,0.455,0.0001253880424459411,-0.00021890803394031266
2026-08-06 14:24:00+00:00,KXBTC15M-26AUG061030-30,2026-08-06 14:30:00+00:00,NO,6,0.36,28,10.08,0.46,0.4469452929304678,0.36,0.08694529293046782,0.5530547070695322,0,no,1,17.46,1013.8690000000001,1031.3290000000002,0.010000000000000009,0.645,0.0010708169055100557,0.0003499184972444169
2026-08-06 14:35:00+00:00,KXBTC15M-26AUG061045-45,2026-08-06 14:45:00+00:00,NO,10,0.09999999999999998,103,10.299999999999997,0.65,0.2308643361871765,0.09999999999999998,0.13086433618717652,0.7691356638128235,1,yes,0,-10.949999999999998,1031.3290000000002,1020.3790000000001,0.0010000000000000009,0.9005000000000001,0.0008948789959885121,0.0020849538291705105
2026-08-06 14:48:00+00:00,KXBTC15M-26AUG061100-00,2026-08-06 15:00:00+00:00,NO,12,0.52,19,9.88,0.34,0.5817967584762467,0.52,0.06179675847624666,0.41820324152375327,0,no,1,8.78,1020.3790000000001,1029.159,0.010000000000000009,0.485,0.00027272470372497837,-0.00019506363893295742
2026-08-06 15:07:00+00:00,KXBTC15M-26AUG061115-15,2026-08-06 15:15:00+00:00,NO,8,0.18999999999999995,54,10.259999999999998,0.59,0.27255668439681957,0.18999999999999995,0.08255668439681962,0.7274433156031804,1,yes,0,-10.849999999999998,1029.159,1018.3090000000001,0.009999999999999898,0.815,0.0006858808765141188,0.001174559138658715
2026-08-06 15:20:00+00:00,KXBTC15M-26AUG061130-30,2026-08-06 15:30:00+00:00,YES,10,0.11,92,10.12,0.64,0.2090257747900049,0.11,0.09902577479000489,0.2090257747900049,0,no,0,-10.76,1018.3090000000001,1007.5490000000001,0.009999999999999995,0.10500000000000001,0.0007965656467639783,-0.002037791803315314
2026-08-06 15:40:00+00:00,KXBTC15M-26AUG061145-45,2026-08-06 15:45:00+00:00,NO,5,0.78,12,9.36,0.15,0.9116689447429767,0.78,0.13166894474297663,0.08833105525702328,0,no,1,2.4900000000000007,1007.5490000000001,1010.0390000000001,0.010000000000000009,0.225,0.00026169775306805456,-0.0007903184370375849
2026-08-06 15:46:00+00:00,KXBTC15M-26AUG061200-00,2026-08-06 16:00:00+00:00,NO,14,0.55,18,9.9,0.32,0.663101791763186,0.55,0.11310179176318591,0.33689820823681405,0,no,1,7.779999999999999,1010.0390000000001,1017.8190000000001,0.019999999999999962,0.45999999999999996,0.00020018162557860567,-0.00031524155848006163
2026-08-06 16:09:00+00:00,KXBTC15M-26AUG061215-15,2026-08-06 16:15:00+00:00,NO,6,0.43000000000000005,23,9.89,0.4,0.48140206495985094,0.43000000000000005,0.05140206495985089,0.5185979350401491,0,no,1,12.709999999999999,1017.8190000000001,1030.529,0.010000000000000009,0.575,0.0006530303021129925,7.459972295942308e-05
2026-08-06 16:16:00+00:00,KXBTC15M-26AUG061230-30,2026-08-06 16:30:00+00:00,NO,14,0.49,21,10.29,0.37,0.5772947354545357,0.49,0.0872947354545357,0.4227052645454643,1,yes,0,-10.659999999999998,1030.529,1019.869,0.010000000000000009,0.515,0.0002364741842649436,-0.00017250229757881375
2026-08-06 16:39:00+00:00,KXBTC15M-26AUG061245-45,2026-08-06 16:45:00+00:00,NO,6,0.36,28,10.08,0.46,0.4450248592686309,0.36,0.0850248592686309,0.5549751407313691,1,yes,0,-10.540000000000001,1019.869,1009.3290000000001,0.010000000000000009,0.645,0.00040454018335933043,0.0001369950378384832
2026-08-06 16:48:00+00:00,KXBTC15M-26AUG061300-00,2026-08-06 17:00:00+00:00,NO,12,0.78,12,9.36,0.15,0.9905395896704549,0.78,0.21053958967045483,0.009460410329545166,1,yes,0,-9.51,1009.3290000000001,999.8190000000001,0.010000000000000009,0.225,0.0001228757025166774,-0.0009985480304386396
2026-08-06 17:05:00+00:00,KXBTC15M-26AUG061315-15,2026-08-06 17:15:00+00:00,NO,10,0.17000000000000004,58,9.860000000000003,0.58,0.24894613537761456,0.17000000000000004,0.07894613537761452,0.7510538646223854,0,no,1,47.56,999.8190000000001,1047.3790000000001,0.010000000000000009,0.835,0.0004177813806410932,0.0008958832495336022
2026-08-06 17:31:00+00:00,KXBTC15M-26AUG061345-45,2026-08-06 17:45:00+00:00,NO,14,0.49,21,10.29,0.37,0.5513864472004584,0.49,0.06138644720045838,0.44861355279954157,0,no,1,10.340000000000002,1047.3790000000001,1057.719,0.010000000000000009,0.515,0.00016263078106463108,-7.85949208497172e-05
2026-08-06 17:46:00+00:00,KXBTC15M-26AUG061400-00,2026-08-06 18:00:00+00:00,NO,14,0.4,26,10.4,0.44,0.45342102916743043,0.4,0.05342102916743041,0.5465789708325696,1,yes,0,-10.84,1057.719,1046.8790000000001,0.010000000000000009,0.605,0.0003085513049898727,0.000135111056019932
2026-08-06 18:01:00+00:00,KXBTC15M-26AUG061415-15,2026-08-06 18:15:00+00:00,NO,14,0.54,19,10.260000000000002,0.34,0.7069157785373419,0.54,0.16691577853734185,0.2930842214626581,0,no,1,8.399999999999999,1046.8790000000001,1055.2790000000002,0.009999999999999953,0.46499999999999997,0.0001398454294867812,-0.00028481706659788664
2026-08-06 18:16:00+00:00,KXBTC15M-26AUG061430-30,2026-08-06 18:30:00+00:00,YES,14,0.69,15,10.35,0.23,0.7975705856981651,0.69,0.10757058569816513,0.7975705856981651,0,no,0,-10.58,1055.2790000000002,1044.6990000000003,0.009999999999999898,0.685,0.0001188497659856114,0.00037048851912069303
2026-08-06 18:31:00+00:00,KXBTC15M-26AUG061445-45,2026-08-06 18:45:00+00:00,NO,14,0.6,17,10.2,0.29,0.6537627921712772,0.6,0.05376279217127722,0.34623720782872286,0,no,1,6.510000000000001,1044.6990000000003,1051.2090000000003,0.009999999999999953,0.405,0.00026631335387765993,-0.0003940189780636816
2026-08-06 18:52:00+00:00,KXBTC15M-26AUG061500-00,2026-08-06 19:00:00+00:00,NO,8,0.64,16,10.24,0.26,0.8313984540270284,0.64,0.19139845402702838,0.1686015459729716,0,no,1,5.5,1051.2090000000003,1056.7090000000003,0.010000000000000009,0.365,0.00016853641186216555,-0.0004573805671985731
2026-08-06 19:01:00+00:00,KXBTC15M-26AUG061515-15,2026-08-06 19:15:00+00:00,YES,14,0.6,17,10.2,0.29,0.6565917230700622,0.6,0.056591723070062216,0.6565917230700622,1,yes,1,6.510000000000001,1056.7090000000003,1063.2190000000003,0.010000000000000009,0.595,0.00011225842114851623,0.00016936264021749636
2026-08-06 19:16:00+00:00,KXBTC15M-26AUG061530-30,2026-08-06 19:30:00+00:00,NO,14,0.65,16,10.4,0.26,0.8254133941638384,0.65,0.1754133941638384,0.1745866058361616,0,no,1,5.34,1063.2190000000003,1068.5590000000002,0.010000000000000009,0.355,9.693289513092714e-05,-0.0003394903358624468
2026-08-06 19:37:00+00:00,KXBTC15M-26AUG061545-45,2026-08-06 19:45:00+00:00,NO,8,0.35,30,10.5,0.48,0.41312396365344584,0.35,0.06312396365344586,0.5868760363465542,1,yes,0,-10.98,1068.5590000000002,1057.5790000000002,0.010000000000000009,0.655,0.0004096515593445983,0.000254379143955763
2026-08-06 19:50:00+00:00,KXBTC15M-26AUG061600-00,2026-08-06 20:00:00+00:00,NO,10,0.52,20,10.4,0.35,0.5718808754152023,0.52,0.051880875415202254,0.4281191245847978,1,yes,0,-10.75,1057.5790000000002,1046.8290000000002,0.010000000000000009,0.485,0.00015485255138061302,-8.871005328814352e-05
2026-08-06 20:07:00+00:00,KXBTC15M-26AUG061615-15,2026-08-06 20:15:00+00:00,YES,8,0.938,11,10.318,0.05,0.9889043221091,0.938,0.05090432210910001,0.9889043221091,1,yes,1,0.6320000000000003,1046.8290000000002,1047.4610000000002,0.0009999999999998899,0.9375,0.0001895020998995074,0.00122660841143718
2026-08-06 20:18:00+00:00,KXBTC15M-26AUG061630-30,2026-08-06 20:30:00+00:00,NO,12,0.74,14,10.36,0.19,0.8480815612595942,0.74,0.10808156125959423,0.15191843874040573,0,no,1,3.4500000000000006,1047.4610000000002,1050.9110000000003,0.010000000000000009,0.265,0.00010539413513650408,-0.0003753359023680458
2026-08-06 20:41:00+00:00,KXBTC15M-26AUG061645-45,2026-08-06 20:45:00+00:00,NO,4,0.43999999999999995,23,10.12,0.4,0.5592109598029664,0.43999999999999995,0.11921095980296648,0.4407890401970336,0,no,1,12.48,1050.9110000000003,1063.3910000000003,0.009999999999999898,0.565,0.000176087790965159,-5.246187434171379e-05
2026-08-06 20:50:00+00:00,KXBTC15M-26AUG061700-00,2026-08-06 21:00:00+00:00,NO,10,0.43999999999999995,24,10.559999999999999,0.42,0.5516810000121343,0.43999999999999995,0.11168100001213432,0.44831899998786573,0,no,1,13.020000000000001,1063.3910000000003,1076.4110000000003,0.009999999999999898,0.565,0.00014246771024476582,-5.852545049844782e-05
2026-08-06 21:01:00+00:00,KXBTC15M-26AUG061715-15,2026-08-06 21:15:00+00:00,NO,14,0.31999999999999995,33,10.559999999999999,0.51,0.38086315836415474,0.31999999999999995,0.06086315836415479,0.6191368416358453,1,yes,0,-11.069999999999999,1076.4110000000003,1065.3410000000003,0.019999999999999907,0.69,0.00023525479308708817,0.0002669381080937505
2026-08-06 21:20:00+00:00,KXBTC15M-26AUG061730-30,2026-08-06 21:30:00+00:00,NO,10,0.48,22,10.559999999999999,0.39,0.5683669828460965,0.48,0.08836698284609656,0.43163301715390345,0,no,1,11.05,1065.3410000000003,1076.3910000000003,0.010000000000000009,0.525,0.0003206262961175071,-0.00017459834620447978
2026-08-06 21:31:00+00:00,KXBTC15M-26AUG061745-45,2026-08-06 21:45:00+00:00,NO,14,0.37,29,10.73,0.48,0.4223917251374043,0.37,0.05239172513740431,0.5776082748625957,1,yes,0,-11.21,1076.3910000000003,1065.1810000000003,0.010000000000000009,0.635,0.00017061610568351983,0.00012499033459834052
2026-08-06 21:48:00+00:00,KXBTC15M-26AUG061800-00,2026-08-06 22:00:00+00:00,NO,12,0.61,17,10.37,0.29,0.6772976269974099,0.61,0.06729762699740993,0.3227023730025901,0,no,1,6.340000000000001,1065.1810000000003,1071.5210000000002,0.010000000000000009,0.395,0.00020681381997331792,-0.00032961201421033426
2026-08-06 22:12:00+00:00,KXBTC15M-26AUG061815-15,2026-08-06 22:15:00+00:00,YES,3,0.17,63,10.71,0.63,0.2616512696270593,0.17,0.0916512696270593,0.2616512696270593,0,no,0,-11.340000000000002,1071.5210000000002,1060.1810000000003,0.010000000000000009,0.165,0.00026442706565333246,-0.00029228240879219936
2026-08-06 22:16:00+00:00,KXBTC15M-26AUG061830-30,2026-08-06 22:30:00+00:00,NO,14,0.52,20,10.4,0.35,0.6033853645883767,0.52,0.08338536458837664,0.39661463541162334,0,no,1,9.25,1060.1810000000003,1069.4310000000003,0.010000000000000009,0.485,0.00010610966085595702,-0.00010406286266695375
2026-08-06 22:37:00+00:00,KXBTC15M-26AUG061845-45,2026-08-06 22:45:00+00:00,NO,8,0.4,26,10.4,0.44,0.4594800789459388,0.4,0.059480078945938764,0.5405199210540612,0,no,1,15.16,1069.4310000000003,1084.5910000000003,0.010000000000000009,0.605,0.00017939786971010719,5.162746245113148e-05
2026-08-06 22:46:00+00:00,KXBTC15M-26AUG061900-00,2026-08-06 23:00:00+00:00,NO,14,0.25,43,10.75,0.57,0.34771165048444774,0.25,0.09771165048444774,0.6522883495155523,1,yes,0,-11.32,1084.5910000000003,1073.2710000000004,0.010000000000000009,0.755,0.00029290322031059974,0.00042916044923257957
2026-08-06 23:01:00+00:00,KXBTC15M-26AUG061915-15,2026-08-06 23:15:00+00:00,NO,14,0.6699999999999999,16,10.719999999999999,0.25,0.7535525721782841,0.6699999999999999,0.08355257217828416,0.24644742782171597,0,no,1,5.030000000000001,1073.2710000000004,1078.3010000000004,0.010000000000000009,0.335,0.00011281807641937937,-0.00028941530022519313
2026-08-06 23:18:00+00:00,KXBTC15M-26AUG061930-30,2026-08-06 23:30:00+00:00,NO,12,0.56,19,10.64,0.33,0.6176671256527843,0.56,0.0576671256527842,0.38233287434721575,0,no,1,8.03,1078.3010000000004,1086.3310000000004,0.010000000000000009,0.445,0.00014116129755724696,-0.00014637521458504832
2026-08-06 23:33:00+00:00,KXBTC15M-26AUG061945-45,2026-08-06 23:45:00+00:00,NO,12,0.48,22,10.559999999999999,0.39,0.5327329902866866,0.48,0.052732990286686654,0.4672670097133134,0,no,1,11.05,1086.3310000000004,1097.3810000000003,0.010000000000000009,0.525,0.00012043817509019905,-3.426976504805612e-05
2026-08-06 23:46:00+00:00,KXBTC15M-26AUG062000-00,2026-08-07 00:00:00+00:00,NO,14,0.5800000000000001,18,10.440000000000001,0.31,0.6741672746738587,0.5800000000000001,0.09416727467385866,0.32583272532614127,1,yes,0,-10.750000000000002,1097.3810000000003,1086.6310000000003,0.010000000000000009,0.425,0.00014171923910354973,-0.00023935926516704953
2026-08-07 00:13:00+00:00,KXBTC15M-26AUG062015-15,2026-08-07 00:15:00+00:00,NO,2,0.18000000000000005,60,10.800000000000002,0.62,0.3732278821191566,0.18000000000000005,0.19322788211915654,0.6267721178808434,0,no,1,48.58,1086.6310000000003,1135.2110000000002,0.010000000000000009,0.825,0.0001960284257783606,8.963570090370077e-05
2026-08-07 00:22:00+00:00,KXBTC15M-26AUG062030-30,2026-08-07 00:30:00+00:00,YES,8,0.29,39,11.309999999999999,0.57,0.3570877751118574,0.29,0.06708777511185743,0.3570877751118574,0,no,0,-11.879999999999999,1135.2110000000002,1123.3310000000001,0.009999999999999953,0.28500000000000003,0.0004339500598139848,-0.00044943771247885067
2026-08-07 00:31:00+00:00,KXBTC15M-26AUG062045-45,2026-08-07 00:45:00+00:00,NO,14,0.76,14,10.64,0.18,0.817098632141623,0.76,0.05709863214162303,0.18290136785837696,1,yes,0,-10.82,1123.3310000000001,1112.5110000000002,0.010000000000000009,0.245,0.00020256209820394887,-0.000685198421848443
2026-08-07 00:48:00+00:00,KXBTC15M-26AUG062100-00,2026-08-07 01:00:00+00:00,YES,12,0.28,39,10.920000000000002,0.56,0.3474353289508192,0.28,0.06743532895081916,0.3474353289508192,0,no,0,-11.480000000000002,1112.5110000000002,1101.0310000000002,0.010000000000000009,0.275,0.00039716463552921187,-0.0005395245710102525
2026-08-07 01:01:00+00:00,KXBTC15M-26AUG062115-15,2026-08-07 01:15:00+00:00,NO,14,0.16000000000000003,68,10.880000000000003,0.64,0.26605856673525563,0.16000000000000003,0.1060585667352556,0.7339414332647444,1,yes,0,-11.520000000000003,1101.0310000000002,1089.5110000000002,0.010000000000000009,0.845,0.0005709108926107916,0.0013355111976101064
2026-08-07 01:24:00+00:00,KXBTC15M-26AUG062130-30,2026-08-07 01:30:00+00:00,YES,6,0.31,35,10.85,0.53,0.3742274541176456,0.31,0.06422745411764558,0.3742274541176456,1,yes,1,23.619999999999997,1089.5110000000002,1113.131,0.010000000000000009,0.305,0.00043244980410536146,-0.00033962985943625235
2026-08-07 01:39:00+00:00,KXBTC15M-26AUG062145-45,2026-08-07 01:45:00+00:00,YES,6,0.23,48,11.040000000000001,0.6,0.2904782094535205,0.23,0.060478209453520476,0.2904782094535205,0,no,0,-11.64,1113.131,1101.491,0.010000000000000009,0.225,0.0003787053758938505,-0.0005119124910842876
2026-08-07 01:46:00+00:00,KXBTC15M-26AUG062200-00,2026-08-07 02:00:00+00:00,YES,14,0.73,15,10.95,0.21,0.7820934073795274,0.73,0.05209340737952739,0.7820934073795274,1,yes,1,3.8400000000000007,1101.491,1105.331,0.010000000000000009,0.725,0.00024744375844696313,0.0007217590770689508
2026-08-07 02:14:00+00:00,KXBTC15M-26AUG062215-15,2026-08-07 02:15:00+00:00,YES,1,0.063,175,11.025,0.73,0.224227031220178,0.063,0.161227031220178,0.224227031220178,0,no,0,-11.755,1105.331,1093.5759999999998,0.0030000000000000027,0.0615,0.0005401815321389332,-0.0004093710072732293
2026-08-07 02:16:00+00:00,KXBTC15M-26AUG062230-30,2026-08-07 02:30:00+00:00,NO,14,0.20999999999999996,52,10.919999999999998,0.61,0.2608636517790085,0.20999999999999996,0.050863651779008534,0.7391363482209915,0,no,1,40.47,1093.5759999999998,1134.0459999999998,0.010000000000000009,0.795,0.000662333117891803,0.0015890220706835656
2026-08-07 02:39:00+00:00,KXBTC15M-26AUG062245-45,2026-08-07 02:45:00+00:00,NO,6,0.43000000000000005,26,11.180000000000001,0.45,0.4892802610340726,0.43000000000000005,0.05928026103407258,0.5107197389659274,1,yes,0,-11.63,1134.0459999999998,1122.4159999999997,0.010000000000000009,0.575,0.0003285860801618847,2.162996911581061e-05
2026-08-07 02:46:00+00:00,KXBTC15M-26AUG062300-00,2026-08-07 03:00:00+00:00,NO,14,0.4,28,11.200000000000001,0.48,0.48689337856191206,0.4,0.08689337856191204,0.5131066214380879,0,no,1,16.319999999999997,1122.4159999999997,1138.7359999999996,0.010000000000000009,0.605,0.0007178360001941845,8.826067728873177e-05
2026-08-07 03:01:00+00:00,KXBTC15M-26AUG062315-15,2026-08-07 03:15:00+00:00,YES,14,0.19,59,11.21,0.64,0.24379094474756596,0.19,0.05379094474756596,0.24379094474756596,0,no,0,-11.850000000000001,1138.7359999999996,1126.8859999999997,0.010000000000000009,0.185,0.0005305226017414424,-0.001376982112131997
2026-08-07 03:20:00+00:00,KXBTC15M-26AUG062330-30,2026-08-07 03:30:00+00:00,NO,10,0.54,20,10.8,0.35,0.7077622695988356,0.54,0.16776226959883556,0.2922377304011644,0,no,1,8.85,1126.8859999999997,1135.7359999999996,0.009999999999999953,0.46499999999999997,0.00010787308240369056,-0.00018652975165089902
2026-08-07 03:31:00+00:00,KXBTC15M-26AUG062345-45,2026-08-07 03:45:00+00:00,NO,14,0.33999999999999997,33,11.219999999999999,0.52,0.39247705647645437,0.33999999999999997,0.0524770564764544,0.6075229435235456,1,yes,0,-11.739999999999998,1135.7359999999996,1123.9959999999996,0.010000000000000009,0.665,0.0003989321231844958,0.0004073852186701199
2026-08-07 03:46:00+00:00,KXBTC15M-26AUG070000-00,2026-08-07 04:00:00+00:00,NO,14,0.56,20,11.200000000000001,0.35,0.6475516230592613,0.56,0.08755162305926123,0.3524483769407388,0,no,1,8.45,1123.9959999999996,1132.4459999999997,0.010000000000000009,0.445,0.00014009490209448438,-0.00019849977108743477
2026-08-07 04:01:00+00:00,KXBTC15M-26AUG070015-15,2026-08-07 04:15:00+00:00,NO,14,0.6,18,10.799999999999999,0.31,0.7031747147018655,0.6,0.10317471470186557,0.29682528529813446,1,yes,0,-11.11,1132.4459999999997,1121.3359999999998,0.009999999999999953,0.405,0.00016425706695252136,-0.0003278647690158065
2026-08-07 04:22:00+00:00,KXBTC15M-26AUG070030-30,2026-08-07 04:30:00+00:00,YES,8,0.81,13,10.530000000000001,0.15,0.9292959014739469,0.81,0.11929590147394686,0.9292959014739469,0,no,0,-10.680000000000001,1121.3359999999998,1110.6559999999997,0.010000000000000009,0.805,0.00014738609412154308,0.0006132245134786718
2026-08-07 04:37:00+00:00,KXBTC15M-26AUG070045-45,2026-08-07 04:45:00+00:00,YES,8,0.8,13,10.4,0.15,0.85417927011681,0.8,0.05417927011681001,0.85417927011681,0,no,0,-10.55,1110.6559999999997,1100.1059999999998,0.010000000000000009,0.795,0.00017357408111241617,0.0005178455136243265
2026-08-07 04:46:00+00:00,KXBTC15M-26AUG070100-00,2026-08-07 05:00:00+00:00,NO,14,0.71,15,10.649999999999999,0.22,0.7880997791793182,0.71,0.07809977917931821,0.21190022082068183,0,no,1,4.130000000000002,1100.1059999999998,1104.2359999999999,0.010000000000000009,0.295,0.00020407615887107193,-0.0006105618477346697
2026-08-07 05:05:00+00:00,KXBTC15M-26AUG070115-15,2026-08-07 05:15:00+00:00,NO,10,0.5800000000000001,19,11.020000000000001,0.33,0.8524821260118768,0.5800000000000001,0.2724821260118767,0.14751787398812322,0,no,1,7.649999999999999,1104.2359999999999,1111.886,0.010000000000000009,0.425,5.363131380051464e-05,-0.00017757587435485167
2026-08-07 05:20:00+00:00,KXBTC15M-26AUG070130-30,2026-08-07 05:30:00+00:00,NO,10,0.78,14,10.92,0.17,0.847006467723269,0.78,0.06700646772326901,0.15299353227673096,0,no,1,2.91,1111.886,1114.796,0.010000000000000009,0.225,0.00022075211226946234,-0.0007143538073219879
2026-08-07 05:31:00+00:00,KXBTC15M-26AUG070145-45,2026-08-07 05:45:00+00:00,NO,14,0.49,22,10.78,0.39,0.5686555736906365,0.49,0.07865557369063647,0.43134442630936354,1,yes,0,-11.17,1114.796,1103.626,0.010000000000000009,0.515,7.590924316980365e-05,-4.912183415617388e-05
2026-08-07 06:07:00+00:00,KXBTC15M-26AUG070215-15,2026-08-07 06:15:00+00:00,NO,8,0.32999999999999996,33,10.889999999999999,0.52,0.3883500936197296,0.32999999999999996,0.05835009361972965,0.6116499063802704,1,yes,0,-11.409999999999998,1103.626,1092.216,0.010000000000000009,0.675,0.00021557861882340348,0.00017295293020680447
2026-08-07 06:16:00+00:00,KXBTC15M-26AUG070230-30,2026-08-07 06:30:00+00:00,YES,14,0.67,16,10.72,0.25,0.7799377188691365,0.67,0.1099377188691365,0.7799377188691365,1,yes,1,5.029999999999999,1092.216,1097.2459999999999,0.010000000000000009,0.665,0.00014181370958396138,0.00040971216787633047
2026-08-07 06:33:00+00:00,KXBTC15M-26AUG070245-45,2026-08-07 06:45:00+00:00,NO,12,0.83,13,10.79,0.13,0.8823654110398078,0.83,0.05236541103980785,0.11763458896019224,0,no,1,2.080000000000001,1097.2459999999999,1099.3259999999998,0.009999999999999981,0.175,0.00020702359490552247,-0.0008508202584714963
2026-08-07 06:48:00+00:00,KXBTC15M-26AUG070300-00,2026-08-07 07:00:00+00:00,YES,12,0.28,39,10.920000000000002,0.56,0.3406082253428393,0.28,0.06060822534283927,0.3406082253428393,0,no,0,-11.480000000000002,1099.3259999999998,1087.8459999999998,0.010000000000000009,0.275,0.00045593827510246774,-0.0006486197663724269
2026-08-07 07:09:00+00:00,KXBTC15M-26AUG070315-15,2026-08-07 07:15:00+00:00,YES,6,0.74,14,10.36,0.19,0.84475814733984,0.74,0.10475814733984001,0.84475814733984,1,yes,1,3.4500000000000006,1087.8459999999998,1091.2959999999998,0.010000000000000009,0.735,0.0001249959197744657,0.00031057446940940814
2026-08-07 07:22:00+00:00,KXBTC15M-26AUG070330-30,2026-08-07 07:30:00+00:00,NO,8,0.13,83,10.790000000000001,0.66,0.24369239371539209,0.13,0.11369239371539208,0.7563076062846079,1,yes,0,-11.450000000000001,1091.2959999999998,1079.8459999999998,0.020000000000000018,0.88,0.00056634765381483,0.0011130787531214992
2026-08-07 07:33:00+00:00,KXBTC15M-26AUG070345-45,2026-08-07 07:45:00+00:00,NO,12,0.7,15,10.5,0.23,0.816179596530153,0.7,0.11617959653015308,0.18382040346984702,0,no,1,4.27,1079.8459999999998,1084.1159999999998,0.010000000000000009,0.305,0.00017425670493950572,-0.0005436748504311639
2026-08-07 07:46:00+00:00,KXBTC15M-26AUG070400-00,2026-08-07 08:00:00+00:00,NO,14,0.5,21,10.5,0.37,0.6090327119344098,0.5,0.10903271193440978,0.3909672880655902,0,no,1,10.13,1084.1159999999998,1094.2459999999999,0.010000000000000009,0.505,7.115313472507447e-05,-7.368961901377258e-05
2026-08-07 08:01:00+00:00,KXBTC15M-26AUG070415-15,2026-08-07 08:15:00+00:00,NO,14,0.5900000000000001,18,10.620000000000001,0.31,0.7661237751479034,0.5900000000000001,0.17612377514790334,0.23387622485209658,1,yes,0,-10.930000000000001,1094.2459999999999,1083.3159999999998,0.010000000000000009,0.415,0.00011140634790493514,-0.0003026419161077376
2026-08-07 08:16:00+00:00,KXBTC15M-26AUG070430-30,2026-08-07 08:30:00+00:00,NO,14,0.47,23,10.809999999999999,0.41,0.5444614740468382,0.47,0.07446147404683823,0.4555385259531618,1,yes,0,-11.219999999999999,1083.3159999999998,1072.0959999999998,0.010000000000000009,0.535,0.0001521656641441239,-6.358324710475927e-05
2026-08-07 08:33:00+00:00,KXBTC15M-26AUG070445-45,2026-08-07 08:45:00+00:00,YES,12,0.74,14,10.36,0.19,0.9340576421794149,0.74,0.1940576421794149,0.9340576421794149,1,yes,1,3.4500000000000006,1072.0959999999998,1075.5459999999998,0.010000000000000009,0.735,9.723541148801921e-05,0.0005076393589613648
2026-08-07 08:46:00+00:00,KXBTC15M-26AUG070500-00,2026-08-07 09:00:00+00:00,YES,14,0.31,34,10.54,0.51,0.4047272225190418,0.31,0.09472722251904181,0.4047272225190418,0,no,0,-11.049999999999999,1075.5459999999998,1064.4959999999999,0.010000000000000009,0.305,0.0006578639526283038,-0.0005933654863514715
2026-08-07 09:03:00+00:00,KXBTC15M-26AUG070515-15,2026-08-07 09:15:00+00:00,YES,12,0.87,12,10.44,0.1,0.9803615100519925,0.87,0.11036151005199246,0.9803615100519925,1,yes,1,1.4600000000000004,1064.4959999999999,1065.956,0.010000000000000009,0.865,0.00012725235823392672,0.0009090533064954887
2026-08-07 09:18:00+00:00,KXBTC15M-26AUG070530-30,2026-08-07 09:30:00+00:00,YES,12,0.71,15,10.649999999999999,0.22,0.7676877789606437,0.71,0.0576877789606437,0.7676877789606437,1,yes,1,4.130000000000002,1065.956,1070.086,0.010000000000000009,0.705,0.0001877354678653473,0.0004756725270593787
2026-08-07 09:35:00+00:00,KXBTC15M-26AUG070545-45,2026-08-07 09:45:00+00:00,NO,10,0.12,89,10.68,0.66,0.20714869446510753,0.12,0.08714869446510753,0.7928513055348925,1,yes,0,-11.34,1070.086,1058.746,0.010000000000000009,0.885,0.0004702430258399433,0.00121468818861592
2026-08-07 09:48:00+00:00,KXBTC15M-26AUG070600-00,2026-08-07 10:00:00+00:00,NO,12,0.65,16,10.4,0.26,0.7221374496228969,0.65,0.07213744962289692,0.27786255037710306,0,no,1,5.34,1058.746,1064.086,0.010000000000000009,0.355,0.00015465889090940426,-0.0003156181165724359
2026-08-07 10:05:00+00:00,KXBTC15M-26AUG070615-15,2026-08-07 10:15:00+00:00,NO,10,0.37,28,10.36,0.46,0.4306358445527837,0.37,0.0606358445527837,0.5693641554472163,1,yes,0,-10.82,1064.086,1053.266,0.010000000000000009,0.635,0.00039680155499493967,0.00021930677452663971
2026-08-07 10:20:00+00:00,KXBTC15M-26AUG070630-30,2026-08-07 10:30:00+00:00,YES,10,0.59,17,10.03,0.29,0.6477641803147317,0.59,0.05776418031473174,0.6477641803147317,1,yes,1,6.680000000000001,1053.266,1059.9460000000001,0.010000000000000009,0.585,0.00012079856354041429,0.000144899200924975
2026-08-07 10:40:00+00:00,KXBTC15M-26AUG070645-45,2026-08-07 10:45:00+00:00,YES,5,0.15,70,10.5,0.63,0.20875791018564427,0.15,0.058757910185644274,0.20875791018564427,0,no,0,-11.13,1059.9460000000001,1048.816,0.009999999999999981,0.14500000000000002,0.0002297123797819378,-0.00041635119068728077
2026-08-07 10:48:00+00:00,KXBTC15M-26AUG070700-00,2026-08-07 11:00:00+00:00,NO,12,0.29000000000000004,36,10.440000000000001,0.52,0.3619097121243413,0.29000000000000004,0.07190971212434127,0.6380902878756587,1,yes,0,-10.96,1048.816,1037.856,0.010000000000000009,0.715,0.0002182485974101205,0.00026718746625453704
2026-08-07 11:03:00+00:00,KXBTC15M-26AUG070715-15,2026-08-07 11:15:00+00:00,NO,12,0.28,37,10.360000000000001,0.53,0.3480305732209019,0.28,0.06803057322090189,0.6519694267790981,1,yes,0,-10.89,1037.856,1026.966,0.010000000000000009,0.725,0.00033289492627365394,0.0004505838854733657
2026-08-07 11:18:00+00:00,KXBTC15M-26AUG070730-30,2026-08-07 11:30:00+00:00,YES,12,0.57,18,10.26,0.31,0.7636960787328511,0.57,0.1936960787328511,0.7636960787328511,1,yes,1,7.430000000000001,1026.966,1034.396,0.009999999999999898,0.565,4.766712019842186e-05,0.0001186059092237457
2026-08-07 11:33:00+00:00,KXBTC15M-26AUG070745-45,2026-08-07 11:45:00+00:00,YES,12,0.24,43,10.32,0.55,0.3086003348741875,0.24,0.06860033487418749,0.3086003348741875,0,no,0,-10.870000000000001,1034.396,1023.526,0.009999999999999981,0.235,0.0004699857664065396,-0.000813417843106734
2026-08-07 11:57:00+00:00,KXBTC15M-26AUG070800-00,2026-08-07 12:00:00+00:00,YES,3,0.12,85,10.2,0.63,0.19579937319158724,0.12,0.07579937319158725,0.19579937319158724,0,no,0,-10.83,1023.526,1012.6959999999999,0.009999999999999995,0.11499999999999999,0.0002509687990562579,-0.00037233959894711344
2026-08-07 12:01:00+00:00,KXBTC15M-26AUG070815-15,2026-08-07 12:15:00+00:00,YES,14,0.55,18,9.9,0.32,0.6555516130358964,0.55,0.10555161303589633,0.6555516130358964,1,yes,1,7.779999999999999,1012.6959999999999,1020.4759999999999,0.010000000000000009,0.545,4.920978764304623e-05,7.371812037559877e-05
2026-08-07 12:35:00+00:00,KXBTC15M-26AUG070845-45,2026-08-07 12:45:00+00:00,YES,10,0.17,60,10.200000000000001,0.6,0.3009114864747802,0.17,0.1309114864747802,0.3009114864747802,1,yes,1,49.199999999999996,1020.4759999999999,1069.676,0.010000000000000009,0.165,0.0012110247045900482,-0.001996214690185627
2026-08-07 12:50:00+00:00,KXBTC15M-26AUG070900-00,2026-08-07 13:00:00+00:00,YES,10,0.8,13,10.4,0.15,0.880500642817774,0.8,0.08050064281777392,0.880500642817774,1,yes,1,2.4499999999999997,1069.676,1072.126,0.010000000000000009,0.795,0.0003295086447789931,0.0012276983489107884
2026-08-07 13:07:00+00:00,KXBTC15M-26AUG070915-15,2026-08-07 13:15:00+00:00,NO,8,0.42000000000000004,25,10.500000000000002,0.43,0.4705497853241267,0.42000000000000004,0.050549785324126684,0.5294502146758733,0,no,1,14.069999999999999,1072.126,1086.196,0.010000000000000009,0.585,0.0005111133697063888,0.00010682154411223443
2026-08-07 13:16:00+00:00,KXBTC15M-26AUG070930-30,2026-08-07 13:30:00+00:00,NO,14,0.5700000000000001,19,10.830000000000002,0.33,0.6569833677960846,0.5700000000000001,0.08698336779608451,0.34301663220391543,0,no,1,7.839999999999998,1086.196,1094.0359999999998,0.010000000000000009,0.435,0.00020438515373314014,-0.00030909350009344916
2026-08-07 13:33:00+00:00,KXBTC15M-26AUG070945-45,2026-08-07 13:45:00+00:00,NO,12,0.16000000000000003,68,10.880000000000003,0.64,0.24608129730552308,0.16000000000000003,0.08608129730552305,0.7539187026944769,1,yes,0,-11.520000000000003,1094.0359999999998,1082.5159999999998,0.010000000000000009,0.845,0.0008314568747612822,0.0019803257440043076
2026-08-07 13:48:00+00:00,KXBTC15M-26AUG071000-00,2026-08-07 14:00:00+00:00,YES,12,0.16,67,10.72,0.64,0.21241210675459377,0.16,0.05241210675459376,0.21241210675459377,0,no,0,-11.360000000000001,1082.5159999999998,1071.156,0.010000000000000009,0.155,0.0008795005876425904,-0.002428539445300637
2026-08-07 14:05:00+00:00,KXBTC15M-26AUG071015-15,2026-08-07 14:15:00+00:00,YES,10,0.16,66,10.56,0.63,0.23052136901826226,0.16,0.07052136901826225,0.23052136901826226,0,no,0,-11.190000000000001,1071.156,1059.966,0.010000000000000009,0.155,0.001145150842778334,-0.002665801511139043
2026-08-07 14:20:00+00:00,KXBTC15M-26AUG071030-30,2026-08-07 14:30:00+00:00,YES,10,0.89,11,9.790000000000001,0.08,0.9721018100967497,0.89,0.08210181009674966,0.9721018100967497,1,yes,1,1.129999999999999,1059.966,1061.096,0.010000000000000009,0.885,0.00036889333677264186,0.0022336477311462044
2026-08-07 14:43:00+00:00,KXBTC15M-26AUG071045-45,2026-08-07 14:45:00+00:00,YES,2,0.26,40,10.4,0.54,0.3308522168923459,0.26,0.07085221689234589,0.3308522168923459,0,no,0,-10.940000000000001,1061.096,1050.156,0.010000000000000009,0.255,0.0007556787213673891,-0.0004675083967271565
2026-08-07 14:54:00+00:00,KXBTC15M-26AUG071100-00,2026-08-07 15:00:00+00:00,YES,6,0.15,70,10.5,0.63,0.25421854712050823,0.15,0.10421854712050824,0.25421854712050823,0,no,0,-11.13,1050.156,1039.0259999999998,0.009999999999999981,0.14500000000000002,0.0007541633263466401,-0.001220834384893399
2026-08-07 15:03:00+00:00,KXBTC15M-26AUG071115-15,2026-08-07 15:15:00+00:00,NO,12,0.49,21,10.29,0.37,0.5605477229813479,0.49,0.07054772298134793,0.4394522770186521,0,no,1,10.340000000000002,1039.0259999999998,1049.3659999999998,0.010000000000000009,0.515,0.0003955028862996078,-0.00020871819762369181
2026-08-07 15:22:00+00:00,KXBTC15M-26AUG071130-30,2026-08-07 15:30:00+00:00,NO,8,0.35,29,10.149999999999999,0.47,0.4151093415995728,0.35,0.06510934159957282,0.5848906584004272,1,yes,0,-10.62,1049.3659999999998,1038.7459999999999,0.010000000000000009,0.655,0.000544304435102354,0.000330161238238702
2026-08-07 15:31:00+00:00,KXBTC15M-26AUG071145-45,2026-08-07 15:45:00+00:00,NO,14,0.56,18,10.080000000000002,0.32,0.7898044526020758,0.56,0.22980445260207572,0.21019554739792418,1,yes,0,-10.400000000000002,1038.7459999999999,1028.3459999999998,0.010000000000000009,0.445,9.583536905009149e-05,-0.0002888840732993003
2026-08-07 15:46:00+00:00,KXBTC15M-26AUG071200-00,2026-08-07 16:00:00+00:00,NO,14,0.56,18,10.080000000000002,0.32,0.7016277663524657,0.56,0.14162776635246566,0.2983722336475343,0,no,1,7.599999999999998,1028.3459999999998,1035.9459999999997,0.010000000000000009,0.445,0.00014313473036462693,-0.0002833187724001762
2026-08-07 16:05:00+00:00,KXBTC15M-26AUG071215-15,2026-08-07 16:15:00+00:00,YES,10,0.79,13,10.27,0.16,0.9319591085777397,0.79,0.14195910857773963,0.9319591085777397,1,yes,1,2.5700000000000003,1035.9459999999997,1038.5159999999996,0.010000000000000009,0.785,0.00018766431496946743,0.0008849485211261943
2026-08-07 16:16:00+00:00,KXBTC15M-26AUG071230-30,2026-08-07 16:30:00+00:00,YES,14,0.29,35,10.149999999999999,0.51,0.34864766915630374,0.29,0.05864766915630376,0.34864766915630374,0,no,0,-10.659999999999998,1038.5159999999996,1027.8559999999995,0.009999999999999953,0.28500000000000003,0.000482538799006153,-0.0007020441112590703
2026-08-07 16:35:00+00:00,KXBTC15M-26AUG071245-45,2026-08-07 16:45:00+00:00,NO,10,0.31000000000000005,33,10.230000000000002,0.5,0.401824015132237,0.31000000000000005,0.09182401513223692,0.598175984867763,1,yes,0,-10.730000000000002,1027.8559999999995,1017.1259999999995,0.010000000000000009,0.695,0.0006320528592885506,0.0004970642384243273
2026-08-07 16:46:00+00:00,KXBTC15M-26AUG071300-00,2026-08-07 17:00:00+00:00,NO,14,0.5700000000000001,17,9.690000000000001,0.3,0.763429315760675,0.5700000000000001,0.1934293157606749,0.23657068423932504,0,no,1,7.009999999999999,1017.1259999999995,1024.1359999999995,0.010000000000000009,0.435,0.00010591876253360807,-0.00028426459132457893
2026-08-07 17:01:00+00:00,KXBTC15M-26AUG071315-15,2026-08-07 17:15:00+00:00,NO,14,0.62,16,9.92,0.27,0.7528536347230699,0.62,0.13285363472306988,0.24714636527693012,0,no,1,5.8100000000000005,1024.1359999999995,1029.9459999999995,0.010000000000000009,0.385,0.00018129595162256817,-0.0004635410243069016
2026-08-07 17:16:00+00:00,KXBTC15M-26AUG071330-30,2026-08-07 17:30:00+00:00,NO,14,0.63,16,10.08,0.27,0.6969309695349905,0.63,0.06693096953499045,0.30306903046500955,0,no,1,5.65,1029.9459999999995,1035.5959999999995,0.010000000000000009,0.375,0.0003004254803204576,-0.0005794056405588055
2026-08-07 17:31:00+00:00,KXBTC15M-26AUG071345-45,2026-08-07 17:45:00+00:00,NO,14,0.56,18,10.080000000000002,0.32,0.6762596192873953,0.56,0.11625961928739525,0.3237403807126047,1,yes,0,-10.400000000000002,1035.5959999999995,1025.1959999999995,0.020000000000000018,0.45,0.00020911808686106248,-0.00035772200027484047
2026-08-07 17:52:00+00:00,KXBTC15M-26AUG071400-00,2026-08-07 18:00:00+00:00,NO,8,0.28,36,10.080000000000002,0.51,0.3904009209993756,0.28,0.1104009209993756,0.6095990790006244,1,yes,0,-10.590000000000002,1025.1959999999995,1014.6059999999994,0.010000000000000009,0.725,0.0004978655069399737,0.0003919359904933639
2026-08-07 18:07:00+00:00,KXBTC15M-26AUG071415-15,2026-08-07 18:15:00+00:00,YES,8,0.921,11,10.131,0.06,0.9990997129469932,0.921,0.07809971294699314,0.9990997129469932,1,yes,1,0.8089999999999997,1014.6059999999994,1015.4149999999994,0.0020000000000000018,0.92,0.00016782334446132448,0.0014827023722621124
2026-08-07 18:37:00+00:00,KXBTC15M-26AUG071445-45,2026-08-07 18:45:00+00:00,YES,8,0.22,46,10.12,0.56,0.312648967146267,0.22,0.092648967146267,0.312648967146267,0,no,0,-10.68,1015.4149999999994,1004.7349999999994,0.010000000000000009,0.215,0.000394543492711541,-0.0005448259443984194
2026-08-07 18:52:00+00:00,KXBTC15M-26AUG071500-00,2026-08-07 19:00:00+00:00,NO,8,0.85,11,9.35,0.1,0.9745205642005439,0.85,0.12452056420054392,0.02547943579945614,0,no,1,1.5500000000000003,1004.7349999999994,1006.2849999999994,0.010000000000000009,0.155,0.00013074044474087096,-0.0007215049591873246
2026-08-07 19:03:00+00:00,KXBTC15M-26AUG071515-15,2026-08-07 19:15:00+00:00,NO,12,0.18000000000000005,55,9.900000000000002,0.57,0.321300107206862,0.18000000000000005,0.14130010720686192,0.678699892793138,1,yes,0,-10.470000000000002,1006.2849999999994,995.8149999999994,0.010000000000000009,0.825,0.0006412207038962629,0.001031340537048564
2026-08-07 19:31:00+00:00,KXBTC15M-26AUG071545-45,2026-08-07 19:45:00+00:00,NO,14,0.54,18,9.72,0.32,0.5994376547285883,0.54,0.05943765472858831,0.40056234527141166,1,yes,0,-10.040000000000001,995.8149999999994,985.7749999999994,0.009999999999999953,0.46499999999999997,0.00012359768721705898,-0.00011648315177514856
2026-08-07 19:54:00+00:00,KXBTC15M-26AUG071600-00,2026-08-07 20:00:00+00:00,YES,6,0.25,39,9.75,0.52,0.30524263865630363,0.25,0.05524263865630363,0.30524263865630363,0,no,0,-10.27,985.7749999999994,975.5049999999994,0.010000000000000009,0.245,0.0003711863617012224,-0.00046303061622487984
2026-08-07 20:01:00+00:00,KXBTC15M-26AUG071615-15,2026-08-07 20:15:00+00:00,NO,14,0.5700000000000001,17,9.690000000000001,0.3,0.6305989791468618,0.5700000000000001,0.06059897914686174,0.3694010208531382,1,yes,0,-9.990000000000002,975.5049999999994,965.5149999999994,0.010000000000000009,0.435,0.000208029169549832,-0.00025950744409042326
2026-08-07 20:18:00+00:00,KXBTC15M-26AUG071630-30,2026-08-07 20:30:00+00:00,NO,12,0.64,15,9.6,0.25,0.7665098528959204,0.64,0.12650985289592043,0.23349014710407962,0,no,1,5.15,965.5149999999994,970.6649999999994,0.010000000000000009,0.365,0.00010664077704827744,-0.00026867639690930645
2026-08-07 20:31:00+00:00,KXBTC15M-26AUG071645-45,2026-08-07 20:45:00+00:00,NO,14,0.61,15,9.15,0.25,0.8373296100202718,0.61,0.22732961002027186,0.16267038997972816,0,no,1,5.6,970.6649999999994,976.2649999999994,0.010000000000000009,0.395,6.540407445601701e-05,-0.00024066306601044918
2026-08-07 20:46:00+00:00,KXBTC15M-26AUG071700-00,2026-08-07 21:00:00+00:00,NO,14,0.55,17,9.350000000000001,0.3,0.9389750678697494,0.55,0.38897506786974934,0.0610249321302506,1,yes,0,-9.650000000000002,976.2649999999994,966.6149999999994,0.010000000000000009,0.455,2.1459000374189055e-05,-0.0001241422670380521
2026-08-07 21:03:00+00:00,KXBTC15M-26AUG071715-15,2026-08-07 21:15:00+00:00,NO,12,0.54,17,9.18,0.3,0.6560916793753613,0.54,0.11609167937536125,0.34390832062463866,1,yes,0,-9.48,966.6149999999994,957.1349999999994,0.009999999999999953,0.46499999999999997,6.771027157947507e-05,-9.42445093718991e-05
2026-08-07 21:16:00+00:00,KXBTC15M-26AUG071730-30,2026-08-07 21:30:00+00:00,YES,14,0.34,28,9.520000000000001,0.44,0.40461439430652557,0.34,0.06461439430652555,0.40461439430652557,1,yes,1,18.039999999999996,957.1349999999994,975.1749999999994,0.010000000000000009,0.335,0.00036676851240272876,-0.000331252588872899
2026-08-07 21:31:00+00:00,KXBTC15M-26AUG071745-45,2026-08-07 21:45:00+00:00,NO,14,0.49,19,9.31,0.34,0.578054808193381,0.49,0.08805480819338096,0.42194519180661905,1,yes,0,-9.65,975.1749999999994,965.5249999999994,0.010000000000000009,0.515,9.693683796123387e-05,-7.142109508240235e-05
2026-08-07 21:48:00+00:00,KXBTC15M-26AUG071800-00,2026-08-07 22:00:00+00:00,YES,12,0.24,40,9.6,0.52,0.32575243639488516,0.24,0.08575243639488517,0.32575243639488516,0,no,0,-10.12,965.5249999999994,955.4049999999994,0.009999999999999981,0.235,0.00037946067406701664,-0.0005935430272541176
2026-08-07 22:01:00+00:00,KXBTC15M-26AUG071815-15,2026-08-07 22:15:00+00:00,NO,14,0.63,15,9.45,0.25,0.8313429220951691,0.63,0.20134292209516913,0.1686570779048308,0,no,1,5.300000000000001,955.4049999999994,960.7049999999994,0.010000000000000009,0.375,0.0001661669151899608,-0.0005963723736159832
2026-08-07 22:18:00+00:00,KXBTC15M-26AUG071830-30,2026-08-07 22:30:00+00:00,YES,12,0.74,12,8.879999999999999,0.17,0.8662141691398626,0.74,0.1262141691398626,0.8662141691398626,0,no,0,-9.049999999999999,960.7049999999994,951.6549999999994,0.010000000000000009,0.735,7.67013038390046e-05,0.0002946187999461891
2026-08-07 22:31:00+00:00,KXBTC15M-26AUG071845-45,2026-08-07 22:45:00+00:00,NO,14,0.45999999999999996,20,9.2,0.35,0.6262182175056877,0.45999999999999996,0.16621821750568777,0.37378178249431226,0,no,1,10.450000000000001,951.6549999999994,962.1049999999994,0.010000000000000009,0.545,1.4203485587016048e-05,-1.710462994597428e-05
2026-08-07 22:46:00+00:00,KXBTC15M-26AUG071900-00,2026-08-07 23:00:00+00:00,NO,14,0.36,26,9.36,0.42,0.431807740129567,0.36,0.07180774012956703,0.568192259870433,1,yes,0,-9.78,962.1049999999994,952.3249999999995,0.020000000000000018,0.65,0.0001864415095100894,0.00011983652262470557
2026-08-07 23:03:00+00:00,KXBTC15M-26AUG071915-15,2026-08-07 23:15:00+00:00,NO,12,0.47,20,9.399999999999999,0.35,0.5546556904390818,0.47,0.08465569043908183,0.4453443095609182,1,yes,0,-9.749999999999998,952.3249999999995,942.5749999999995,0.010000000000000009,0.535,8.679998972013048e-05,-4.13230212864546e-05
2026-08-07 23:16:00+00:00,KXBTC15M-26AUG071930-30,2026-08-07 23:30:00+00:00,NO,14,0.55,17,9.350000000000001,0.3,0.7717081215283872,0.55,0.22170812152838715,0.22829187847161286,0,no,1,7.349999999999999,942.5749999999995,949.9249999999995,0.010000000000000009,0.455,5.612593982772225e-05,-0.00015633241080770244
2026-08-07 23:31:00+00:00,KXBTC15M-26AUG071945-45,2026-08-07 23:45:00+00:00,NO,14,0.52,18,9.36,0.32,0.724305413767107,0.52,0.20430541376710698,0.27569458623289306,1,yes,0,-9.68,949.9249999999995,940.2449999999995,0.010000000000000009,0.485,2.4973060320078345e-05,-5.565914769656288e-05
2026-08-07 23:46:00+00:00,KXBTC15M-26AUG072000-00,2026-08-08 00:00:00+00:00,NO,14,0.44999999999999996,20,9.0,0.35,0.6141703669558036,0.44999999999999996,0.16417036695580367,0.3858296330441963,1,yes,0,-9.35,940.2449999999995,930.8949999999995,0.010000000000000009,0.555,2.2715660554813652e-05,-2.466545929236119e-05
2026-08-08 00:10:00+00:00,KXBTC15M-26AUG072015-15,2026-08-08 00:15:00+00:00,YES,5,0.26,35,9.1,0.48,0.38285747106756646,0.26,0.12285747106756645,0.38285747106756646,0,no,0,-9.58,930.8949999999995,921.3149999999995,0.010000000000000009,0.255,0.0003879167466636547,-0.0002584408603476529
2026-08-08 00:16:00+00:00,KXBTC15M-26AUG072030-30,2026-08-08 00:30:00+00:00,NO,14,0.62,14,8.68,0.24,0.80944264423513,0.62,0.18944264423513002,0.19055735576486998,0,no,1,5.08,921.3149999999995,926.3949999999995,0.010000000000000009,0.385,5.033220630112831e-05,-0.00016493052879507086
2026-08-08 00:31:00+00:00,KXBTC15M-26AUG072045-45,2026-08-08 00:45:00+00:00,NO,14,0.41000000000000003,22,9.020000000000001,0.38,0.5636052970877699,0.41000000000000003,0.15360529708776982,0.4363947029122301,1,yes,0,-9.400000000000002,926.3949999999995,916.9949999999995,0.010000000000000009,0.595,6.305886313215407e-05,-3.77778891411662e-05
2026-08-08 00:46:00+00:00,KXBTC15M-26AUG072100-00,2026-08-08 01:00:00+00:00,NO,14,0.37,24,8.879999999999999,0.4,0.4706168392826915,0.37,0.1006168392826915,0.5293831607173085,1,yes,0,-9.28,916.9949999999995,907.7149999999996,0.010000000000000009,0.635,0.0003235798845094757,8.92578831359625e-05
2026-08-08 01:01:00+00:00,KXBTC15M-26AUG072115-15,2026-08-08 01:15:00+00:00,NO,14,0.42000000000000004,21,8.82,0.36,0.511138573563062,0.42000000000000004,0.09113857356306199,0.4888614264369379,1,yes,0,-9.18,907.7149999999996,898.5349999999996,0.010000000000000009,0.585,5.457837000742712e-05,-5.702421155606707e-06
2026-08-08 01:16:00+00:00,KXBTC15M-26AUG072130-30,2026-08-08 01:30:00+00:00,YES,14,0.27,33,8.91,0.46,0.41582858892941893,0.27,0.1458285889294189,0.41582858892941893,0,no,0,-9.370000000000001,898.5349999999996,889.1649999999996,0.010000000000000009,0.265,0.0003418408561138728,-0.0002718595067036089
2026-08-08 01:31:00+00:00,KXBTC15M-26AUG072145-45,2026-08-08 01:45:00+00:00,NO,14,0.5900000000000001,15,8.850000000000001,0.26,0.686218721120508,0.5900000000000001,0.09621872112050789,0.31378127887949203,1,yes,0,-9.110000000000001,889.1649999999996,880.0549999999996,0.010000000000000009,0.415,9.59447103620977e-05,-0.0001741536556162382
2026-08-08 01:46:00+00:00,KXBTC15M-26AUG072200-00,2026-08-08 02:00:00+00:00,NO,14,0.6599999999999999,13,8.579999999999998,0.21,0.816773246933393,0.6599999999999999,0.15677324693339312,0.18322675306660702,0,no,1,4.210000000000002,880.0549999999996,884.2649999999996,0.009999999999999953,0.345,6.612323992417068e-05,-0.00022342047502277307
2026-08-08 02:01:00+00:00,KXBTC15M-26AUG072215-15,2026-08-08 02:15:00+00:00,NO,14,0.6599999999999999,13,8.579999999999998,0.21,0.7274629651213791,0.6599999999999999,0.06746296512137917,0.27253703487862085,0,no,1,4.210000000000002,884.2649999999996,888.4749999999997,0.009999999999999953,0.345,0.00013458670143205102,-0.00030469737940219677
2026-08-08 02:16:00+00:00,KXBTC15M-26AUG072230-30,2026-08-08 02:30:00+00:00,NO,14,0.52,17,8.84,0.3,0.6740642383284563,0.52,0.15406423832845628,0.3259357616715437,1,yes,0,-9.14,888.4749999999997,879.3349999999997,0.010000000000000009,0.485,7.36130103987764e-05,-0.00012425841927865555
2026-08-08 02:31:00+00:00,KXBTC15M-26AUG072245-45,2026-08-08 02:45:00+00:00,NO,14,0.21999999999999997,39,8.579999999999998,0.47,0.271936299043817,0.21999999999999997,0.051936299043817025,0.728063700956183,0,no,1,29.950000000000003,879.3349999999997,909.2849999999997,0.010000000000000009,0.785,0.00018811282513904898,0.00042730749127195544
2026-08-08 02:46:00+00:00,KXBTC15M-26AUG072300-00,2026-08-08 03:00:00+00:00,NO,14,0.56,16,8.96,0.28,0.8074362545927856,0.56,0.2474362545927855,0.1925637454072145,1,yes,0,-9.24,909.2849999999997,900.0449999999997,0.010000000000000009,0.445,3.5950759011184815e-05,-0.00011681814497099818
2026-08-08 03:03:00+00:00,KXBTC15M-26AUG072315-15,2026-08-08 03:15:00+00:00,NO,12,0.5,18,9.0,0.32,0.999999,0.5,0.49999899999999997,1e-06,1,yes,0,-9.32,900.0449999999997,890.7249999999997,0.010000000000000009,0.505,7.751659803748087e-07,-3.7909994276552617e-05
2026-08-08 03:16:00+00:00,KXBTC15M-26AUG072330-30,2026-08-08 03:30:00+00:00,NO,14,0.53,16,8.48,0.28,0.7032447266696804,0.53,0.17324472666968038,0.2967552733303196,1,yes,0,-8.76,890.7249999999997,881.9649999999997,0.010000000000000009,0.475,5.1692995908096014e-05,-0.00010323235924614149
2026-08-08 03:33:00+00:00,KXBTC15M-26AUG072345-45,2026-08-08 03:45:00+00:00,YES,12,0.59,14,8.26,0.24,0.7171641290481258,0.59,0.1271641290481258,0.7171641290481258,0,no,0,-8.5,881.9649999999997,873.4649999999997,0.010000000000000009,0.585,3.9899210286219026e-05,7.939899270992257e-05
2026-08-08 03:48:00+00:00,KXBTC15M-26AUG080000-00,2026-08-08 04:00:00+00:00,NO,12,0.51,17,8.67,0.3,0.667565118847174,0.51,0.15756511884717395,0.33243488115282605,1,yes,0,-8.97,873.4649999999997,864.4949999999997,0.010000000000000009,0.495,4.174076953124757e-05,-6.263621838520361e-05
2026-08-08 04:03:00+00:00,KXBTC15M-26AUG080015-15,2026-08-08 04:15:00+00:00,NO,12,0.29000000000000004,29,8.41,0.42,0.3872562171295787,0.29000000000000004,0.09725621712957866,0.6127437828704213,0,no,1,20.169999999999998,864.4949999999997,884.6649999999996,0.010000000000000009,0.715,0.00030290629862019853,0.00030064549541819474
2026-08-08 04:16:00+00:00,KXBTC15M-26AUG080030-30,2026-08-08 04:30:00+00:00,NO,14,0.54,16,8.64,0.28,0.6148243948393539,0.54,0.07482439483935388,0.3851756051606461,1,yes,0,-8.92,884.6649999999996,875.7449999999997,0.009999999999999953,0.46499999999999997,9.037217372507383e-05,-9.870394483180167e-05
2026-08-08 04:31:00+00:00,KXBTC15M-26AUG080045-45,2026-08-08 04:45:00+00:00,NO,14,0.49,17,8.33,0.3,0.5697567394127798,0.49,0.07975673941277983,0.43024326058722023,1,yes,0,-8.63,875.7449999999997,867.1149999999997,0.010000000000000009,0.515,9.480360891583191e-05,-6.234228748169812e-05
2026-08-08 04:50:00+00:00,KXBTC15M-26AUG080100-00,2026-08-08 05:00:00+00:00,NO,10,0.63,13,8.19,0.22,0.8461291694691649,0.63,0.21612916946916494,0.15387083053083506,0,no,1,4.590000000000001,867.1149999999997,871.7049999999997,0.010000000000000009,0.375,5.027758561373032e-05,-0.0001621539459408794
2026-08-08 05:01:00+00:00,KXBTC15M-26AUG080115-15,2026-08-08 05:15:00+00:00,NO,14,0.5,17,8.5,0.3,0.6061907688791628,0.5,0.10619076887916279,0.3938092311208372,0,no,1,8.2,871.7049999999997,879.9049999999997,0.010000000000000009,0.505,0.00013055156818456064,-0.0001315898220581868
2026-08-08 05:16:00+00:00,KXBTC15M-26AUG080130-30,2026-08-08 05:30:00+00:00,NO,14,0.28,31,8.680000000000001,0.44,0.4074372564158658,0.28,0.12743725641586579,0.5925627435841342,1,yes,0,-9.120000000000001,879.9049999999997,870.7849999999997,0.010000000000000009,0.725,0.0001365220301188481,0.0001196114060943998
2026-08-08 05:33:00+00:00,KXBTC15M-26AUG080145-45,2026-08-08 05:45:00+00:00,NO,12,0.64,13,8.32,0.21,0.691180936113896,0.64,0.05118093611389596,0.30881906388610403,0,no,1,4.47,870.7849999999997,875.2549999999998,0.020000000000000018,0.37,9.424375312704265e-05,-0.0001629606832345143
2026-08-08 05:46:00+00:00,KXBTC15M-26AUG080200-00,2026-08-08 06:00:00+00:00,NO,14,0.61,14,8.54,0.24,0.8776657700691365,0.61,0.2676657700691365,0.12233422993086351,0,no,1,5.220000000000001,875.2549999999998,880.4749999999998,0.010000000000000009,0.395,4.1331672399137035e-05,-0.00017990195112815854
2026-08-08 06:16:00+00:00,KXBTC15M-26AUG080230-30,2026-08-08 06:30:00+00:00,NO,14,0.53,16,8.48,0.28,0.8658461637067691,0.53,0.3358461637067691,0.1341538362932309,0,no,1,7.239999999999999,880.4749999999998,887.7149999999998,0.010000000000000009,0.475,4.9779895415858585e-05,-0.00020616188465527596
2026-08-08 06:31:00+00:00,KXBTC15M-26AUG080245-45,2026-08-08 06:45:00+00:00,NO,14,0.48,18,8.64,0.32,0.597714386160119,0.48,0.11771438616011898,0.40228561383988104,0,no,1,9.04,887.7149999999998,896.7549999999998,0.010000000000000009,0.525,6.320258510983803e-05,-5.851242626864206e-05
2026-08-08 06:46:00+00:00,KXBTC15M-26AUG080300-00,2026-08-08 07:00:00+00:00,NO,14,0.24,37,8.879999999999999,0.48,0.3866560421623021,0.24,0.1466560421623021,0.6133439578376979,1,yes,0,-9.36,896.7549999999998,887.3949999999998,0.010000000000000009,0.765,0.00033169549520241414,0.00035755427333561407
2026-08-08 07:01:00+00:00,KXBTC15M-26AUG080315-15,2026-08-08 07:15:00+00:00,NO,14,0.5700000000000001,15,8.55,0.26,0.8939232806367514,0.5700000000000001,0.32392328063675135,0.10607671936324864,0,no,1,6.1899999999999995,887.3949999999998,893.5849999999998,0.010000000000000009,0.435,2.3541104582269305e-05,-0.00010989180120968278
2026-08-08 07:16:00+00:00,KXBTC15M-26AUG080330-30,2026-08-08 07:30:00+00:00,NO,14,0.53,16,8.48,0.28,0.649379128232992,0.53,0.11937912823299202,0.35062087176700796,1,yes,0,-8.76,893.5849999999998,884.8249999999998,0.010000000000000009,0.475,9.137010893070761e-05,-0.00013115020577647574
2026-08-08 07:31:00+00:00,KXBTC15M-26AUG080345-45,2026-08-08 07:45:00+00:00,NO,14,0.5,17,8.5,0.3,0.7903535701036883,0.5,0.29035357010368834,0.20964642989631166,0,no,1,8.2,884.8249999999998,893.0249999999999,0.010000000000000009,0.505,8.811920426734453e-06,-2.662878094061849e-05
2026-08-08 07:46:00+00:00,KXBTC15M-26AUG080400-00,2026-08-08 08:00:00+00:00,NO,14,0.55,16,8.8,0.28,0.6516929309165035,0.55,0.10169293091650344,0.3483070690834965,1,yes,0,-9.08,893.0249999999999,883.9449999999998,0.010000000000000009,0.455,9.461337249617046e-05,-0.0001380175504103187
2026-08-08 08:01:00+00:00,KXBTC15M-26AUG080415-15,2026-08-08 08:15:00+00:00,NO,14,0.5800000000000001,15,8.700000000000001,0.26,0.8548676167214466,0.5800000000000001,0.27486761672144655,0.14513238327855338,1,yes,0,-8.96,883.9449999999998,874.9849999999998,0.010000000000000009,0.425,5.052244878805292e-05,-0.00019989512436080492
2026-08-08 08:18:00+00:00,KXBTC15M-26AUG080430-30,2026-08-08 08:30:00+00:00,NO,12,0.61,14,8.54,0.24,0.7620711995925178,0.61,0.1520711995925178,0.2379288004074822,1,yes,0,-8.78,874.9849999999998,866.2049999999998,0.010000000000000009,0.395,5.96132856643548e-05,-0.00014722432860470036
2026-08-08 08:31:00+00:00,KXBTC15M-26AUG080445-45,2026-08-08 08:45:00+00:00,NO,14,0.43999999999999995,19,8.36,0.33,0.5037300927993713,0.43999999999999995,0.06373009279937136,0.49626990720062863,1,yes,0,-8.69,866.2049999999998,857.5149999999998,0.009999999999999898,0.565,6.16167973589664e-05,-2.15565159500386e-06
2026-08-08 08:52:00+00:00,KXBTC15M-26AUG080500-00,2026-08-08 09:00:00+00:00,NO,8,0.8,10,8.0,0.12,0.99822784072174,0.8,0.19822784072173993,0.0017721592782600497,0,no,1,1.88,857.5149999999998,859.3949999999998,0.009999999999999981,0.20500000000000002,3.5234198035904456e-05,-0.00029056904900959246
2026-08-08 09:01:00+00:00,KXBTC15M-26AUG080515-15,2026-08-08 09:15:00+00:00,NO,14,0.37,23,8.51,0.38,0.47956447968773175,0.37,0.10956447968773175,0.5204355203122683,1,yes,0,-8.89,859.3949999999998,850.5049999999998,0.010000000000000009,0.635,6.744063910633984e-05,1.2931657575210309e-05
2026-08-08 09:16:00+00:00,KXBTC15M-26AUG080530-30,2026-08-08 09:30:00+00:00,NO,14,0.32999999999999996,25,8.249999999999998,0.39,0.394355457544169,0.32999999999999996,0.06435545754416905,0.605644542455831,1,yes,0,-8.639999999999999,850.5049999999998,841.8649999999998,0.010000000000000009,0.675,5.740987620996588e-05,5.756698819525674e-05
2026-08-08 09:33:00+00:00,KXBTC15M-26AUG080545-45,2026-08-08 09:45:00+00:00,NO,12,0.22999999999999998,36,8.28,0.45,0.4355362069471259,0.22999999999999998,0.20553620694712593,0.5644637930528741,0,no,1,27.27,841.8649999999998,869.1349999999998,0.010000000000000009,0.775,0.00024113900569690543,0.0001355802828411079
2026-08-08 09:46:00+00:00,KXBTC15M-26AUG080600-00,2026-08-08 10:00:00+00:00,NO,14,0.49,17,8.33,0.3,0.6529143082830868,0.49,0.16291430828308684,0.3470856917169132,0,no,1,8.37,869.1349999999998,877.5049999999998,0.010000000000000009,0.515,5.523648569948813e-05,-8.126181124268328e-05
2026-08-08 10:01:00+00:00,KXBTC15M-26AUG080615-15,2026-08-08 10:15:00+00:00,NO,14,0.49,17,8.33,0.3,0.5530588619169653,0.49,0.0630588619169653,0.4469411380830347,1,yes,0,-8.63,877.5049999999998,868.8749999999998,0.010000000000000009,0.515,7.649457178151904e-05,-3.8178656406873124e-05
2026-08-08 10:16:00+00:00,KXBTC15M-26AUG080630-30,2026-08-08 10:30:00+00:00,NO,14,0.4,21,8.4,0.36,0.5516220524468203,0.4,0.15162205244682025,0.4483779475531797,1,yes,0,-8.76,868.8749999999998,860.1149999999998,0.010000000000000009,0.605,0.00011635933608134442,-5.649312246269744e-05
2026-08-08 10:35:00+00:00,KXBTC15M-26AUG080645-45,2026-08-08 10:45:00+00:00,NO,10,0.55,15,8.25,0.26,0.6610893514686514,0.55,0.1110893514686514,0.33891064853134856,0,no,1,6.49,860.1149999999998,866.6049999999998,0.010000000000000009,0.455,1.93282370011091e-05,-2.5391768050386787e-05
2026-08-08 10:50:00+00:00,KXBTC15M-26AUG080700-00,2026-08-08 11:00:00+00:00,NO,10,0.52,16,8.32,0.28,0.999999,0.52,0.47999899999999995,1e-06,0,no,1,7.3999999999999995,866.6049999999998,874.0049999999998,0.010000000000000009,0.485,1.539020201202674e-07,-4.155337600342257e-06
2026-08-08 11:01:00+00:00,KXBTC15M-26AUG080715-15,2026-08-08 11:15:00+00:00,NO,14,0.51,17,8.67,0.3,0.6354578665741959,0.51,0.1254578665741959,0.36454213342580405,1,yes,0,-8.97,874.0049999999998,865.0349999999997,0.010000000000000009,0.495,6.556293262657687e-05,-8.495941341057911e-05
2026-08-08 11:22:00+00:00,KXBTC15M-26AUG080730-30,2026-08-08 11:30:00+00:00,NO,8,0.948,9,8.532,0.04,0.9999979641219274,0.948,0.051997964121927476,2.035878072525871e-06,0,no,1,0.428,865.0349999999997,865.4629999999997,0.0010000000000000009,0.0525,3.47385847288759e-05,-0.00045262824492586784
2026-08-08 11:31:00+00:00,KXBTC15M-26AUG080745-45,2026-08-08 11:45:00+00:00,NO,14,0.51,16,8.16,0.28,0.7186587775554114,0.51,0.2086587775554114,0.28134122244458853,0,no,1,7.56,865.4629999999997,873.0229999999997,0.010000000000000009,0.495,3.434104020200583e-05,-7.437657646003348e-05
2026-08-08 11:46:00+00:00,KXBTC15M-26AUG080800-00,2026-08-08 12:00:00+00:00,NO,14,0.71,12,8.52,0.18,0.8498307666725221,0.71,0.13983076667252214,0.1501692333274779,0,no,1,3.3000000000000003,873.0229999999997,876.3229999999996,0.010000000000000009,0.295,5.8344498379067516e-05,-0.00022607476760727607
2026-08-08 12:01:00+00:00,KXBTC15M-26AUG080815-15,2026-08-08 12:15:00+00:00,NO,14,0.69,12,8.28,0.18,0.8557195438246672,0.69,0.16571954382466725,0.14428045617533286,1,yes,0,-8.459999999999999,876.3229999999996,867.8629999999996,0.010000000000000009,0.315,4.437384343095621e-05,-0.00017619126239198923
2026-08-08 12:16:00+00:00,KXBTC15M-26AUG080830-30,2026-08-08 12:30:00+00:00,NO,14,0.14,61,8.540000000000001,0.52,0.2889411667579129,0.14,0.1489411667579129,0.7110588332420871,0,no,1,51.94,867.8629999999996,919.8029999999997,0.010000000000000009,0.865,0.0003107002439478885,0.0006471368773790509
2026-08-08 12:37:00+00:00,KXBTC15M-26AUG080845-45,2026-08-08 12:45:00+00:00,YES,8,0.86,10,8.6,0.09,0.931115773514408,0.86,0.07111577351440801,0.931115773514408,1,yes,1,1.3100000000000003,919.8029999999997,921.1129999999996,0.010000000000000009,0.855,7.676977068299906e-05,0.00032231740826627053
2026-08-08 12:46:00+00:00,KXBTC15M-26AUG080900-00,2026-08-08 13:00:00+00:00,NO,14,0.5,18,9.0,0.32,0.5688152057066121,0.5,0.06881520570661215,0.43118479429338785,0,no,1,8.68,921.1129999999996,929.7929999999996,0.010000000000000009,0.505,0.00013005038375717002,-8.43534118568634e-05
2026-08-08 13:01:00+00:00,KXBTC15M-26AUG080915-15,2026-08-08 13:15:00+00:00,NO,14,0.47,19,8.93,0.34,0.5341838702082382,0.47,0.06418387020823824,0.46581612979176185,1,yes,0,-9.27,929.7929999999996,920.5229999999996,0.010000000000000009,0.535,7.385090220798602e-05,-2.370600246748289e-05
2026-08-08 13:20:00+00:00,KXBTC15M-26AUG080930-30,2026-08-08 13:30:00+00:00,NO,10,0.36,25,9.0,0.41,0.41847444550228163,0.36,0.05847444550228165,0.5815255544977184,1,yes,0,-9.41,920.5229999999996,911.1129999999996,0.010000000000000009,0.645,0.00014545784455674817,9.466694168835943e-05
2026-08-08 13:35:00+00:00,KXBTC15M-26AUG080945-45,2026-08-08 13:45:00+00:00,NO,10,0.75,12,9.0,0.16,0.842502705669646,0.75,0.09250270566964602,0.15749729433035398,0,no,1,2.84,911.1129999999996,913.9529999999996,0.010000000000000009,0.255,8.515919273749849e-05,-0.00027055223589567134
2026-08-08 13:46:00+00:00,KXBTC15M-26AUG081000-00,2026-08-08 14:00:00+00:00,NO,14,0.56,16,8.96,0.28,0.7404453734674078,0.56,0.18044537346740774,0.2595546265325922,1,yes,0,-9.24,913.9529999999996,904.7129999999996,0.010000000000000009,0.445,1.5122627218066805e-05,-3.6479918728349325e-05
2026-08-08 14:03:00+00:00,KXBTC15M-26AUG081015-15,2026-08-08 14:15:00+00:00,YES,12,0.52,17,8.84,0.3,0.6074712699096426,0.52,0.0874712699096426,0.6074712699096426,1,yes,1,7.86,904.7129999999996,912.5729999999996,0.010000000000000009,0.515,4.349496870773274e-05,4.109399288942939e-05
2026-08-08 14:18:00+00:00,KXBTC15M-26AUG081030-30,2026-08-08 14:30:00+00:00,YES,12,0.34,26,8.84,0.41,0.4141277694102855,0.34,0.07412776941028548,0.4141277694102855,1,yes,1,16.75,912.5729999999996,929.3229999999996,0.010000000000000009,0.335,0.00011707679395662296,-8.797937222104757e-05
2026-08-08 14:35:00+00:00,KXBTC15M-26AUG081045-45,2026-08-08 14:45:00+00:00,NO,10,0.18000000000000005,51,9.180000000000003,0.53,0.23951250145048475,0.18000000000000005,0.0595125014504847,0.7604874985495153,0,no,1,41.28999999999999,929.3229999999996,970.6129999999996,0.010000000000000009,0.825,0.0002461327468815046,0.00055111664498253
2026-08-08 14:46:00+00:00,KXBTC15M-26AUG081100-00,2026-08-08 15:00:00+00:00,NO,14,0.32999999999999996,29,9.569999999999999,0.45,0.4032640602433605,0.32999999999999996,0.07326406024336052,0.5967359397566395,1,yes,0,-10.019999999999998,970.6129999999996,960.5929999999996,0.010000000000000009,0.675,0.00012962799357407178,0.00011879291643834833
2026-08-08 15:01:00+00:00,KXBTC15M-26AUG081115-15,2026-08-08 15:15:00+00:00,NO,14,0.27,35,9.450000000000001,0.49,0.3950631690378673,0.27,0.1250631690378673,0.6049368309621327,0,no,1,25.06,960.5929999999996,985.6529999999996,0.010000000000000009,0.735,0.0003674457066730251,0.0003659801338240509
2026-08-08 15:16:00+00:00,KXBTC15M-26AUG081130-30,2026-08-08 15:30:00+00:00,NO,14,0.45999999999999996,21,9.66,0.37,0.567149734139369,0.45999999999999996,0.10714973413936901,0.432850265860631,0,no,1,10.97,985.6529999999996,996.6229999999996,0.020000000000000018,0.55,0.00012023170905815326,-7.607940538179037e-05
2026-08-08 15:31:00+00:00,KXBTC15M-26AUG081145-45,2026-08-08 15:45:00+00:00,NO,14,0.54,18,9.72,0.32,0.5908822960027413,0.54,0.0508822960027413,0.40911770399725866,0,no,1,7.959999999999999,996.6229999999996,1004.5829999999996,0.009999999999999953,0.46499999999999997,9.94075094607782e-05,-8.547582748208438e-05
2026-08-08 15:46:00+00:00,KXBTC15M-26AUG081200-00,2026-08-08 16:00:00+00:00,NO,14,0.61,16,9.76,0.27,0.8525756891878151,0.61,0.24257568918781514,0.14742431081218493,1,yes,0,-10.03,1004.5829999999996,994.5529999999997,0.010000000000000009,0.395,4.041634097718029e-05,-0.0001584013946704932
2026-08-08 16:01:00+00:00,KXBTC15M-26AUG081215-15,2026-08-08 16:15:00+00:00,NO,14,0.31000000000000005,32,9.920000000000002,0.48,0.42948934525462423,0.31000000000000005,0.11948934525462418,0.5705106547453758,1,yes,0,-10.400000000000002,994.5529999999997,984.1529999999997,0.010000000000000009,0.695,0.00020420342245277211,0.00013576298335382653
2026-08-08 16:16:00+00:00,KXBTC15M-26AUG081230-30,2026-08-08 16:30:00+00:00,NO,14,0.52,18,9.36,0.32,0.6927910540005917,0.52,0.1727910540005917,0.30720894599940834,0,no,1,8.32,984.1529999999997,992.4729999999997,0.010000000000000009,0.485,6.46854668081753e-05,-0.00012192221362772315
2026-08-08 16:37:00+00:00,KXBTC15M-26AUG081245-45,2026-08-08 16:45:00+00:00,NO,8,0.925,10,9.25,0.05,0.9999981491175003,0.925,0.07499814911750025,1.8508824997033127e-06,0,no,1,0.7,992.4729999999997,993.1729999999998,0.0010000000000000009,0.0755,5.231917532775961e-05,-0.0006845417345198168
2026-08-08 16:46:00+00:00,KXBTC15M-26AUG081300-00,2026-08-08 17:00:00+00:00,NO,14,0.5,19,9.5,0.34,0.6439361273071306,0.5,0.14393612730713057,0.35606387269286943,1,yes,0,-9.84,993.1729999999998,983.3329999999997,0.010000000000000009,0.505,6.171565737572588e-05,-8.520541734191589e-05
2026-08-08 17:05:00+00:00,KXBTC15M-26AUG081315-15,2026-08-08 17:15:00+00:00,NO,10,0.49,20,9.8,0.35,0.5988475106000357,0.49,0.10884751060003572,0.40115248939996423,1,yes,0,-10.15,983.3329999999997,973.1829999999998,0.010000000000000009,0.515,7.049204328005517e-05,-5.5808693333991855e-05
2026-08-08 17:20:00+00:00,KXBTC15M-26AUG081330-30,2026-08-08 17:30:00+00:00,YES,10,0.28,34,9.520000000000001,0.48,0.34355669419332147,0.28,0.06355669419332144,0.34355669419332147,0,no,0,-10.000000000000002,973.1829999999998,963.1829999999998,0.010000000000000009,0.275,0.00020245144446898612,-0.00025782672354013325
2026-08-08 17:31:00+00:00,KXBTC15M-26AUG081345-45,2026-08-08 17:45:00+00:00,NO,14,0.5900000000000001,16,9.440000000000001,0.28,0.7386514083963995,0.5900000000000001,0.14865140839639945,0.2613485916036004,1,yes,0,-9.72,963.1829999999998,953.4629999999997,0.010000000000000009,0.415,5.294731716098649e-05,-0.00012662302987098695
2026-08-08 17:46:00+00:00,KXBTC15M-26AUG081400-00,2026-08-08 18:00:00+00:00,NO,14,0.47,20,9.399999999999999,0.35,0.7057869191569214,0.47,0.2357869191569214,0.2942130808430786,0,no,1,10.250000000000002,953.4629999999997,963.7129999999997,0.010000000000000009,0.535,3.096075953667514e-05,-6.268362422567897e-05
2026-08-08 18:01:00+00:00,KXBTC15M-26AUG081415-15,2026-08-08 18:15:00+00:00,NO,14,0.56,17,9.520000000000001,0.3,0.8241758435828477,0.56,0.2641758435828476,0.17582415641715232,0,no,1,7.179999999999999,963.7129999999997,970.8929999999997,0.010000000000000009,0.445,3.232057637618079e-05,-0.00011262982969528768
2026-08-08 18:31:00+00:00,KXBTC15M-26AUG081445-45,2026-08-08 18:45:00+00:00,NO,14,0.47,20,9.399999999999999,0.35,0.5596167916662287,0.47,0.08961679166622871,0.44038320833377137,1,yes,0,-9.749999999999998,970.8929999999997,961.1429999999997,0.010000000000000009,0.535,0.0001669482084729656,-9.369363381761531e-05
2026-08-08 18:46:00+00:00,KXBTC15M-26AUG081500-00,2026-08-08 19:00:00+00:00,NO,14,0.44999999999999996,21,9.45,0.37,0.5107327670522706,0.44999999999999996,0.0607327670522706,0.4892672329477294,0,no,1,11.180000000000001,961.1429999999997,972.3229999999996,0.010000000000000009,0.555,1.9862926166908534e-05,-1.9996815890932496e-06
2026-08-08 19:01:00+00:00,KXBTC15M-26AUG081515-15,2026-08-08 19:15:00+00:00,NO,14,0.51,19,9.69,0.34,0.7242357999301687,0.51,0.21423579993016872,0.2757642000698312,0,no,1,8.97,972.3229999999996,981.2929999999997,0.010000000000000009,0.495,4.9095078112601724e-05,-0.00010938030748330885
2026-08-08 19:16:00+00:00,KXBTC15M-26AUG081530-30,2026-08-08 19:30:00+00:00,NO,14,0.48,20,9.6,0.35,0.7878343900702454,0.48,0.3078343900702454,0.21216560992975464,0,no,1,10.05,981.2929999999997,991.3429999999996,0.010000000000000009,0.525,6.311829581326821e-05,-0.00018866304380282806
2026-08-08 19:31:00+00:00,KXBTC15M-26AUG081545-45,2026-08-08 19:45:00+00:00,NO,14,0.62,15,9.3,0.25,0.9070096188960205,0.62,0.2870096188960205,0.0929903811039795,1,yes,0,-9.55,991.3429999999996,981.7929999999997,0.010000000000000009,0.385,4.783324889823938e-05,-0.00023667852316300309
2026-08-08 19:46:00+00:00,KXBTC15M-26AUG081600-00,2026-08-08 20:00:00+00:00,NO,14,0.56,17,9.520000000000001,0.3,0.8172005054715874,0.56,0.25720050547158735,0.1827994945284126,1,yes,0,-9.820000000000002,981.7929999999997,971.9729999999996,0.010000000000000009,0.445,3.276793018164535e-05,-0.00011092169466808688
2026-08-08 20:01:00+00:00,KXBTC15M-26AUG081615-15,2026-08-08 20:15:00+00:00,NO,14,0.6799999999999999,14,9.52,0.22,0.7388798535035603,0.6799999999999999,0.0588798535035604,0.2611201464964396,1,yes,0,-9.74,971.9729999999996,962.2329999999996,0.020000000000000018,0.33,6.191907756516946e-05,-0.000148240072028627
2026-08-08 20:18:00+00:00,KXBTC15M-26AUG081630-30,2026-08-08 20:30:00+00:00,YES,12,0.55,17,9.350000000000001,0.3,0.6391256616939662,0.55,0.08912566169396618,0.6391256616939662,0,no,0,-9.650000000000002,962.2329999999996,952.5829999999996,0.010000000000000009,0.545,6.007671888017165e-05,7.411610395324786e-05
2026-08-08 20:31:00+00:00,KXBTC15M-26AUG081645-45,2026-08-08 20:45:00+00:00,NO,14,0.43000000000000005,22,9.46,0.38,0.8480749340080339,0.43000000000000005,0.41807493400803386,0.1519250659919661,1,yes,0,-9.840000000000002,952.5829999999996,942.7429999999996,0.010000000000000009,0.575,1.571131155446506e-05,-6.044299641005946e-05
2026-08-08 20:48:00+00:00,KXBTC15M-26AUG081700-00,2026-08-08 21:00:00+00:00,YES,12,0.67,14,9.38,0.22,0.7240122202764608,0.67,0.0540122202764608,0.7240122202764608,1,yes,1,4.3999999999999995,942.7429999999996,947.1429999999996,0.010000000000000009,0.665,9.977548093529132e-05,0.00020560411934078537
2026-08-08 21:01:00+00:00,KXBTC15M-26AUG081715-15,2026-08-08 21:15:00+00:00,NO,14,0.5,18,9.0,0.32,0.5762377845960942,0.5,0.0762377845960942,0.42376221540390574,0,no,1,8.68,947.1429999999996,955.8229999999995,0.010000000000000009,0.505,1.709883816023822e-05,-1.2301486680854623e-05
2026-08-08 21:18:00+00:00,KXBTC15M-26AUG081730-30,2026-08-08 21:30:00+00:00,NO,12,0.64,14,8.96,0.23,0.6962669418181275,0.64,0.056266941818127525,0.3037330581818725,0,no,1,4.809999999999999,955.8229999999995,960.6329999999995,0.010000000000000009,0.365,0.00011862329001741101,-0.00021106636975842807
2026-08-08 21:37:00+00:00,KXBTC15M-26AUG081745-45,2026-08-08 21:45:00+00:00,NO,8,0.30000000000000004,32,9.600000000000001,0.48,0.3736412121077668,0.30000000000000004,0.07364121210776675,0.6263587878922332,1,yes,0,-10.080000000000002,960.6329999999995,950.5529999999994,0.010000000000000009,0.705,0.00014973526445602022,0.00013647642488989753
2026-08-08 21:48:00+00:00,KXBTC15M-26AUG081800-00,2026-08-08 22:00:00+00:00,NO,12,0.6799999999999999,13,8.84,0.2,0.7511072143793823,0.6799999999999999,0.07110721437938239,0.24889278562061767,0,no,1,3.96,950.5529999999994,954.5129999999995,0.010000000000000009,0.325,0.00020689567666608416,-0.00048579406177529094
2026-08-08 22:01:00+00:00,KXBTC15M-26AUG081815-15,2026-08-08 22:15:00+00:00,NO,14,0.4,23,9.200000000000001,0.39,0.4716955355983661,0.4,0.07169553559836606,0.5283044644016339,0,no,1,13.409999999999998,954.5129999999995,967.9229999999994,0.010000000000000009,0.605,0.00013093080045373432,3.478749152630023e-05
2026-08-08 22:16:00+00:00,KXBTC15M-26AUG081830-30,2026-08-08 22:30:00+00:00,NO,14,0.49,19,9.31,0.34,0.5850054973716499,0.49,0.09500549737164987,0.41499450262835014,0,no,1,9.35,967.9229999999994,977.2729999999995,0.010000000000000009,0.515,3.411110899976971e-05,-2.7404232599059775e-05
2026-08-08 22:31:00+00:00,KXBTC15M-26AUG081845-45,2026-08-08 22:45:00+00:00,NO,14,0.43999999999999995,22,9.68,0.38,0.5263582862741115,0.43999999999999995,0.08635828627411157,0.4736417137258885,0,no,1,11.94,977.2729999999995,989.2129999999995,0.009999999999999898,0.565,9.397866833609198e-05,-2.3249397363200863e-05
2026-08-08 22:46:00+00:00,KXBTC15M-26AUG081900-00,2026-08-08 23:00:00+00:00,NO,14,0.51,19,9.69,0.34,0.795480934543233,0.51,0.285480934543233,0.20451906545676696,0,no,1,8.97,989.2129999999995,998.1829999999995,0.010000000000000009,0.495,2.6776303516310073e-05,-8.271033608109324e-05
2026-08-08 23:03:00+00:00,KXBTC15M-26AUG081915-15,2026-08-08 23:15:00+00:00,NO,12,0.52,19,9.88,0.34,0.6427930792823433,0.52,0.12279307928234329,0.35720692071765675,0,no,1,8.78,998.1829999999995,1006.9629999999995,0.010000000000000009,0.485,5.7861423471914314e-05,-7.334446443429954e-05
2026-08-08 23:16:00+00:00,KXBTC15M-26AUG081930-30,2026-08-08 23:30:00+00:00,NO,14,0.44999999999999996,22,9.899999999999999,0.39,0.5458347537329798,0.44999999999999996,0.0958347537329799,0.45416524626702015,0,no,1,11.71,1006.9629999999995,1018.6729999999995,0.010000000000000009,0.555,4.292347377349917e-05,-1.8492623138466335e-05
2026-08-08 23:31:00+00:00,KXBTC15M-26AUG081945-45,2026-08-08 23:45:00+00:00,NO,14,0.53,19,10.07,0.34,0.6087173105730419,0.53,0.07871731057304188,0.39128268942695804,1,yes,0,-10.41,1018.6729999999995,1008.2629999999996,0.010000000000000009,0.475,0.00011238506118394562,-0.00011604355285599333
2026-08-08 23:46:00+00:00,KXBTC15M-26AUG082000-00,2026-08-09 00:00:00+00:00,NO,14,0.53,19,10.07,0.34,0.7673065080837856,0.53,0.23730650808378562,0.23269349191621436,0,no,1,8.59,1008.2629999999996,1016.8529999999996,0.010000000000000009,0.475,4.472572970735033e-05,-0.00012215771500678763
2026-08-09 00:05:00+00:00,KXBTC15M-26AUG082015-15,2026-08-09 00:15:00+00:00,YES,10,0.63,16,10.08,0.27,0.7989824497846612,0.63,0.16898244978466115,0.7989824497846612,1,yes,1,5.65,1016.8529999999996,1022.5029999999996,0.010000000000000009,0.625,2.4301559562233154e-05,6.440032970500553e-05
2026-08-09 00:16:00+00:00,KXBTC15M-26AUG082030-30,2026-08-09 00:30:00+00:00,NO,14,0.52,19,9.88,0.34,0.7353739914896419,0.52,0.21537399148964187,0.2646260085103581,1,yes,0,-10.22,1022.5029999999996,1012.2829999999996,0.010000000000000009,0.485,5.7004593821562376e-05,-0.00013418306699042315
2026-08-09 00:31:00+00:00,KXBTC15M-26AUG082045-45,2026-08-09 00:45:00+00:00,NO,14,0.45999999999999996,22,10.12,0.39,0.5193387225463857,0.45999999999999996,0.059338722546385725,0.48066127745361437,1,yes,0,-10.51,1012.2829999999996,1001.7729999999996,0.010000000000000009,0.545,2.801642841474316e-05,-5.083508958336758e-06
2026-08-09 00:50:00+00:00,KXBTC15M-26AUG082100-00,2026-08-09 01:00:00+00:00,YES,10,0.29,34,9.86,0.5,0.35167696428935036,0.29,0.06167696428935038,0.35167696428935036,1,yes,1,23.64,1001.7729999999996,1025.4129999999996,0.009999999999999953,0.28500000000000003,0.00012178720034042321,-0.00014664364731087343
2026-08-09 01:01:00+00:00,KXBTC15M-26AUG082115-15,2026-08-09 01:15:00+00:00,NO,14,0.56,18,10.080000000000002,0.32,0.7108937160334077,0.56,0.15089371603340762,0.2891062839665924,1,yes,0,-10.400000000000002,1025.4129999999996,1015.0129999999996,0.010000000000000009,0.445,4.990481615530473e-05,-0.00010381420153626753
2026-08-09 01:16:00+00:00,KXBTC15M-26AUG082130-30,2026-08-09 01:30:00+00:00,NO,14,0.51,19,9.69,0.34,0.5749481860603691,0.51,0.06494818606036912,0.4250518139396309,0,no,1,8.97,1015.0129999999996,1023.9829999999996,0.010000000000000009,0.495,4.769867991771667e-05,-3.372819968572305e-05
2026-08-09 01:31:00+00:00,KXBTC15M-26AUG082145-45,2026-08-09 01:45:00+00:00,NO,14,0.39,26,10.14,0.44,0.4558141005149471,0.39,0.06581410051494707,0.5441858994850529,1,yes,0,-10.58,1023.9829999999996,1013.4029999999996,0.010000000000000009,0.615,0.00024779256436612625,0.00010290562597559116
2026-08-09 01:48:00+00:00,KXBTC15M-26AUG082200-00,2026-08-09 02:00:00+00:00,YES,12,0.55,18,9.9,0.32,0.6887690197958083,0.55,0.13876901979580825,0.6887690197958083,0,no,0,-10.22,1013.4029999999996,1003.1829999999995,0.010000000000000009,0.545,4.5214225688217997e-05,7.712032699025428e-05
2026-08-09 02:01:00+00:00,KXBTC15M-26AUG082215-15,2026-08-09 02:15:00+00:00,NO,14,0.5900000000000001,17,10.030000000000001,0.29,0.7792720554335795,0.5900000000000001,0.1892720554335794,0.22072794456642048,0,no,1,6.679999999999999,1003.1829999999995,1009.8629999999995,0.010000000000000009,0.415,7.141724048008135e-05,-0.00020566709270974926
2026-08-09 02:18:00+00:00,KXBTC15M-26AUG082230-30,2026-08-09 02:30:00+00:00,NO,12,0.69,14,9.66,0.21,0.7785577036297651,0.69,0.08855770362976512,0.22144229637023488,0,no,1,4.13,1009.8629999999995,1013.9929999999995,0.010000000000000009,0.315,0.0001148498389507438,-0.00030523730425768836
2026-08-09 02:33:00+00:00,KXBTC15M-26AUG082245-45,2026-08-09 02:45:00+00:00,NO,12,0.62,16,9.92,0.27,0.683695099819965,0.62,0.06369509981996502,0.316304900180035,0,no,1,5.8100000000000005,1013.9929999999995,1019.8029999999994,0.010000000000000009,0.385,0.00010476450832617801,-0.00017347887655450034
2026-08-09 02:46:00+00:00,KXBTC15M-26AUG082300-00,2026-08-09 03:00:00+00:00,NO,14,0.33999999999999997,29,9.86,0.46,0.48430840643581574,0.33999999999999997,0.14430840643581577,0.5156915935641843,1,yes,0,-10.32,1019.8029999999994,1009.4829999999994,0.010000000000000009,0.665,0.0003084707820959216,4.541056713169844e-05
2026-08-09 03:01:00+00:00,KXBTC15M-26AUG082315-15,2026-08-09 03:15:00+00:00,NO,14,0.65,15,9.75,0.24,0.8174761289285521,0.65,0.16747612892855213,0.1825238710714478,0,no,1,5.01,1009.4829999999994,1014.4929999999994,0.010000000000000009,0.355,5.0660129472879296e-05,-0.00017168007479817504
2026-08-09 03:22:00+00:00,KXBTC15M-26AUG082330-30,2026-08-09 03:30:00+00:00,NO,8,0.17000000000000004,59,10.030000000000003,0.59,0.3071881059156938,0.17000000000000004,0.13718810591569375,0.6928118940843062,1,yes,0,-10.620000000000003,1014.4929999999994,1003.8729999999994,0.010000000000000009,0.835,0.00011742979452594615,0.00016735910272025478
2026-08-09 03:31:00+00:00,KXBTC15M-26AUG082345-45,2026-08-09 03:45:00+00:00,NO,14,0.55,18,9.9,0.32,0.7031196624080785,0.55,0.1531196624080785,0.29688033759192145,1,yes,0,-10.22,1003.8729999999994,993.6529999999993,0.010000000000000009,0.455,5.047152842490027e-05,-0.00010072492594315197
2026-08-09 03:48:00+00:00,KXBTC15M-26AUG090000-00,2026-08-09 04:00:00+00:00,NO,12,0.52,19,9.88,0.34,0.5968664447632904,0.52,0.07686644476329041,0.4031335552367096,0,no,1,8.78,993.6529999999993,1002.4329999999993,0.010000000000000009,0.485,0.0001312652459915153,-0.00011151042413959367
2026-08-09 04:01:00+00:00,KXBTC15M-26AUG090015-15,2026-08-09 04:15:00+00:00,NO,14,0.49,20,9.8,0.35,0.5741326367984613,0.49,0.08413263679846128,0.42586736320153873,1,yes,0,-10.15,1002.4329999999993,992.2829999999993,0.010000000000000009,0.515,3.975955205175311e-05,-2.7804913313556057e-05
2026-08-09 04:22:00+00:00,KXBTC15M-26AUG090030-30,2026-08-09 04:30:00+00:00,NO,8,0.71,13,9.23,0.19,0.9959400960380047,0.71,0.28594009603800474,0.0040599039619952796,1,yes,0,-9.42,992.2829999999993,982.8629999999994,0.010000000000000009,0.295,2.75132663347666e-05,-0.00020597004324751644
2026-08-09 04:31:00+00:00,KXBTC15M-26AUG090045-45,2026-08-09 04:45:00+00:00,YES,14,0.46,21,9.66,0.37,0.5283222172022712,0.46,0.06832221720227122,0.5283222172022712,0,no,0,-10.03,982.8629999999994,972.8329999999994,0.010000000000000009,0.455,0.00013414600206955985,3.5664158493320386e-05
2026-08-09 04:46:00+00:00,KXBTC15M-26AUG090100-00,2026-08-09 05:00:00+00:00,NO,14,0.52,18,9.36,0.32,0.7072398484325217,0.52,0.18723984843252173,0.2927601515674782,0,no,1,8.32,972.8329999999994,981.1529999999995,0.010000000000000009,0.485,5.2676323438792874e-05,-0.00010747879455741405
2026-08-09 05:01:00+00:00,KXBTC15M-26AUG090115-15,2026-08-09 05:15:00+00:00,NO,14,0.49,20,9.8,0.35,0.7172390064626399,0.49,0.22723900646263995,0.28276099353736006,0,no,1,9.85,981.1529999999995,991.0029999999995,0.010000000000000009,0.515,4.13819383261587e-05,-8.89745268709552e-05
2026-08-09 05:16:00+00:00,KXBTC15M-26AUG090130-30,2026-08-09 05:30:00+00:00,NO,14,0.49,20,9.8,0.35,0.6443162189003759,0.49,0.15431621890037595,0.35568378109962406,0,no,1,9.85,991.0029999999995,1000.8529999999995,0.010000000000000009,0.515,2.7447661868349763e-05,-3.8000241903923815e-05
2026-08-09 05:31:00+00:00,KXBTC15M-26AUG090145-45,2026-08-09 05:45:00+00:00,NO,14,0.49,20,9.8,0.35,0.870443763885859,0.49,0.380443763885859,0.12955623611414102,1,yes,0,-10.15,1000.8529999999995,990.7029999999995,0.010000000000000009,0.515,1.5476169875060035e-05,-6.53448772859333e-05
2026-08-09 05:46:00+00:00,KXBTC15M-26AUG090200-00,2026-08-09 06:00:00+00:00,NO,14,0.51,19,9.69,0.34,0.588883847409507,0.51,0.07888384740950705,0.4111161525904929,1,yes,0,-10.03,990.7029999999995,980.6729999999995,0.010000000000000009,0.495,5.549653471846523e-05,-4.6652404213087806e-05
2026-08-09 06:05:00+00:00,KXBTC15M-26AUG090215-15,2026-08-09 06:15:00+00:00,NO,10,0.48,20,9.6,0.35,0.5900876181587763,0.48,0.11008761815877632,0.4099123818412237,1,yes,0,-9.95,980.6729999999995,970.7229999999995,0.010000000000000009,0.525,7.419487604498437e-05,-5.3439149026335286e-05
2026-08-09 06:16:00+00:00,KXBTC15M-26AUG090230-30,2026-08-09 06:30:00+00:00,YES,14,0.54,17,9.18,0.3,0.6342381293452278,0.54,0.0942381293452278,0.6342381293452278,1,yes,1,7.5200000000000005,970.7229999999995,978.2429999999995,0.010000000000000009,0.535,7.409512919959863e-05,9.51248954359496e-05
2026-08-09 06:31:00+00:00,KXBTC15M-26AUG090245-45,2026-08-09 06:45:00+00:00,YES,14,0.53,18,9.540000000000001,0.32,0.6747464221450954,0.53,0.14474642214509537,0.6747464221450954,1,yes,1,8.139999999999999,978.2429999999995,986.3829999999995,0.010000000000000009,0.525,2.7043211727961595e-05,4.5844348711687744e-05
2026-08-09 06:46:00+00:00,KXBTC15M-26AUG090300-00,2026-08-09 07:00:00+00:00,YES,14,0.56,17,9.520000000000001,0.3,0.6845165011169236,0.56,0.12451650111692358,0.6845165011169236,1,yes,1,7.179999999999999,986.3829999999995,993.5629999999994,0.010000000000000009,0.555,5.709149878941896e-05,0.0001026195768834004
2026-08-09 07:03:00+00:00,KXBTC15M-26AUG090315-15,2026-08-09 07:15:00+00:00,NO,12,0.62,16,9.92,0.27,0.6805597319739205,0.62,0.060559731973920505,0.31944026802607955,1,yes,0,-10.19,993.5629999999994,983.3729999999994,0.010000000000000009,0.385,7.62317112409064e-05,-0.00012391307937276164
2026-08-09 07:16:00+00:00,KXBTC15M-26AUG090330-30,2026-08-09 07:30:00+00:00,NO,14,0.52,18,9.36,0.32,0.6095624407310519,0.52,0.0895624407310519,0.3904375592689481,0,no,1,8.32,983.3729999999994,991.6929999999994,0.010000000000000009,0.485,0.00010215339535002595,-0.00010632067952642821
2026-08-09 07:31:00+00:00,KXBTC15M-26AUG090345-45,2026-08-09 07:45:00+00:00,NO,14,0.54,18,9.72,0.32,0.8646654124120037,0.54,0.32466541241200364,0.13533458758799638,0,no,1,7.959999999999999,991.6929999999994,999.6529999999995,0.009999999999999953,0.46499999999999997,4.377989545952612e-05,-0.00018042348122870866
2026-08-09 07:50:00+00:00,KXBTC15M-26AUG090400-00,2026-08-09 08:00:00+00:00,NO,10,0.74,13,9.62,0.18,0.840296177526785,0.74,0.10029617752678499,0.15970382247321507,0,no,1,3.2000000000000006,999.6529999999995,1002.8529999999995,0.010000000000000009,0.265,9.717721010256215e-05,-0.00030592571314880246
2026-08-09 08:01:00+00:00,KXBTC15M-26AUG090415-15,2026-08-09 08:15:00+00:00,NO,14,0.26,38,9.88,0.52,0.3987141282373461,0.26,0.13871412823734608,0.6012858717626539,1,yes,0,-10.4,1002.8529999999995,992.4529999999995,0.010000000000000009,0.745,0.00010350790472746924,9.941359869958255e-05
2026-08-09 08:31:00+00:00,KXBTC15M-26AUG090445-45,2026-08-09 08:45:00+00:00,NO,14,0.36,27,9.719999999999999,0.44,0.4498568238314141,0.36,0.08985682383141413,0.5501431761685859,0,no,1,16.84,992.4529999999995,1009.2929999999996,0.010000000000000009,0.645,9.223930224578924e-05,4.349502583478326e-05
2026-08-09 08:46:00+00:00,KXBTC15M-26AUG090500-00,2026-08-09 09:00:00+00:00,NO,14,0.44999999999999996,22,9.899999999999999,0.39,0.5536888160676326,0.44999999999999996,0.1036888160676327,0.44631118393236735,1,yes,0,-10.29,1009.2929999999996,999.0029999999996,0.010000000000000009,0.555,0.00019110945420870674,-9.651977489422148e-05
2026-08-09 09:01:00+00:00,KXBTC15M-26AUG090515-15,2026-08-09 09:15:00+00:00,NO,14,0.51,19,9.69,0.34,0.562243952826124,0.51,0.05224395282612404,0.4377560471738759,1,yes,0,-10.03,999.0029999999996,988.9729999999996,0.010000000000000009,0.495,5.030695098647981e-05,-2.9488064050009477e-05
2026-08-09 09:16:00+00:00,KXBTC15M-26AUG090530-30,2026-08-09 09:30:00+00:00,NO,14,0.53,18,9.540000000000001,0.32,0.999999,0.53,0.46999899999999994,1e-06,0,no,1,8.139999999999999,988.9729999999996,997.1129999999996,0.010000000000000009,0.475,1.0916192285493255e-07,-2.315620279025321e-05
2026-08-09 09:35:00+00:00,KXBTC15M-26AUG090545-45,2026-08-09 09:45:00+00:00,YES,10,0.5,19,9.5,0.34,0.5542853523025515,0.5,0.05428535230255149,0.5542853523025515,1,yes,1,9.16,997.1129999999996,1006.2729999999996,0.010000000000000009,0.495,6.760856426492674e-05,2.918283882324957e-05
2026-08-09 09:46:00+00:00,KXBTC15M-26AUG090600-00,2026-08-09 10:00:00+00:00,NO,14,0.47,21,9.87,0.37,0.5272276788984382,0.47,0.05722767889843827,0.47277232110156175,1,yes,0,-10.239999999999998,1006.2729999999996,996.0329999999996,0.010000000000000009,0.535,4.591473640274928e-05,-1.1734151677211813e-05
2026-08-09 10:01:00+00:00,KXBTC15M-26AUG090615-15,2026-08-09 10:15:00+00:00,NO,14,0.31999999999999995,31,9.919999999999998,0.48,0.38754918965526985,0.31999999999999995,0.0675491896552699,0.6124508103447301,1,yes,0,-10.399999999999999,996.0329999999996,985.6329999999996,0.009999999999999898,0.685,0.00023030919197133688,0.0002462396003883871
2026-08-09 10:22:00+00:00,KXBTC15M-26AUG090630-30,2026-08-09 10:30:00+00:00,NO,8,0.18000000000000005,54,9.720000000000002,0.56,0.28206872392814863,0.18000000000000005,0.10206872392814859,0.7179312760718514,1,yes,0,-10.280000000000003,985.6329999999996,975.3529999999996,0.010000000000000009,0.825,0.00013733245190851304,0.00022403815366667246
2026-08-09 10:33:00+00:00,KXBTC15M-26AUG090645-45,2026-08-09 10:45:00+00:00,YES,12,0.22,44,9.68,0.53,0.33896227105704707,0.22,0.11896227105704707,0.33896227105704707,0,no,0,-10.209999999999999,975.3529999999996,965.1429999999996,0.010000000000000009,0.215,0.00018871044174739404,-0.0002714478042999957
2026-08-09 10:46:00+00:00,KXBTC15M-26AUG090700-00,2026-08-09 11:00:00+00:00,NO,14,0.45999999999999996,20,9.2,0.35,0.5594907250826586,0.45999999999999996,0.09949072508265866,0.4405092749173414,1,yes,0,-9.549999999999999,965.1429999999996,955.5929999999996,0.010000000000000009,0.545,3.081861233176115e-05,-1.7259640626487993e-05
2026-08-09 11:05:00+00:00,KXBTC15M-26AUG090715-15,2026-08-09 11:15:00+00:00,YES,10,0.64,14,8.96,0.23,0.709463185276817,0.64,0.06946318527681694,0.709463185276817,1,yes,1,4.809999999999999,955.5929999999996,960.4029999999996,0.010000000000000009,0.635,7.036031797230931e-05,0.00012278622748329582
2026-08-09 11:16:00+00:00,KXBTC15M-26AUG090730-30,2026-08-09 11:30:00+00:00,YES,14,0.49,19,9.31,0.34,0.7684697325754912,0.49,0.27846973257549124,0.7684697325754912,0,no,0,-9.65,960.4029999999996,950.7529999999996,0.010000000000000009,0.485,4.2463438664294975e-05,0.00011659824541965236
2026-08-09 11:31:00+00:00,KXBTC15M-26AUG090745-45,2026-08-09 11:45:00+00:00,YES,14,0.54,17,9.18,0.3,0.9999553445390744,0.54,0.4599553445390744,0.9999553445390744,1,yes,1,7.5200000000000005,950.7529999999996,958.2729999999996,0.010000000000000009,0.535,5.8732281985220365e-06,8.61027006520132e-05
2026-08-09 11:46:00+00:00,KXBTC15M-26AUG090800-00,2026-08-09 12:00:00+00:00,YES,14,0.56,17,9.520000000000001,0.3,0.7798491668350226,0.56,0.21984916683502254,0.7798491668350226,0,no,0,-9.820000000000002,958.2729999999996,948.4529999999995,0.010000000000000009,0.555,3.6744562381422124e-05,0.00010610102449848391
2026-08-09 12:01:00+00:00,KXBTC15M-26AUG090815-15,2026-08-09 12:15:00+00:00,NO,14,0.51,18,9.18,0.32,0.5669367914453711,0.51,0.056936791445371115,0.4330632085546288,0,no,1,8.5,948.4529999999995,956.9529999999995,0.010000000000000009,0.495,8.842408520167664e-05,-5.577383187327367e-05
2026-08-09 12:16:00+00:00,KXBTC15M-26AUG090830-30,2026-08-09 12:30:00+00:00,NO,14,0.53,18,9.540000000000001,0.32,0.580430052215472,0.53,0.05043005221547192,0.419569947784528,1,yes,0,-9.860000000000001,956.9529999999995,947.0929999999995,0.010000000000000009,0.475,3.6317053863867866e-05,-2.75836265442031e-05
2026-08-09 12:31:00+00:00,KXBTC15M-26AUG090845-45,2026-08-09 12:45:00+00:00,NO,14,0.5700000000000001,16,9.120000000000001,0.28,0.999999,0.5700000000000001,0.4299989999999999,1e-06,0,no,1,6.599999999999999,947.0929999999995,953.6929999999995,0.010000000000000009,0.435,6.891908996142249e-08,-6.425880549809637e-05
2026-08-09 12:46:00+00:00,KXBTC15M-26AUG090900-00,2026-08-09 13:00:00+00:00,YES,14,0.55,17,9.350000000000001,0.3,0.9992993545667849,0.55,0.4492993545667848,0.9992993545667849,1,yes,1,7.349999999999999,953.6929999999995,961.0429999999996,0.010000000000000009,0.545,1.2893420145937447e-07,1.5410607152599454e-06
2026-08-09 13:16:00+00:00,KXBTC15M-26AUG090930-30,2026-08-09 13:30:00+00:00,YES,14,0.65,14,9.1,0.23,0.7269770944732658,0.65,0.07697709447326573,0.7269770944732658,1,yes,1,4.67,961.0429999999996,965.7129999999995,0.010000000000000009,0.645,7.235699357293521e-05,0.00016345502678083434
2026-08-09 13:46:00+00:00,KXBTC15M-26AUG091000-00,2026-08-09 14:00:00+00:00,YES,14,0.48,20,9.6,0.35,0.5684810109741781,0.48,0.08848101097417815,0.5684810109741781,0,no,0,-9.95,965.7129999999995,955.7629999999995,0.010000000000000009,0.475,0.0001649665483721313,0.00010648609244068297
2026-08-09 14:01:00+00:00,KXBTC15M-26AUG091015-15,2026-08-09 14:15:00+00:00,YES,14,0.54,17,9.18,0.3,0.6455050846112793,0.54,0.10550508461127928,0.6455050846112793,1,yes,1,7.5200000000000005,955.7629999999995,963.2829999999994,0.010000000000000009,0.535,6.010224967835042e-05,8.393244527593602e-05
2026-08-09 14:16:00+00:00,KXBTC15M-26AUG091030-30,2026-08-09 14:30:00+00:00,YES,14,0.3,32,9.6,0.48,0.35135174128422636,0.3,0.05135174128422637,0.35135174128422636,0,no,0,-10.08,963.2829999999994,953.2029999999994,0.010000000000000009,0.295,0.0002472060820025748,-0.000352970683184628
2026-08-09 14:33:00+00:00,KXBTC15M-26AUG091045-45,2026-08-09 14:45:00+00:00,YES,12,0.78,12,9.36,0.15,0.841614984990521,0.78,0.06161498499052098,0.841614984990521,0,no,0,-9.51,953.2029999999994,943.6929999999994,0.010000000000000009,0.775,0.00013449400886809075,0.0004665303253921227
2026-08-09 14:48:00+00:00,KXBTC15M-26AUG091100-00,2026-08-09 15:00:00+00:00,YES,12,0.53,17,9.01,0.3,0.7214935994159559,0.53,0.1914935994159559,0.7214935994159559,1,yes,1,7.69,943.6929999999994,951.3829999999995,0.010000000000000009,0.525,1.4341527590137943e-05,2.917700722848693e-05
2026-08-09 15:01:00+00:00,KXBTC15M-26AUG091115-15,2026-08-09 15:15:00+00:00,YES,14,0.32,29,9.28,0.45,0.4280308743099688,0.32,0.10803087430996877,0.4280308743099688,0,no,0,-9.729999999999999,951.3829999999995,941.6529999999995,0.010000000000000009,0.315,0.00039042437394113473,-0.00026494509595520466
2026-08-09 15:20:00+00:00,KXBTC15M-26AUG091130-30,2026-08-09 15:30:00+00:00,NO,10,0.6599999999999999,14,9.239999999999998,0.22,0.7107707876390628,0.6599999999999999,0.05077078763906284,0.28922921236093724,0,no,1,4.540000000000002,941.6529999999995,946.1929999999994,0.009999999999999953,0.345,6.713520856990888e-05,-0.00011795506111578202
2026-08-09 15:31:00+00:00,KXBTC15M-26AUG091145-45,2026-08-09 15:45:00+00:00,NO,14,0.49,19,9.31,0.34,0.6054063288414481,0.49,0.11540632884144808,0.39459367115855193,0,no,1,9.35,946.1929999999994,955.5429999999994,0.010000000000000009,0.515,5.735526032867544e-05,-5.7376104815931583e-05
2026-08-09 15:46:00+00:00,KXBTC15M-26AUG091200-00,2026-08-09 16:00:00+00:00,NO,14,0.43999999999999995,21,9.239999999999998,0.37,0.5319781683911305,0.43999999999999995,0.0919781683911306,0.46802183160886945,1,yes,0,-9.609999999999998,955.5429999999994,945.9329999999994,0.009999999999999898,0.565,6.183158311944001e-05,-1.856434978975141e-05
2026-08-09 16:01:00+00:00,KXBTC15M-26AUG091215-15,2026-08-09 16:15:00+00:00,NO,14,0.42000000000000004,22,9.24,0.38,0.5111030399884274,0.42000000000000004,0.09110303998842739,0.48889696001157257,1,yes,0,-9.620000000000001,945.9329999999994,936.3129999999994,0.010000000000000009,0.585,0.00010753297948437764,-1.1199307790699109e-05
2026-08-09 16:18:00+00:00,KXBTC15M-26AUG091230-30,2026-08-09 16:30:00+00:00,YES,12,0.57,16,9.12,0.28,0.7140966593673628,0.57,0.14409665936736282,0.7140966593673628,0,no,0,-9.399999999999999,936.3129999999994,926.9129999999994,0.009999999999999898,0.565,6.476809903524199e-05,0.00012686140736395402
2026-08-09 16:31:00+00:00,KXBTC15M-26AUG091245-45,2026-08-09 16:45:00+00:00,NO,14,0.12,77,9.24,0.57,0.20183812586798022,0.12,0.08183812586798023,0.7981618741320198,1,yes,0,-9.81,926.9129999999994,917.1029999999995,0.010000000000000009,0.885,0.0001983400694512945,0.0006199174026841892
2026-08-09 16:46:00+00:00,KXBTC15M-26AUG091300-00,2026-08-09 17:00:00+00:00,YES,14,0.54,16,8.64,0.28,0.6054120073296537,0.54,0.06541200732965369,0.6054120073296537,0,no,0,-8.92,917.1029999999995,908.1829999999995,0.010000000000000009,0.535,0.0001266256166642891,0.0001266902838215067
2026-08-09 17:01:00+00:00,KXBTC15M-26AUG091315-15,2026-08-09 17:15:00+00:00,NO,14,0.5700000000000001,15,8.55,0.26,0.85395088651245,0.5700000000000001,0.28395088651244993,0.14604911348755,0,no,1,6.1899999999999995,908.1829999999995,914.3729999999996,0.010000000000000009,0.435,1.6151202421221615e-05,-6.366516846423309e-05
2026-08-09 17:20:00+00:00,KXBTC15M-26AUG091330-30,2026-08-09 17:30:00+00:00,YES,10,0.51,17,8.67,0.3,0.567910647046018,0.51,0.057910647046018005,0.567910647046018,1,yes,1,8.03,914.3729999999996,922.4029999999996,0.010000000000000009,0.505,0.00010409275619477868,5.630855245586375e-05
2026-08-09 17:31:00+00:00,KXBTC15M-26AUG091345-45,2026-08-09 17:45:00+00:00,YES,14,0.48,19,9.12,0.34,0.999999,0.48,0.519999,0.999999,0,no,0,-9.459999999999999,922.4029999999996,912.9429999999995,0.010000000000000009,0.475,1.0847611034382509e-07,1.0125056723486736e-05
2026-08-09 17:46:00+00:00,KXBTC15M-26AUG091400-00,2026-08-09 18:00:00+00:00,NO,14,0.54,16,8.64,0.28,0.6470319996865959,0.54,0.10703199968659582,0.3529680003134042,0,no,1,7.079999999999999,912.9429999999995,920.0229999999996,0.009999999999999953,0.46499999999999997,1.7821408155968107e-05,-2.5159969077925837e-05
2026-08-09 18:03:00+00:00,KXBTC15M-26AUG091415-15,2026-08-09 18:15:00+00:00,NO,12,0.27,34,9.18,0.47,0.3848484973432633,0.27,0.1148484973432633,0.6151515026567367,1,yes,0,-9.65,920.0229999999996,910.3729999999996,0.010000000000000009,0.735,0.00010896337392629324,0.00011051560595487508
2026-08-09 18:20:00+00:00,KXBTC15M-26AUG091430-30,2026-08-09 18:30:00+00:00,YES,10,0.28,32,8.96,0.46,0.46219935225442965,0.28,0.18219935225442963,0.46219935225442965,1,yes,1,22.58,910.3729999999996,932.9529999999996,0.010000000000000009,0.275,0.0001646982564415428,-4.942183361456021e-05
2026-08-09 18:31:00+00:00,KXBTC15M-26AUG091445-45,2026-08-09 18:45:00+00:00,NO,14,0.31000000000000005,30,9.3,0.45,0.36742867929040157,0.31000000000000005,0.05742867929040152,0.6325713207095984,1,yes,0,-9.75,932.9529999999996,923.2029999999996,0.010000000000000009,0.695,7.834837012145681e-05,9.928735617714679e-05
2026-08-09 18:46:00+00:00,KXBTC15M-26AUG091500-00,2026-08-09 19:00:00+00:00,YES,14,0.49,18,8.82,0.32,0.999999,0.49,0.509999,0.999999,0,no,0,-9.14,923.2029999999996,914.0629999999996,0.010000000000000009,0.485,3.1439052900968845e-06,8.13318910477534e-05
2026-08-09 19:01:00+00:00,KXBTC15M-26AUG091515-15,2026-08-09 19:15:00+00:00,NO,14,0.41000000000000003,22,9.020000000000001,0.38,0.5731908688301643,0.41000000000000003,0.16319086883016432,0.42680913116983565,0,no,1,12.599999999999998,914.0629999999996,926.6629999999997,0.010000000000000009,0.595,4.157964718981331e-05,-2.870409455468792e-05
2026-08-09 19:37:00+00:00,KXBTC15M-26AUG091545-45,2026-08-09 19:45:00+00:00,NO,8,0.79,11,8.690000000000001,0.13,0.8702896470516104,0.79,0.08028964705161035,0.12971035294838956,0,no,1,2.179999999999999,926.6629999999997,928.8429999999996,0.010000000000000009,0.215,4.3881460871611554e-05,-0.00013996288834894344
2026-08-09 19:46:00+00:00,KXBTC15M-26AUG091600-00,2026-08-09 20:00:00+00:00,NO,14,0.5,18,9.0,0.32,0.7428625705111507,0.5,0.24286257051115068,0.2571374294888493,0,no,1,8.68,928.8429999999996,937.5229999999996,0.010000000000000009,0.505,7.3590843858278705e-06,-1.795816300576014e-05
2026-08-09 20:03:00+00:00,KXBTC15M-26AUG091615-15,2026-08-09 20:15:00+00:00,NO,12,0.51,18,9.18,0.32,0.5856256801252724,0.51,0.07562568012527238,0.4143743198747276,0,no,1,8.5,937.5229999999996,946.0229999999996,0.010000000000000009,0.495,7.683688848801342e-05,-5.757288381658121e-05
2026-08-09 20:16:00+00:00,KXBTC15M-26AUG091630-30,2026-08-09 20:30:00+00:00,NO,14,0.31000000000000005,30,9.3,0.45,0.41571262430795153,0.31000000000000005,0.10571262430795147,0.5842873756920485,1,yes,0,-9.75,946.0229999999996,936.2729999999996,0.010000000000000009,0.695,0.0002553646278846051,0.00020341900763809484
2026-08-09 20:33:00+00:00,KXBTC15M-26AUG091645-45,2026-08-09 20:45:00+00:00,YES,12,0.8,11,8.8,0.13,0.8748006973248745,0.8,0.07480069732487449,0.8748006973248745,1,yes,1,2.0699999999999994,936.2729999999996,938.3429999999996,0.010000000000000009,0.795,9.453181991523588e-05,0.00037645638683603266
2026-08-09 20:48:00+00:00,KXBTC15M-26AUG091700-00,2026-08-09 21:00:00+00:00,NO,12,0.52,18,9.36,0.32,0.6020261157790304,0.52,0.0820261157790304,0.3979738842209696,0,no,1,8.32,938.3429999999996,946.6629999999997,0.010000000000000009,0.485,4.561685980584521e-05,-4.086271326564361e-05
2026-08-09 21:01:00+00:00,KXBTC15M-26AUG091715-15,2026-08-09 21:15:00+00:00,YES,14,0.51,18,9.18,0.32,0.7361146094585636,0.51,0.22611460945856354,0.7361146094585636,0,no,0,-9.5,946.6629999999997,937.1629999999997,0.010000000000000009,0.505,1.859725362991176e-05,4.393752759535019e-05
2026-08-09 21:22:00+00:00,KXBTC15M-26AUG091730-30,2026-08-09 21:30:00+00:00,YES,8,0.26,36,9.36,0.49,0.35885629833501,0.26,0.09885629833500997,0.35885629833501,1,yes,1,26.150000000000002,937.1629999999997,963.3129999999996,0.010000000000000009,0.255,0.00014425574215488115,-0.0001474943702475251
2026-08-09 21:33:00+00:00,KXBTC15M-26AUG091745-45,2026-08-09 21:45:00+00:00,YES,12,0.54,17,9.18,0.3,0.6167454360524036,0.54,0.07674543605240358,0.6167454360524036,1,yes,1,7.5200000000000005,963.3129999999996,970.8329999999996,0.010000000000000009,0.535,5.79472372947056e-05,5.960890108380745e-05
2026-08-09 21:50:00+00:00,KXBTC15M-26AUG091800-00,2026-08-09 22:00:00+00:00,NO,10,0.75,12,9.0,0.16,0.8970899695078762,0.75,0.14708996950787623,0.10291003049212372,0,no,1,2.84,970.8329999999996,973.6729999999997,0.010000000000000009,0.255,8.772148566795233e-05,-0.0003508887135041938
2026-08-09 22:16:00+00:00,KXBTC15M-26AUG091830-30,2026-08-09 22:30:00+00:00,YES,14,0.39,24,9.36,0.4,0.46432310130350196,0.39,0.07432310130350195,0.46432310130350196,0,no,0,-9.76,973.6729999999997,963.9129999999997,0.020000000000000018,0.38,0.0010839704245208283,-0.0003631279955763622
2026-08-09 22:33:00+00:00,KXBTC15M-26AUG091845-45,2026-08-09 22:45:00+00:00,YES,12,0.09,107,9.629999999999999,0.62,0.15744047443217785,0.09,0.06744047443217785,0.15744047443217785,0,no,0,-10.249999999999998,963.9129999999997,953.6629999999997,0.0010000000000000009,0.0895,0.0003979502705498239,-0.0013845190671670782
2026-08-09 22:54:00+00:00,KXBTC15M-26AUG091900-00,2026-08-09 23:00:00+00:00,NO,6,0.35,27,9.45,0.43,0.40739503208212047,0.35,0.05739503208212049,0.5926049679178795,1,yes,0,-9.879999999999999,953.6629999999997,943.7829999999997,0.020000000000000018,0.66,0.0004617505340089737,0.0002649855319747374
2026-08-09 23:01:00+00:00,KXBTC15M-26AUG091915-15,2026-08-09 23:15:00+00:00,NO,14,0.6699999999999999,14,9.379999999999999,0.22,0.8525954453352185,0.6699999999999999,0.18259544533521854,0.14740455466478147,0,no,1,4.400000000000001,943.7829999999997,948.1829999999997,0.010000000000000009,0.335,0.00010974810795271168,-0.0004301060718152616
2026-08-09 23:22:00+00:00,KXBTC15M-26AUG091930-30,2026-08-09 23:30:00+00:00,YES,8,0.075,126,9.45,0.62,0.1638810066142593,0.075,0.08888100661425931,0.1638810066142593,0,no,0,-10.069999999999999,948.1829999999997,938.1129999999996,0.0010000000000000009,0.0745,0.000437065982143672,-0.0012090620260513107
2026-08-09 23:31:00+00:00,KXBTC15M-26AUG091945-45,2026-08-09 23:45:00+00:00,NO,14,0.6699999999999999,14,9.379999999999999,0.22,0.7696435964212314,0.6699999999999999,0.09964359642123144,0.2303564035787687,0,no,1,4.400000000000001,938.1129999999996,942.5129999999996,0.010000000000000009,0.335,0.00024066170565826422,-0.0006640350859614674
2026-08-09 23:46:00+00:00,KXBTC15M-26AUG092000-00,2026-08-10 00:00:00+00:00,NO,14,0.31999999999999995,29,9.28,0.45,0.39558470231947407,0.31999999999999995,0.07558470231947412,0.6044152976805259,0,no,1,19.27,942.5129999999996,961.7829999999996,0.009999999999999898,0.685,0.00037607720363373986,0.00037267256960271666
2026-08-10 00:07:00+00:00,KXBTC15M-26AUG092015-15,2026-08-10 00:15:00+00:00,NO,8,0.25,38,9.5,0.5,0.3832486044880966,0.25,0.1332486044880966,0.6167513955119034,1,yes,0,-10.0,961.7829999999996,951.7829999999996,0.010000000000000009,0.755,0.00048417375936005293,0.0004067543424264297
2026-08-10 00:31:00+00:00,KXBTC15M-26AUG092045-45,2026-08-10 00:45:00+00:00,NO,14,0.41000000000000003,23,9.430000000000001,0.39,0.46224732483432096,0.41000000000000003,0.05224732483432093,0.537752675165679,0,no,1,13.179999999999998,951.7829999999996,964.9629999999995,0.010000000000000009,0.595,0.0003685090585117897,0.00013068567340224213
2026-08-10 00:48:00+00:00,KXBTC15M-26AUG092100-00,2026-08-10 01:00:00+00:00,NO,12,0.21999999999999997,43,9.459999999999999,0.52,0.29521132257638827,0.21999999999999997,0.0752113225763883,0.7047886774236117,1,yes,0,-9.979999999999999,964.9629999999995,954.9829999999995,0.010000000000000009,0.785,0.00043665339500170686,0.0008144549155910674
2026-08-10 01:05:00+00:00,KXBTC15M-26AUG092115-15,2026-08-10 01:15:00+00:00,NO,10,0.35,27,9.45,0.43,0.4056132764555921,0.35,0.05561327645559211,0.5943867235444079,1,yes,0,-9.879999999999999,954.9829999999995,945.1029999999995,0.010000000000000009,0.655,0.00035300619035414694,0.0002666579577912387
2026-08-10 01:22:00+00:00,KXBTC15M-26AUG092130-30,2026-08-10 01:30:00+00:00,YES,8,0.73,12,8.76,0.17,0.813731541793622,0.73,0.08373154179362197,0.813731541793622,1,yes,1,3.0700000000000003,945.1029999999995,948.1729999999995,0.010000000000000009,0.725,0.00010229769779680749,0.0002580482651874938
2026-08-10 01:48:00+00:00,KXBTC15M-26AUG092200-00,2026-08-10 02:00:00+00:00,NO,12,0.07599999999999996,124,9.423999999999994,0.61,0.12881571669142455,0.07599999999999996,0.0528157166914246,0.8711842833085754,1,yes,0,-10.033999999999994,948.1729999999995,938.1389999999996,0.0010000000000000009,0.9245000000000001,0.00047131185028405744,0.001849905486758896
2026-08-10 02:01:00+00:00,KXBTC15M-26AUG092215-15,2026-08-10 02:15:00+00:00,NO,14,0.5800000000000001,16,9.280000000000001,0.28,0.6653892684640299,0.5800000000000001,0.08538926846402983,0.33461073153597004,0,no,1,6.439999999999999,938.1389999999996,944.5789999999996,0.010000000000000009,0.425,0.00016844806061733623,-0.00026922775839499646
2026-08-10 02:35:00+00:00,KXBTC15M-26AUG092245-45,2026-08-10 02:45:00+00:00,NO,10,0.42000000000000004,22,9.24,0.38,0.47601325198950173,0.42000000000000004,0.05601325198950169,0.5239867480104983,1,yes,0,-9.620000000000001,944.5789999999996,934.9589999999996,0.010000000000000009,0.585,0.00032793201767428485,6.23908064603107e-05
2026-08-10 02:46:00+00:00,KXBTC15M-26AUG092300-00,2026-08-10 03:00:00+00:00,YES,14,0.24,38,9.12,0.49,0.40435144132393164,0.24,0.16435144132393165,0.40435144132393164,0,no,0,-9.61,934.9589999999996,925.3489999999996,0.009999999999999981,0.235,0.0008275070828872306,-0.0007493199407360152
2026-08-10 03:03:00+00:00,KXBTC15M-26AUG092315-15,2026-08-10 03:15:00+00:00,NO,12,0.6799999999999999,13,8.84,0.2,0.7352912147127207,0.6799999999999999,0.055291214712720804,0.26470878528727926,0,no,1,3.96,925.3489999999996,929.3089999999996,0.010000000000000009,0.325,0.00018865893188755117,-0.000410919860942216
2026-08-10 03:16:00+00:00,KXBTC15M-26AUG092330-30,2026-08-10 03:30:00+00:00,NO,14,0.69,13,8.969999999999999,0.2,0.7909946965129976,0.69,0.10099469651299764,0.20900530348700241,1,yes,0,-9.169999999999998,929.3089999999996,920.1389999999997,0.010000000000000009,0.315,0.00017377301949721003,-0.000526442978201036
2026-08-10 03:31:00+00:00,KXBTC15M-26AUG092345-45,2026-08-10 03:45:00+00:00,YES,14,0.28,32,8.96,0.46,0.3490795236401326,0.28,0.06907952364013259,0.3490795236401326,0,no,0,-9.420000000000002,920.1389999999997,910.7189999999997,0.010000000000000009,0.275,0.0004582997644693471,-0.0006647902211542878
2026-08-10 03:46:00+00:00,KXBTC15M-26AUG100000-00,2026-08-10 04:00:00+00:00,NO,14,0.31000000000000005,29,8.990000000000002,0.44,0.39540562279921465,0.31000000000000005,0.0854056227992146,0.6045943772007853,0,no,1,19.569999999999997,910.7189999999997,930.2889999999998,0.010000000000000009,0.695,0.00029865518373202606,0.0002964597989891793
2026-08-10 04:07:00+00:00,KXBTC15M-26AUG100015-15,2026-08-10 04:15:00+00:00,NO,8,0.08699999999999997,106,9.221999999999996,0.59,0.1410931371717421,0.08699999999999997,0.054093137171742134,0.8589068628282579,1,yes,0,-9.811999999999996,930.2889999999998,920.4769999999997,0.0010000000000000009,0.9135,0.0003038732596208263,0.0009247337866578054
2026-08-10 04:22:00+00:00,KXBTC15M-26AUG100030-30,2026-08-10 04:30:00+00:00,NO,8,0.45999999999999996,20,9.2,0.35,0.5219854008722482,0.45999999999999996,0.06198540087224824,0.47801459912775174,0,no,1,10.450000000000001,920.4769999999997,930.9269999999998,0.010000000000000009,0.545,0.00025248318923732136,-3.937433565415205e-05
2026-08-10 04:37:00+00:00,KXBTC15M-26AUG100045-45,2026-08-10 04:45:00+00:00,YES,8,0.23,40,9.200000000000001,0.5,0.3212346078020466,0.23,0.09123460780204659,0.3212346078020466,0,no,0,-9.700000000000001,930.9269999999998,921.2269999999997,0.010000000000000009,0.225,0.00032089874048434573,-0.0004212817767319521
2026-08-10 04:50:00+00:00,KXBTC15M-26AUG100100-00,2026-08-10 05:00:00+00:00,NO,10,0.29000000000000004,31,8.990000000000002,0.45,0.3821587692936047,0.29000000000000004,0.09215876929360467,0.6178412307063953,0,no,1,21.56,921.2269999999997,942.7869999999997,0.010000000000000009,0.715,0.00035035136426498416,0.00033222376548391885
2026-08-10 05:03:00+00:00,KXBTC15M-26AUG100115-15,2026-08-10 05:15:00+00:00,NO,12,0.52,18,9.36,0.32,0.5919433705759607,0.52,0.07194337057596067,0.40805662942403925,0,no,1,8.32,942.7869999999997,951.1069999999997,0.010000000000000009,0.485,0.00014354154346143342,-0.00011562551865962334
2026-08-10 05:16:00+00:00,KXBTC15M-26AUG100130-30,2026-08-10 05:30:00+00:00,NO,14,0.26,36,9.36,0.49,0.38172446636406243,0.26,0.12172446636406242,0.6182755336359376,1,yes,0,-9.85,951.1069999999997,941.2569999999997,0.010000000000000009,0.745,0.0004055083851736444,0.00045673505578602835
2026-08-10 05:31:00+00:00,KXBTC15M-26AUG100145-45,2026-08-10 05:45:00+00:00,NO,14,0.54,17,9.18,0.3,0.6443103205426124,0.54,0.10431032054261236,0.3556896794573876,1,yes,0,-9.48,941.2569999999997,931.7769999999997,0.009999999999999953,0.46499999999999997,9.325369173449173e-05,-0.00012909477787770296
2026-08-10 05:46:00+00:00,KXBTC15M-26AUG100200-00,2026-08-10 06:00:00+00:00,NO,14,0.5,18,9.0,0.32,0.640936608948438,0.5,0.14093660894843796,0.35906339105156204,1,yes,0,-9.32,931.7769999999997,922.4569999999997,0.010000000000000009,0.505,6.512823958537941e-05,-8.795842949305133e-05
2026-08-10 06:03:00+00:00,KXBTC15M-26AUG100215-15,2026-08-10 06:15:00+00:00,YES,12,0.73,12,8.76,0.17,0.8497230713498878,0.73,0.1197230713498878,0.8497230713498878,1,yes,1,3.0700000000000003,922.4569999999997,925.5269999999997,0.010000000000000009,0.725,0.00015731526988055838,0.0005643229875655909
2026-08-10 06:24:00+00:00,KXBTC15M-26AUG100230-30,2026-08-10 06:30:00+00:00,NO,6,0.55,16,8.8,0.28,0.611307126541756,0.55,0.06130712654175596,0.38869287345824394,0,no,1,6.919999999999999,925.5269999999997,932.4469999999997,0.010000000000000009,0.455,0.00021365147579537,-0.00014795083489393956
2026-08-10 06:31:00+00:00,KXBTC15M-26AUG100245-45,2026-08-10 06:45:00+00:00,NO,14,0.43999999999999995,21,9.239999999999998,0.37,0.5178310783567337,0.43999999999999995,0.07783107835673375,0.4821689216432663,1,yes,0,-9.609999999999998,932.4469999999997,922.8369999999996,0.009999999999999898,0.565,0.0001487105084729411,-2.4877829891578607e-05
2026-08-10 06:46:00+00:00,KXBTC15M-26AUG100300-00,2026-08-10 07:00:00+00:00,YES,14,0.57,16,9.12,0.28,0.6332935688360706,0.57,0.06329356883607062,0.6332935688360706,1,yes,1,6.6000000000000005,922.8369999999996,929.4369999999997,0.009999999999999898,0.565,0.00012867858225285033,0.00016399732511018783
2026-08-10 07:03:00+00:00,KXBTC15M-26AUG100315-15,2026-08-10 07:15:00+00:00,NO,12,0.6799999999999999,13,8.84,0.2,0.7635979470254448,0.6799999999999999,0.08359794702544487,0.2364020529745552,0,no,1,3.96,929.4369999999997,933.3969999999997,0.010000000000000009,0.325,0.00017172991756819595,-0.00042699457888539794
2026-08-10 07:16:00+00:00,KXBTC15M-26AUG100330-30,2026-08-10 07:30:00+00:00,NO,14,0.71,13,9.23,0.19,0.7624093452316871,0.71,0.052409345231687166,0.23759065476831281,1,yes,0,-9.42,933.3969999999997,923.9769999999997,0.010000000000000009,0.295,0.00014620135319252234,-0.0003905475531895686
2026-08-10 07:33:00+00:00,KXBTC15M-26AUG100345-45,2026-08-10 07:45:00+00:00,NO,12,0.45999999999999996,20,9.2,0.35,0.5350000451016217,0.45999999999999996,0.07500004510162173,0.4649999548983783,1,yes,0,-9.549999999999999,923.9769999999997,914.4269999999998,0.010000000000000009,0.545,0.00017268973522820532,-5.2548768474380836e-05
2026-08-10 07:46:00+00:00,KXBTC15M-26AUG100400-00,2026-08-10 08:00:00+00:00,NO,14,0.49,18,8.82,0.32,0.6695371119463556,0.49,0.17953711194635558,0.33046288805364443,0,no,1,8.86,914.4269999999998,923.2869999999998,0.010000000000000009,0.515,5.0961677613791394e-05,-8.36359904354822e-05
2026-08-10 08:01:00+00:00,KXBTC15M-26AUG100415-15,2026-08-10 08:15:00+00:00,NO,14,0.27,34,9.18,0.47,0.3672444043679748,0.27,0.09724440436797477,0.6327555956320252,1,yes,0,-9.65,923.2869999999998,913.6369999999998,0.010000000000000009,0.735,0.0002132978526473205,0.0002707164040021137
2026-08-10 08:18:00+00:00,KXBTC15M-26AUG100430-30,2026-08-10 08:30:00+00:00,NO,12,0.36,25,9.0,0.41,0.4582689469163874,0.36,0.09826894691638743,0.5417310530836126,1,yes,0,-9.41,913.6369999999998,904.2269999999999,0.010000000000000009,0.645,0.0004801901449741933,0.00017433529875798826
2026-08-10 08:31:00+00:00,KXBTC15M-26AUG100445-45,2026-08-10 08:45:00+00:00,NO,14,0.38,23,8.74,0.38,0.4785161612487119,0.38,0.09851616124871188,0.5214838387512881,0,no,1,13.879999999999999,904.2269999999999,918.1069999999999,0.010000000000000009,0.625,0.0003406091674539539,6.866685447870502e-05
2026-08-10 08:48:00+00:00,KXBTC15M-26AUG100500-00,2026-08-10 09:00:00+00:00,NO,12,0.55,16,8.8,0.28,0.6253639895359556,0.55,0.07536398953595558,0.3746360104640444,1,yes,0,-9.08,918.1069999999999,909.0269999999998,0.010000000000000009,0.455,0.0002321583245685605,-0.00025699521804778414
2026-08-10 09:03:00+00:00,KXBTC15M-26AUG100515-15,2026-08-10 09:15:00+00:00,NO,12,0.87,10,8.7,0.08,0.9957198101557743,0.87,0.12571981015577427,0.004280189844225756,0,no,1,1.2200000000000006,909.0269999999998,910.2469999999998,0.010000000000000009,0.135,9.845816666653668e-05,-0.0008963128321965996
2026-08-10 09:16:00+00:00,KXBTC15M-26AUG100530-30,2026-08-10 09:30:00+00:00,NO,14,0.43999999999999995,20,8.799999999999999,0.35,0.5643357736869952,0.43999999999999995,0.12433577368699522,0.4356642263130048,0,no,1,10.850000000000001,910.2469999999998,921.0969999999999,0.009999999999999898,0.565,0.00019444823694705026,-0.00011783668418618998
2026-08-10 09:31:00+00:00,KXBTC15M-26AUG100545-45,2026-08-10 09:45:00+00:00,NO,14,0.76,12,9.120000000000001,0.16,0.8300066056909075,0.76,0.07000660569090744,0.1699933943090925,0,no,1,2.719999999999999,921.0969999999999,923.8169999999999,0.010000000000000009,0.245,0.00019435035305546475,-0.0006936400562468359
2026-08-10 09:46:00+00:00,KXBTC15M-26AUG100600-00,2026-08-10 10:00:00+00:00,NO,14,0.6599999999999999,13,8.579999999999998,0.21,0.8185764570365351,0.6599999999999999,0.15857645703653522,0.18142354296346486,0,no,1,4.210000000000002,923.8169999999999,928.0269999999999,0.009999999999999953,0.345,0.00014493133033611407,-0.000493330880267151
2026-08-10 10:01:00+00:00,KXBTC15M-26AUG100615-15,2026-08-10 10:15:00+00:00,NO,14,0.37,25,9.25,0.41,0.49794563934503,0.37,0.12794563934503,0.50205436065497,1,yes,0,-9.66,928.0269999999999,918.367,0.010000000000000009,0.635,0.00017586860950058724,3.3886102954738817e-06
2026-08-10 10:16:00+00:00,KXBTC15M-26AUG100630-30,2026-08-10 10:30:00+00:00,NO,14,0.53,17,9.01,0.3,0.7988202551921997,0.53,0.26882025519219965,0.20117974480780026,0,no,1,7.69,918.367,926.057,0.010000000000000009,0.475,6.914503421073918e-05,-0.00021662998214344587
2026-08-10 10:31:00+00:00,KXBTC15M-26AUG100645-45,2026-08-10 10:45:00+00:00,NO,14,0.31000000000000005,29,8.990000000000002,0.44,0.4297208134964441,0.31000000000000005,0.11972081349644403,0.5702791865035559,0,no,1,19.569999999999997,926.057,945.6270000000001,0.010000000000000009,0.695,0.00022763418339715152,0.00015083982380681427
2026-08-10 10:46:00+00:00,KXBTC15M-26AUG100700-00,2026-08-10 11:00:00+00:00,NO,14,0.52,18,9.36,0.32,0.7662059601245206,0.52,0.24620596012452056,0.23379403987547942,1,yes,0,-9.68,945.6270000000001,935.9470000000001,0.010000000000000009,0.485,7.816771595652299e-05,-0.00021243521880365268
2026-08-10 11:03:00+00:00,KXBTC15M-26AUG100715-15,2026-08-10 11:15:00+00:00,NO,12,0.5800000000000001,16,9.280000000000001,0.28,0.744798339992733,0.5800000000000001,0.16479833999273297,0.25520166000726696,0,no,1,6.439999999999999,935.9470000000001,942.3870000000002,0.010000000000000009,0.425,0.00014698720690878533,-0.0003350902096092012
2026-08-10 11:16:00+00:00,KXBTC15M-26AUG100730-30,2026-08-10 11:30:00+00:00,NO,14,0.29000000000000004,32,9.280000000000001,0.47,0.4358299730818108,0.29000000000000004,0.14582997308181078,0.5641700269181892,1,yes,0,-9.750000000000002,942.3870000000002,932.6370000000002,0.010000000000000009,0.715,0.00032926696180232256,0.0001990505305089485
2026-08-10 11:33:00+00:00,KXBTC15M-26AUG100745-45,2026-08-10 11:45:00+00:00,NO,12,0.55,16,8.8,0.28,0.7494069785151839,0.55,0.19940697851518385,0.2505930214848161,0,no,1,6.919999999999999,932.6370000000002,939.5570000000001,0.010000000000000009,0.455,5.695842565376997e-05,-0.00013270663407083383
2026-08-10 11:46:00+00:00,KXBTC15M-26AUG100800-00,2026-08-10 12:00:00+00:00,NO,14,0.53,17,9.01,0.3,0.7417859636142912,0.53,0.21178596361429114,0.25821403638570883,1,yes,0,-9.31,939.5570000000001,930.2470000000002,0.010000000000000009,0.475,7.08984019384926e-05,-0.00017211349215962013
2026-08-10 12:03:00+00:00,KXBTC15M-26AUG100815-15,2026-08-10 12:15:00+00:00,NO,12,0.07999999999999996,116,9.279999999999996,0.6,0.31683170924840875,0.07999999999999996,0.2368317092484088,0.6831682907515912,1,yes,0,-9.879999999999995,930.2470000000002,920.3670000000002,0.0010000000000000009,0.9205000000000001,0.000898250717555335,0.0014840319818265613
2026-08-10 12:18:00+00:00,KXBTC15M-26AUG100830-30,2026-08-10 12:30:00+00:00,NO,12,0.76,12,9.120000000000001,0.16,0.9012133068888739,0.76,0.1412133068888739,0.09878669311112609,0,no,1,2.719999999999999,920.3670000000002,923.0870000000002,0.010000000000000009,0.245,0.0001472096751627916,-0.0006568517395738604
2026-08-10 12:31:00+00:00,KXBTC15M-26AUG100845-45,2026-08-10 12:45:00+00:00,NO,14,0.44999999999999996,20,9.0,0.35,0.5076939220722979,0.44999999999999996,0.057693922072297954,0.4923060779277021,0,no,1,10.65,923.0870000000002,933.7370000000002,0.010000000000000009,0.555,0.0002025180714122571,-1.4614678613966703e-05
2026-08-10 12:46:00+00:00,KXBTC15M-26AUG100900-00,2026-08-10 13:00:00+00:00,NO,14,0.55,16,8.8,0.28,0.6056090265332285,0.55,0.05560902653322841,0.39439097346677154,0,no,1,6.919999999999999,933.7370000000002,940.6570000000002,0.010000000000000009,0.455,0.0002623162833149397,-0.00026290144997531684
2026-08-10 13:01:00+00:00,KXBTC15M-26AUG100915-15,2026-08-10 13:15:00+00:00,NO,14,0.43000000000000005,21,9.030000000000001,0.37,0.4881106177040181,0.43000000000000005,0.05811061770401804,0.5118893822959819,1,yes,0,-9.4,940.6570000000002,931.2570000000002,0.010000000000000009,0.575,0.0001756449153282559,1.9589230797256718e-05
2026-08-10 13:16:00+00:00,KXBTC15M-26AUG100930-30,2026-08-10 13:30:00+00:00,NO,14,0.47,19,8.93,0.34,0.5466646671040969,0.47,0.07666466710409692,0.45333533289590305,1,yes,0,-9.27,931.2570000000002,921.9870000000002,0.010000000000000009,0.535,0.00016104338798969005,-7.064211056417857e-05
2026-08-10 13:37:00+00:00,KXBTC15M-26AUG100945-45,2026-08-10 13:45:00+00:00,YES,8,0.15,61,9.15,0.55,0.34197354994402707,0.15,0.19197354994402707,0.34197354994402707,0,no,0,-9.700000000000001,921.9870000000002,912.2870000000001,0.009999999999999981,0.14500000000000002,0.001672914223730828,-0.0019243467393844638
2026-08-10 13:48:00+00:00,KXBTC15M-26AUG101000-00,2026-08-10 14:00:00+00:00,NO,12,0.61,14,8.54,0.24,0.6998589190736018,0.61,0.08985891907360177,0.30014108092639824,0,no,1,5.220000000000001,912.2870000000001,917.5070000000002,0.010000000000000009,0.395,0.00035193203953401046,-0.0006386129049038569
2026-08-10 14:01:00+00:00,KXBTC15M-26AUG101015-15,2026-08-10 14:15:00+00:00,NO,14,0.21999999999999997,41,9.02,0.5,0.3105942113089285,0.21999999999999997,0.09059421130892853,0.6894057886910715,1,yes,0,-9.52,917.5070000000002,907.9870000000002,0.010000000000000009,0.785,0.0007809664954720023,0.001445052207587727
2026-08-10 14:41:00+00:00,KXBTC15M-26AUG101045-45,2026-08-10 14:45:00+00:00,NO,4,0.39,23,8.97,0.39,0.46017350289571035,0.39,0.07017350289571034,0.5398264971042896,1,yes,0,-9.360000000000001,907.9870000000002,898.6270000000002,0.010000000000000009,0.615,0.0005266603346808364,0.00010533405800683404
2026-08-10 15:01:00+00:00,KXBTC15M-26AUG101115-15,2026-08-10 15:15:00+00:00,NO,14,0.6,14,8.4,0.24,0.7568076703452529,0.6,0.1568076703452529,0.24319232965474719,0,no,1,5.359999999999999,898.6270000000002,903.9870000000002,0.009999999999999953,0.405,0.00027209016918560433,-0.0007083962373708452
2026-08-10 15:16:00+00:00,KXBTC15M-26AUG101130-30,2026-08-10 15:30:00+00:00,NO,14,0.29000000000000004,31,8.990000000000002,0.45,0.43154462437832763,0.29000000000000004,0.1415446243783276,0.5684553756216724,0,no,1,21.56,903.9870000000002,925.5470000000001,0.010000000000000009,0.715,0.0008894236834982948,0.0005740410693528819
2026-08-10 15:46:00+00:00,KXBTC15M-26AUG101200-00,2026-08-10 16:00:00+00:00,NO,14,0.6,15,9.0,0.26,0.7015063291813359,0.6,0.10150632918133595,0.298493670818664,0,no,1,5.74,925.5470000000001,931.2870000000001,0.009999999999999953,0.405,0.0002812241861776418,-0.0005562067446600594
2026-08-10 16:05:00+00:00,KXBTC15M-26AUG101215-15,2026-08-10 16:15:00+00:00,NO,10,0.24,38,9.12,0.49,0.32971315244476407,0.24,0.08971315244476408,0.6702868475552359,0,no,1,28.390000000000004,931.2870000000001,959.6770000000001,0.010000000000000009,0.765,0.00041114229837445646,0.0005731455620057169
2026-08-10 16:25:00+00:00,KXBTC15M-26AUG101230-30,2026-08-10 16:30:00+00:00,YES,5,0.065,147,9.555,0.63,0.17933126966214125,0.065,0.11433126966214124,0.17933126966214125,0,no,0,-10.185,959.6770000000001,949.4920000000002,0.0010000000000000009,0.0645,0.0008869309801419664,-0.0018187910050023737
2026-08-10 16:31:00+00:00,KXBTC15M-26AUG101245-45,2026-08-10 16:45:00+00:00,NO,14,0.52,18,9.36,0.32,0.7945155063344264,0.52,0.27451550633442634,0.20548449366557364,0,no,1,8.32,949.4920000000002,957.8120000000002,0.010000000000000009,0.485,9.407930809342842e-05,-0.0002893791755316233
2026-08-10 16:46:00+00:00,KXBTC15M-26AUG101300-00,2026-08-10 17:00:00+00:00,NO,14,0.69,13,8.969999999999999,0.2,0.7959046914915691,0.69,0.10590469149156911,0.20409530850843088,0,no,1,3.830000000000001,957.8120000000002,961.6420000000003,0.010000000000000009,0.315,0.0003721419790994574,-0.0011509889840390919
2026-08-10 17:05:00+00:00,KXBTC15M-26AUG101315-15,2026-08-10 17:15:00+00:00,NO,10,0.74,12,8.879999999999999,0.17,0.7949507048826965,0.74,0.05495070488269649,0.20504929511730347,1,yes,0,-9.049999999999999,961.6420000000003,952.5920000000003,0.010000000000000009,0.265,0.00031437347445613866,-0.0008185548285256639
2026-08-10 17:18:00+00:00,KXBTC15M-26AUG101330-30,2026-08-10 17:30:00+00:00,NO,12,0.8,11,8.8,0.13,0.8507585864105959,0.8,0.05075858641059583,0.14924141358940413,0,no,1,2.0699999999999994,952.5920000000003,954.6620000000004,0.009999999999999981,0.20500000000000002,0.0003076926594837149,-0.0011075721212118195
2026-08-10 17:35:00+00:00,KXBTC15M-26AUG101345-45,2026-08-10 17:45:00+00:00,NO,10,0.27,35,9.450000000000001,0.49,0.37281518904566924,0.27,0.10281518904566922,0.6271848109543308,1,yes,0,-9.940000000000001,954.6620000000004,944.7220000000003,0.010000000000000009,0.735,0.0004200283978916678,0.0004309844809580188
2026-08-10 17:50:00+00:00,KXBTC15M-26AUG101400-00,2026-08-10 18:00:00+00:00,YES,10,0.32,29,9.28,0.45,0.3734557022448446,0.32,0.05345570224484458,0.3734557022448446,0,no,0,-9.729999999999999,944.7220000000003,934.9920000000003,0.010000000000000009,0.315,0.00041139154110407186,-0.0004197423514398224
2026-08-10 18:05:00+00:00,KXBTC15M-26AUG101415-15,2026-08-10 18:15:00+00:00,YES,10,0.27,34,9.18,0.47,0.34348808039759704,0.27,0.07348808039759702,0.34348808039759704,1,yes,1,24.35,934.9920000000003,959.3420000000003,0.010000000000000009,0.265,0.0005595447998438195,-0.0007127613875881345
2026-08-10 18:24:00+00:00,KXBTC15M-26AUG101430-30,2026-08-10 18:30:00+00:00,NO,6,0.28,34,9.520000000000001,0.48,0.3530459718562011,0.28,0.0730459718562011,0.6469540281437989,0,no,1,23.999999999999996,959.3420000000003,983.3420000000003,0.010000000000000009,0.725,0.0003598050298798438,0.00033241678742323977
2026-08-10 18:35:00+00:00,KXBTC15M-26AUG101445-45,2026-08-10 18:45:00+00:00,NO,10,0.51,19,9.69,0.34,0.5603728627151529,0.51,0.050372862715152844,0.43962713728484715,0,no,1,8.97,983.3420000000003,992.3120000000004,0.010000000000000009,0.495,0.00021812948478470005,-0.00010478308960693017
2026-08-10 18:50:00+00:00,KXBTC15M-26AUG101500-00,2026-08-10 19:00:00+00:00,NO,10,0.20999999999999996,47,9.869999999999997,0.55,0.29292961346686097,0.20999999999999996,0.08292961346686101,0.707070386533139,1,yes,0,-10.419999999999998,992.3120000000004,981.8920000000004,0.010000000000000009,0.795,0.0004069167787991947,0.0007013452507171891
2026-08-10 19:03:00+00:00,KXBTC15M-26AUG101515-15,2026-08-10 19:15:00+00:00,NO,12,0.43000000000000005,22,9.46,0.38,0.48319305379784805,0.43000000000000005,0.053193053797848,0.516806946202152,1,yes,0,-9.840000000000002,981.8920000000004,972.0520000000004,0.010000000000000009,0.575,0.0003681153559765935,5.3739484765280565e-05
2026-08-10 19:16:00+00:00,KXBTC15M-26AUG101530-30,2026-08-10 19:30:00+00:00,NO,14,0.52,18,9.36,0.32,0.5790323538021662,0.52,0.059032353802166204,0.42096764619783383,1,yes,0,-9.68,972.0520000000004,962.3720000000004,0.010000000000000009,0.485,0.00020357605174983496,-0.0001518879912186799
2026-08-10 19:33:00+00:00,KXBTC15M-26AUG101545-45,2026-08-10 19:45:00+00:00,NO,12,0.19999999999999996,48,9.599999999999998,0.54,0.2650972575718138,0.19999999999999996,0.06509725757181384,0.7349027424281862,1,yes,0,-10.139999999999997,962.3720000000004,952.2320000000004,0.010000000000000009,0.805,0.0004007798508701082,0.0008718548493016343
2026-08-10 19:50:00+00:00,KXBTC15M-26AUG101600-00,2026-08-10 20:00:00+00:00,NO,10,0.51,18,9.18,0.32,0.56602564962342,0.51,0.05602564962341994,0.43397435037658005,1,yes,0,-9.5,952.2320000000004,942.7320000000004,0.010000000000000009,0.495,0.00024292777477501616,-0.00012771717508364144
2026-08-10 20:05:00+00:00,KXBTC15M-26AUG101615-15,2026-08-10 20:15:00+00:00,NO,10,0.31000000000000005,30,9.3,0.45,0.3641986918403892,0.31000000000000005,0.05419869184038917,0.6358013081596108,1,yes,0,-9.75,942.7320000000004,932.9820000000004,0.010000000000000009,0.695,0.00035666934402918084,0.0003917448449832772
2026-08-10 20:24:00+00:00,KXBTC15M-26AUG101630-30,2026-08-10 20:30:00+00:00,YES,6,0.9,10,9.0,0.07,0.9825983575669407,0.9,0.08259835756694067,0.9825983575669407,1,yes,1,0.9299999999999999,932.9820000000004,933.9120000000004,0.010000000000000009,0.895,0.00011157806348497035,0.000577023944305699
2026-08-10 20:31:00+00:00,KXBTC15M-26AUG101645-45,2026-08-10 20:45:00+00:00,NO,14,0.62,15,9.3,0.25,0.6782418598832102,0.62,0.05824185988321018,0.3217581401167898,1,yes,0,-9.55,933.9120000000004,924.3620000000004,0.010000000000000009,0.385,0.00014651983832840662,-0.0002536807515943762
2026-08-10 20:46:00+00:00,KXBTC15M-26AUG101700-00,2026-08-10 21:00:00+00:00,YES,14,0.26,35,9.1,0.48,0.3505328813677554,0.26,0.09053288136775539,0.3505328813677554,0,no,0,-9.58,924.3620000000004,914.7820000000004,0.010000000000000009,0.255,0.0003771885690027785,-0.0005416301992910988
2026-08-10 21:07:00+00:00,KXBTC15M-26AUG101715-15,2026-08-10 21:15:00+00:00,NO,8,0.8200000000000001,11,9.020000000000001,0.12,0.9124055069328779,0.8200000000000001,0.09240550693287786,0.08759449306712208,0,no,1,1.8599999999999985,914.7820000000004,916.6420000000004,0.010000000000000009,0.185,0.00016079085664915318,-0.0006163703663605302
2026-08-10 21:20:00+00:00,KXBTC15M-26AUG101730-30,2026-08-10 21:30:00+00:00,NO,10,0.43999999999999995,20,8.799999999999999,0.35,0.5033678240290054,0.43999999999999995,0.06336782402900543,0.4966321759709946,1,yes,0,-9.149999999999999,916.6420000000004,907.4920000000004,0.009999999999999898,0.565,0.00023976603388722065,-6.400748356782948e-06
2026-08-10 21:33:00+00:00,KXBTC15M-26AUG101745-45,2026-08-10 21:45:00+00:00,NO,12,0.55,16,8.8,0.28,0.6771700477776414,0.55,0.1271700477776414,0.3228299522223586,0,no,1,6.919999999999999,907.4920000000004,914.4120000000004,0.010000000000000009,0.455,6.8414075989302e-05,-0.00010896354747846893
2026-08-10 21:46:00+00:00,KXBTC15M-26AUG101800-00,2026-08-10 22:00:00+00:00,NO,14,0.5700000000000001,16,9.120000000000001,0.28,0.7126774233531643,0.5700000000000001,0.14267742335316425,0.2873225766468357,0,no,1,6.599999999999999,914.4120000000004,921.0120000000004,0.010000000000000009,0.435,0.000143291839407976,-0.00030085416012537447
2026-08-10 22:01:00+00:00,KXBTC15M-26AUG101815-15,2026-08-10 22:15:00+00:00,NO,14,0.38,24,9.120000000000001,0.4,0.5247601207871441,0.38,0.14476012078714406,0.47523987921285593,1,yes,0,-9.520000000000001,921.0120000000004,911.4920000000004,0.010000000000000009,0.625,0.00022147188010340727,-5.146277864587212e-05
2026-08-10 22:16:00+00:00,KXBTC15M-26AUG101830-30,2026-08-10 22:30:00+00:00,NO,14,0.49,18,8.82,0.32,0.5495638214379125,0.49,0.0595638214379125,0.4504361785620875,0,no,1,8.86,911.4920000000004,920.3520000000004,0.010000000000000009,0.515,0.00017438176618543756,-8.126883151204911e-05
2026-08-10 22:31:00+00:00,KXBTC15M-26AUG101845-45,2026-08-10 22:45:00+00:00,NO,14,0.5,18,9.0,0.32,0.6310704560294905,0.5,0.13107045602949052,0.3689295439705095,0,no,1,8.68,920.3520000000004,929.0320000000004,0.010000000000000009,0.505,8.341174967468903e-05,-0.0001044506287833924
2026-08-10 22:50:00+00:00,KXBTC15M-26AUG101900-00,2026-08-10 23:00:00+00:00,YES,10,0.74,12,8.879999999999999,0.17,0.8075650062309504,0.74,0.06756500623095041,0.8075650062309504,1,yes,1,2.950000000000001,929.0320000000004,931.9820000000004,0.010000000000000009,0.735,7.582016653257557e-05,0.0002083669661394616
2026-08-10 23:07:00+00:00,KXBTC15M-26AUG101915-15,2026-08-10 23:15:00+00:00,NO,8,0.89,10,8.9,0.07,0.9797144903729348,0.89,0.08971449037293477,0.02028550962706525,0,no,1,1.0299999999999996,931.9820000000004,933.0120000000004,0.009999999999999995,0.11499999999999999,9.582695310105415e-05,-0.0005549045099867422
2026-08-10 23:16:00+00:00,KXBTC15M-26AUG101930-30,2026-08-10 23:30:00+00:00,NO,14,0.30000000000000004,31,9.3,0.46,0.37334556379284745,0.30000000000000004,0.0733455637928474,0.6266544362071526,1,yes,0,-9.760000000000002,933.0120000000004,923.2520000000004,0.010000000000000009,0.705,0.0001573743568211497,0.0001902169067165005
2026-08-10 23:35:00+00:00,KXBTC15M-26AUG101945-45,2026-08-10 23:45:00+00:00,NO,10,0.85,10,8.5,0.09,0.9459329026290842,0.85,0.09593290262908427,0.05406709737091572,0,no,1,1.41,923.2520000000004,924.6620000000004,0.010000000000000009,0.155,0.00014026990044786785,-0.0007124055534789564
2026-08-10 23:46:00+00:00,KXBTC15M-26AUG102000-00,2026-08-11 00:00:00+00:00,NO,14,0.51,18,9.18,0.32,0.5716969408039151,0.51,0.06169694080391508,0.4283030591960849,1,yes,0,-9.5,924.6620000000004,915.1620000000004,0.010000000000000009,0.495,0.00019509099480742635,-0.0001318928898310645
2026-08-11 00:03:00+00:00,KXBTC15M-26AUG102015-15,2026-08-11 00:15:00+00:00,NO,12,0.78,11,8.58,0.14,0.8531342323698643,0.78,0.07313423236986427,0.14686576763013576,0,no,1,2.28,915.1620000000004,917.4420000000003,0.010000000000000009,0.225,0.00020749033645093822,-0.0007544003033872482
2026-08-11 00:18:00+00:00,KXBTC15M-26AUG102030-30,2026-08-11 00:30:00+00:00,NO,12,0.75,12,9.0,0.16,0.8138680496998978,0.75,0.06386804969989779,0.18613195030010216,0,no,1,2.84,917.4420000000003,920.2820000000004,0.010000000000000009,0.255,0.0002403313872215413,-0.0007425434695367272
2026-08-11 00:39:00+00:00,KXBTC15M-26AUG102045-45,2026-08-11 00:45:00+00:00,NO,6,0.36,25,9.0,0.41,0.48826604274024343,0.36,0.12826604274024345,0.5117339572597566,0,no,1,15.59,920.2820000000004,935.8720000000004,0.010000000000000009,0.645,0.0004082051586531575,2.941423583302516e-05
2026-08-11 00:46:00+00:00,KXBTC15M-26AUG102100-00,2026-08-11 01:00:00+00:00,NO,14,0.30000000000000004,31,9.3,0.46,0.37959144735918404,0.30000000000000004,0.079591447359184,0.620408552640816,1,yes,0,-9.760000000000002,935.8720000000004,926.1120000000004,0.010000000000000009,0.705,0.0002714155244731034,0.0003113674790280463
2026-08-11 01:01:00+00:00,KXBTC15M-26AUG102115-15,2026-08-11 01:15:00+00:00,NO,14,0.49,18,8.82,0.32,0.5692866766344289,0.49,0.0792866766344289,0.4307133233655711,1,yes,0,-9.14,926.1120000000004,916.9720000000004,0.010000000000000009,0.515,0.00010290061775148317,-6.720601315646224e-05
2026-08-11 01:18:00+00:00,KXBTC15M-26AUG102130-30,2026-08-11 01:30:00+00:00,NO,12,0.83,11,9.129999999999999,0.11,0.9274020930110737,0.83,0.09740209301107372,0.07259790698892632,1,yes,0,-9.239999999999998,916.9720000000004,907.7320000000004,0.009999999999999981,0.175,0.00015557903006065208,-0.0007847747143492345
2026-08-11 01:31:00+00:00,KXBTC15M-26AUG102145-45,2026-08-11 01:45:00+00:00,NO,14,0.63,14,8.82,0.23,0.7145320362228206,0.63,0.08453203622282057,0.2854679637771794,0,no,1,4.949999999999999,907.7320000000004,912.6820000000005,0.010000000000000009,0.375,0.00016462589792975104,-0.000348995154841214
2026-08-11 01:46:00+00:00,KXBTC15M-26AUG102200-00,2026-08-11 02:00:00+00:00,NO,14,0.49,18,8.82,0.32,0.5520021915874371,0.49,0.06200219158743714,0.4479978084125628,1,yes,0,-9.14,912.6820000000005,903.5420000000005,0.010000000000000009,0.515,0.000360411578505769,-0.00017626720794927664
2026-08-11 02:05:00+00:00,KXBTC15M-26AUG102215-15,2026-08-11 02:15:00+00:00,YES,10,0.67,13,8.71,0.21,0.8269105493925397,0.67,0.15691054939253968,0.8269105493925397,0,no,0,-8.920000000000002,903.5420000000005,894.6220000000005,0.010000000000000009,0.665,4.6828165837186885e-05,0.0001395085144717534
2026-08-11 02:16:00+00:00,KXBTC15M-26AUG102230-30,2026-08-11 02:30:00+00:00,NO,14,0.39,22,8.58,0.37,0.4688139651589871,0.39,0.07881396515898709,0.5311860348410129,1,yes,0,-8.95,894.6220000000005,885.6720000000005,0.010000000000000009,0.615,0.0002529888679506226,7.407550951121777e-05
2026-08-11 02:31:00+00:00,KXBTC15M-26AUG102245-45,2026-08-11 02:45:00+00:00,NO,14,0.49,18,8.82,0.32,0.7090029568181022,0.49,0.21900295681810222,0.29099704318189784,0,no,1,8.86,885.6720000000005,894.5320000000005,0.010000000000000009,0.515,6.509830579616308e-05,-0.00013407310015456364
2026-08-11 02:48:00+00:00,KXBTC15M-26AUG102300-00,2026-08-11 03:00:00+00:00,NO,12,0.4,22,8.8,0.37,0.4774796021812596,0.4,0.0774796021812596,0.5225203978187404,1,yes,0,-9.17,894.5320000000005,885.3620000000005,0.010000000000000009,0.605,0.00012860698123217767,2.5162713672033377e-05
2026-08-11 03:01:00+00:00,KXBTC15M-26AUG102315-15,2026-08-11 03:15:00+00:00,NO,14,0.4,22,8.8,0.37,0.46816576034376856,0.4,0.06816576034376853,0.5318342396562314,1,yes,0,-9.17,885.3620000000005,876.1920000000006,0.010000000000000009,0.605,9.045800183074798e-05,2.7037278468089454e-05
2026-08-11 03:16:00+00:00,KXBTC15M-26AUG102330-30,2026-08-11 03:30:00+00:00,NO,14,0.45999999999999996,19,8.739999999999998,0.34,0.5294014534362297,0.45999999999999996,0.06940145343622972,0.4705985465637703,1,yes,0,-9.079999999999998,876.1920000000006,867.1120000000005,0.010000000000000009,0.545,0.00015728249796407735,-4.3409765229651676e-05
2026-08-11 03:35:00+00:00,KXBTC15M-26AUG102345-45,2026-08-11 03:45:00+00:00,NO,10,0.64,13,8.32,0.21,0.9940970894555681,0.64,0.35409708945556806,0.00590291054443197,0,no,1,4.47,867.1120000000005,871.5820000000006,0.010000000000000009,0.365,2.457897489315606e-05,-0.0001956856769944615
2026-08-11 03:46:00+00:00,KXBTC15M-26AUG110000-00,2026-08-11 04:00:00+00:00,NO,14,0.51,17,8.67,0.3,0.6393694799742957,0.51,0.1293694799742957,0.3606305200257043,1,yes,0,-8.97,871.5820000000006,862.6120000000005,0.010000000000000009,0.495,6.909853809313745e-05,-9.22371728291349e-05
2026-08-11 04:01:00+00:00,KXBTC15M-26AUG110015-15,2026-08-11 04:15:00+00:00,NO,14,0.5,17,8.5,0.3,0.5664599525300077,0.5,0.0664599525300077,0.4335400474699923,0,no,1,8.2,862.6120000000005,870.8120000000006,0.010000000000000009,0.505,0.00018840596465176068,-0.00011797957174353169
2026-08-11 04:16:00+00:00,KXBTC15M-26AUG110030-30,2026-08-11 04:30:00+00:00,NO,14,0.55,15,8.25,0.26,0.6472093419043449,0.55,0.09720934190434483,0.35279065809565513,0,no,1,6.49,870.8120000000006,877.3020000000006,0.010000000000000009,0.455,0.00010258568649123478,-0.00014500331681432943
2026-08-11 04:31:00+00:00,KXBTC15M-26AUG110045-45,2026-08-11 04:45:00+00:00,NO,14,0.47,18,8.459999999999999,0.32,0.7021404865476653,0.47,0.23214048654766528,0.29785951345233475,0,no,1,9.22,877.3020000000006,886.5220000000006,0.010000000000000009,0.535,5.961568209271569e-05,-0.00011834199431237646
2026-08-11 04:46:00+00:00,KXBTC15M-26AUG110100-00,2026-08-11 05:00:00+00:00,NO,14,0.32999999999999996,26,8.579999999999998,0.41,0.5409432735231852,0.32999999999999996,0.2109432735231852,0.45905672647681484,0,no,1,17.01,886.5220000000006,903.5320000000006,0.010000000000000009,0.675,5.236408259155519e-05,-2.01432796164136e-05
2026-08-11 05:07:00+00:00,KXBTC15M-26AUG110115-15,2026-08-11 05:15:00+00:00,NO,8,0.43999999999999995,20,8.799999999999999,0.35,0.675713950384693,0.43999999999999995,0.235713950384693,0.3242860496153071,1,yes,0,-9.149999999999999,903.5320000000006,894.3820000000006,0.009999999999999898,0.565,0.00010925672957905368,-0.00014082708481522044
2026-08-11 05:16:00+00:00,KXBTC15M-26AUG110130-30,2026-08-11 05:30:00+00:00,NO,14,0.41000000000000003,21,8.610000000000001,0.36,0.5567790424183535,0.41000000000000003,0.1467790424183535,0.4432209575816465,0,no,1,12.03,894.3820000000006,906.4120000000006,0.010000000000000009,0.595,0.00013921903307762684,-7.43872739001894e-05
2026-08-11 05:31:00+00:00,KXBTC15M-26AUG110145-45,2026-08-11 05:45:00+00:00,NO,14,0.49,18,8.82,0.32,0.8509634615119321,0.49,0.36096346151193215,0.14903653848806792,1,yes,0,-9.14,906.4120000000006,897.2720000000006,0.020000000000000018,0.52,5.2362327140161116e-05,-0.0002038505379745592
2026-08-11 05:46:00+00:00,KXBTC15M-26AUG110200-00,2026-08-11 06:00:00+00:00,NO,14,0.5,17,8.5,0.3,0.7488799212287349,0.5,0.24887992122873492,0.2511200787712651,0,no,1,8.2,897.2720000000006,905.4720000000007,0.010000000000000009,0.505,3.256253293922217e-05,-8.174609662381371e-05
2026-08-11 06:01:00+00:00,KXBTC15M-26AUG110215-15,2026-08-11 06:15:00+00:00,NO,14,0.5900000000000001,15,8.850000000000001,0.26,0.8199489162420251,0.5900000000000001,0.22994891624202507,0.18005108375797485,1,yes,0,-9.110000000000001,905.4720000000007,896.3620000000006,0.010000000000000009,0.415,8.409081261675159e-05,-0.00028790686392798914
2026-08-11 06:16:00+00:00,KXBTC15M-26AUG110230-30,2026-08-11 06:30:00+00:00,NO,14,0.63,14,8.82,0.23,0.7314318273382351,0.63,0.10143182733823508,0.2685681726617649,0,no,1,4.949999999999999,896.3620000000006,901.3120000000007,0.010000000000000009,0.375,0.0001099486420676277,-0.0002538568578710487
2026-08-11 06:31:00+00:00,KXBTC15M-26AUG110245-45,2026-08-11 06:45:00+00:00,NO,14,0.71,12,8.52,0.18,0.8271205919763582,0.71,0.11712059197635827,0.1728794080236417,0,no,1,3.3000000000000003,901.3120000000007,904.6120000000006,0.010000000000000009,0.295,0.00017035566110569893,-0.0006008023638864879
2026-08-11 06:46:00+00:00,KXBTC15M-26AUG110300-00,2026-08-11 07:00:00+00:00,NO,14,0.42000000000000004,21,8.82,0.36,0.5398723488307589,0.42000000000000004,0.11987234883075881,0.4601276511692412,1,yes,0,-9.18,904.6120000000006,895.4320000000007,0.010000000000000009,0.585,0.00020980719061925988,-7.858760232049011e-05
2026-08-11 07:01:00+00:00,KXBTC15M-26AUG110315-15,2026-08-11 07:15:00+00:00,NO,14,0.31999999999999995,27,8.639999999999999,0.42,0.38739034172493747,0.31999999999999995,0.06739034172493752,0.6126096582750625,1,yes,0,-9.059999999999999,895.4320000000007,886.3720000000008,0.009999999999999898,0.685,0.0001793286437611804,0.00019200588880652347
2026-08-11 07:16:00+00:00,KXBTC15M-26AUG110330-30,2026-08-11 07:30:00+00:00,NO,14,0.61,14,8.54,0.24,0.8659995901214093,0.61,0.25599959012140927,0.1340004098785908,0,no,1,5.220000000000001,886.3720000000008,891.5920000000008,0.010000000000000009,0.395,6.74375555147942e-05,-0.0002794594197070843
2026-08-11 07:31:00+00:00,KXBTC15M-26AUG110345-45,2026-08-11 07:45:00+00:00,NO,14,0.17000000000000004,52,8.840000000000002,0.52,0.35239365274916834,0.17000000000000004,0.1823936527491683,0.6476063472508317,1,yes,0,-9.360000000000001,891.5920000000008,882.2320000000008,0.010000000000000009,0.835,0.0004844881302126881,0.0006870400320233561
2026-08-11 07:50:00+00:00,KXBTC15M-26AUG110400-00,2026-08-11 08:00:00+00:00,NO,10,0.5,17,8.5,0.3,0.5547433981709882,0.5,0.05474339817098817,0.4452566018290118,0,no,1,8.2,882.2320000000008,890.4320000000008,0.010000000000000009,0.505,0.00020743516735345524,-9.029304467056409e-05
2026-08-11 08:03:00+00:00,KXBTC15M-26AUG110415-15,2026-08-11 08:15:00+00:00,YES,12,0.78,11,8.58,0.14,0.9916126311593285,0.78,0.2116126311593285,0.9916126311593285,0,no,0,-8.72,890.4320000000008,881.7120000000008,0.010000000000000009,0.775,4.4064172764016957e-05,0.0003651283519119364
2026-08-11 08:16:00+00:00,KXBTC15M-26AUG110430-30,2026-08-11 08:30:00+00:00,NO,14,0.38,23,8.74,0.38,0.46148439217566206,0.38,0.08148439217566206,0.5385156078243379,1,yes,0,-9.120000000000001,881.7120000000008,872.5920000000008,0.010000000000000009,0.625,0.0002565635745870732,9.282868700233315e-05
2026-08-11 08:31:00+00:00,KXBTC15M-26AUG110445-45,2026-08-11 08:45:00+00:00,NO,14,0.53,16,8.48,0.28,0.5966563758017817,0.53,0.06665637580178163,0.40334362419821834,1,yes,0,-8.76,872.5920000000008,863.8320000000008,0.010000000000000009,0.475,0.00013004857023736236,-0.00011906417433993344
2026-08-11 08:46:00+00:00,KXBTC15M-26AUG110500-00,2026-08-11 09:00:00+00:00,NO,14,0.5,17,8.5,0.3,0.5587014933140436,0.5,0.05870149331404362,0.4412985066859564,1,yes,0,-8.8,863.8320000000008,855.0320000000008,0.010000000000000009,0.505,0.0001734844296370763,-9.58559475571219e-05
2026-08-11 09:01:00+00:00,KXBTC15M-26AUG110515-15,2026-08-11 09:15:00+00:00,NO,14,0.52,16,8.32,0.28,0.6261973142238058,0.52,0.10619731422380574,0.3738026857761943,0,no,1,7.3999999999999995,855.0320000000008,862.4320000000008,0.010000000000000009,0.485,9.540284691399001e-05,-0.00011486411933636642
2026-08-11 09:16:00+00:00,KXBTC15M-26AUG110530-30,2026-08-11 09:30:00+00:00,NO,14,0.5,17,8.5,0.3,0.8098793730548792,0.5,0.3098793730548792,0.19012062694512072,1,yes,0,-8.8,862.4320000000008,853.6320000000009,0.010000000000000009,0.505,4.796757191197378e-05,-0.0001574710984350025
2026-08-11 09:31:00+00:00,KXBTC15M-26AUG110545-45,2026-08-11 09:45:00+00:00,NO,14,0.25,34,8.5,0.45,0.3175619677112116,0.25,0.06756196771121159,0.6824380322887884,1,yes,0,-8.95,853.6320000000009,844.6820000000008,0.010000000000000009,0.755,0.00028483101231836176,0.0005058506524289186
2026-08-11 09:48:00+00:00,KXBTC15M-26AUG110600-00,2026-08-11 10:00:00+00:00,NO,12,0.21999999999999997,38,8.36,0.46,0.27188783540299777,0.21999999999999997,0.051887835402997795,0.7281121645970022,1,yes,0,-8.82,844.6820000000008,835.8620000000008,0.010000000000000009,0.785,0.00013191293223169403,0.0002774648962504678
2026-08-11 10:03:00+00:00,KXBTC15M-26AUG110615-15,2026-08-11 10:15:00+00:00,NO,12,0.39,21,8.19,0.35,0.448555618144048,0.39,0.05855561814404797,0.551444381855952,0,no,1,12.46,835.8620000000008,848.3220000000008,0.010000000000000009,0.615,0.00032942363428648013,0.00014757551180522022
2026-08-11 10:18:00+00:00,KXBTC15M-26AUG110630-30,2026-08-11 10:30:00+00:00,NO,12,0.5800000000000001,14,8.120000000000001,0.24,0.708606934030753,0.5800000000000001,0.12860693403075296,0.291393065969247,1,yes,0,-8.360000000000001,848.3220000000008,839.9620000000008,0.010000000000000009,0.425,0.00013255991857115664,-0.0002522163177882675
2026-08-11 10:31:00+00:00,KXBTC15M-26AUG110645-45,2026-08-11 10:45:00+00:00,NO,14,0.51,16,8.16,0.28,0.5835709253733312,0.51,0.07357092537333121,0.4164290746266687,0,no,1,7.56,839.9620000000008,847.5220000000007,0.010000000000000009,0.495,0.00013858801212731658,-0.00010942717442530281
2026-08-11 10:46:00+00:00,KXBTC15M-26AUG110700-00,2026-08-11 11:00:00+00:00,NO,14,0.5,16,8.0,0.29,0.6289502793393856,0.5,0.12895027933938563,0.37104972066061437,0,no,1,7.71,847.5220000000007,855.2320000000008,0.010000000000000009,0.505,5.311641611246338e-05,-6.539923978055029e-05
2026-08-11 11:01:00+00:00,KXBTC15M-26AUG110715-15,2026-08-11 11:15:00+00:00,NO,14,0.15000000000000002,57,8.55,0.51,0.3033054373131081,0.15000000000000002,0.15330543731310808,0.6966945626868919,1,yes,0,-9.06,855.2320000000008,846.1720000000008,0.010000000000000009,0.855,0.00035613427475386774,0.000686379335759435
2026-08-11 11:16:00+00:00,KXBTC15M-26AUG110730-30,2026-08-11 11:30:00+00:00,NO,14,0.54,15,8.100000000000001,0.27,0.6657738274211199,0.54,0.12577382742111987,0.3342261725788801,0,no,1,6.629999999999999,846.1720000000008,852.8020000000008,0.009999999999999953,0.46499999999999997,8.860550382346902e-05,-0.00014197589706455016
2026-08-11 11:31:00+00:00,KXBTC15M-26AUG110745-45,2026-08-11 11:45:00+00:00,NO,14,0.44999999999999996,18,8.1,0.32,0.5499328338229513,0.44999999999999996,0.09993283382295137,0.45006716617704867,1,yes,0,-8.42,852.8020000000008,844.3820000000009,0.010000000000000009,0.555,0.00013351101967696094,-6.268770339479257e-05
2026-08-11 11:50:00+00:00,KXBTC15M-26AUG110800-00,2026-08-11 12:00:00+00:00,YES,10,0.64,13,8.32,0.21,0.7474413343109181,0.64,0.10744133431091807,0.7474413343109181,1,yes,1,4.47,844.3820000000009,848.8520000000009,0.010000000000000009,0.635,2.2288192373897798e-05,4.697414928567234e-05
2026-08-11 12:03:00+00:00,KXBTC15M-26AUG110815-15,2026-08-11 12:15:00+00:00,NO,12,0.18000000000000005,47,8.460000000000003,0.49,0.25550002430627305,0.18000000000000005,0.075500024306273,0.744499975693727,1,yes,0,-8.950000000000003,848.8520000000009,839.9020000000008,0.010000000000000009,0.825,0.00027687044596298797,0.0006306020921007516
2026-08-11 12:18:00+00:00,KXBTC15M-26AUG110830-30,2026-08-11 12:30:00+00:00,YES,12,0.18,46,8.28,0.48,0.2609533632007941,0.18,0.0809533632007941,0.2609533632007941,0,no,0,-8.76,839.9020000000008,831.1420000000008,0.01999999999999999,0.16999999999999998,0.00032443396903348833,-0.0007194789575302174
2026-08-11 12:31:00+00:00,KXBTC15M-26AUG110845-45,2026-08-11 12:45:00+00:00,NO,14,0.51,16,8.16,0.28,0.7800630578428416,0.51,0.27006305784284157,0.21993694215715842,1,yes,0,-8.44,831.1420000000008,822.7020000000008,0.010000000000000009,0.495,9.158344202587275e-05,-0.00026464838948780933
2026-08-11 12:46:00+00:00,KXBTC15M-26AUG110900-00,2026-08-11 13:00:00+00:00,NO,14,0.47,17,7.989999999999999,0.3,0.6178944275470867,0.47,0.1478944275470867,0.3821055724529133,1,yes,0,-8.29,822.7020000000008,814.4120000000008,0.010000000000000009,0.535,9.634138177461152e-05,-0.00010812102460766582
2026-08-11 13:01:00+00:00,KXBTC15M-26AUG110915-15,2026-08-11 13:15:00+00:00,NO,14,0.49,16,7.84,0.28,0.6722417223704634,0.49,0.18224172237046343,0.3277582776295366,0,no,1,7.88,814.4120000000008,822.2920000000008,0.010000000000000009,0.515,7.474997684797496e-05,-0.00012476466614863568
2026-08-11 13:39:00+00:00,KXBTC15M-26AUG110945-45,2026-08-11 13:45:00+00:00,YES,6,0.15,54,8.1,0.49,0.27832564757930967,0.15,0.12832564757930967,0.27832564757930967,0,no,0,-8.59,822.2920000000008,813.7020000000008,0.009999999999999981,0.14500000000000002,0.0009504837339439481,-0.0013676328756990763
2026-08-11 13:46:00+00:00,KXBTC15M-26AUG111000-00,2026-08-11 14:00:00+00:00,NO,14,0.62,13,8.06,0.22,0.7288222220466511,0.62,0.10882222204665115,0.27117777795334885,1,yes,0,-8.280000000000001,813.7020000000008,805.4220000000008,0.010000000000000009,0.385,0.00036863970128332626,-0.0008400064493534476
2026-08-11 14:03:00+00:00,KXBTC15M-26AUG111015-15,2026-08-11 14:15:00+00:00,NO,12,0.63,12,7.5600000000000005,0.2,0.7054832732365905,0.63,0.07548327323659054,0.29451672676340945,1,yes,0,-7.760000000000001,805.4220000000008,797.6620000000008,0.010000000000000009,0.375,0.00037869221017867126,-0.0007084473932597035
2026-08-11 14:31:00+00:00,KXBTC15M-26AUG111045-45,2026-08-11 14:45:00+00:00,YES,14,0.29,27,7.829999999999999,0.39,0.34174982823573996,0.29,0.05174982823573998,0.34174982823573996,0,no,0,-8.219999999999999,797.6620000000008,789.4420000000008,0.009999999999999953,0.28500000000000003,0.0008487554370442104,-0.001293891575074646
2026-08-11 14:50:00+00:00,KXBTC15M-26AUG111100-00,2026-08-11 15:00:00+00:00,NO,10,0.6,13,7.8,0.22,0.6706556247207291,0.6,0.07065562472072917,0.32934437527927085,0,no,1,4.98,789.4420000000008,794.4220000000008,0.009999999999999953,0.405,0.0003454973816555481,-0.0004824932270188764
2026-08-11 15:03:00+00:00,KXBTC15M-26AUG111115-15,2026-08-11 15:15:00+00:00,YES,12,0.8,9,7.2,0.11,0.8921218853507019,0.8,0.09212188535070187,0.8921218853507019,1,yes,1,1.6899999999999997,794.4220000000008,796.1120000000009,0.010000000000000009,0.795,0.0002596039804704072,0.0011138491295512587
2026-08-11 15:18:00+00:00,KXBTC15M-26AUG111130-30,2026-08-11 15:30:00+00:00,NO,12,0.74,10,7.4,0.14,0.974023297620253,0.74,0.23402329762025298,0.025976702379747058,1,yes,0,-7.54,796.1120000000009,788.5720000000009,0.010000000000000009,0.265,0.00016795080812987873,-0.001130098090882603
2026-08-11 15:33:00+00:00,KXBTC15M-26AUG111145-45,2026-08-11 15:45:00+00:00,NO,12,0.75,10,7.5,0.14,0.8778728417410734,0.75,0.12787284174107338,0.12212715825892662,0,no,1,2.36,788.5720000000009,790.9320000000009,0.010000000000000009,0.255,0.00021754515864416102,-0.0008771194375905011
2026-08-11 15:46:00+00:00,KXBTC15M-26AUG111200-00,2026-08-11 16:00:00+00:00,NO,14,0.41000000000000003,19,7.790000000000001,0.33,0.47984416224265325,0.41000000000000003,0.06984416224265322,0.5201558377573468,1,yes,0,-8.120000000000001,790.9320000000009,782.8120000000009,0.010000000000000009,0.595,0.0005887490783215339,0.00011135099787495939
2026-08-11 16:10:00+00:00,KXBTC15M-26AUG111215-15,2026-08-11 16:15:00+00:00,NO,5,0.39,20,7.800000000000001,0.34,0.4517127167777495,0.39,0.06171271677774948,0.5482872832222505,0,no,1,11.86,782.8120000000009,794.6720000000009,0.010000000000000009,0.615,0.0006395340613851649,0.00017352963525896214
2026-08-11 16:24:00+00:00,KXBTC15M-26AUG111230-30,2026-08-11 16:30:00+00:00,NO,6,0.30000000000000004,26,7.800000000000001,0.39,0.35399995885791613,0.30000000000000004,0.053999958857916086,0.6460000411420839,1,yes,0,-8.190000000000001,794.6720000000009,786.4820000000009,0.010000000000000009,0.705,0.0002742896789949389,0.00025167618859955887
2026-08-11 16:35:00+00:00,KXBTC15M-26AUG111245-45,2026-08-11 16:45:00+00:00,NO,10,0.76,10,7.6,0.13,0.8517125055530506,0.76,0.09171250555305055,0.1482874944469495,0,no,1,2.2700000000000005,786.4820000000009,788.7520000000009,0.010000000000000009,0.245,0.00025372453187097216,-0.0008371447368007434
2026-08-11 16:46:00+00:00,KXBTC15M-26AUG111300-00,2026-08-11 17:00:00+00:00,NO,14,0.64,12,7.68,0.2,0.8776095889869482,0.64,0.23760958898694817,0.12239041101305176,0,no,1,4.12,788.7520000000009,792.8720000000009,0.010000000000000009,0.365,0.0001421516789718438,-0.0006184522900465339
2026-08-11 17:07:00+00:00,KXBTC15M-26AUG111315-15,2026-08-11 17:15:00+00:00,NO,8,0.5700000000000001,13,7.410000000000001,0.23,0.66142139530362,0.5700000000000001,0.09142139530361992,0.33857860469638,1,yes,0,-7.6400000000000015,792.8720000000009,785.2320000000009,0.010000000000000009,0.435,0.00021898872140727608,-0.00025784850013654825
2026-08-11 17:18:00+00:00,KXBTC15M-26AUG111330-30,2026-08-11 17:30:00+00:00,NO,12,0.36,21,7.56,0.34,0.4251401515809995,0.36,0.0651401515809995,0.5748598484190005,1,yes,0,-7.8999999999999995,785.2320000000009,777.3320000000009,0.010000000000000009,0.645,0.00044386658583562134,0.00029028051940360733
2026-08-11 17:35:00+00:00,KXBTC15M-26AUG111345-45,2026-08-11 17:45:00+00:00,NO,10,0.5800000000000001,13,7.540000000000001,0.23,0.6423432032041752,0.5800000000000001,0.06234320320417508,0.35765679679582485,0,no,1,5.229999999999999,777.3320000000009,782.5620000000009,0.010000000000000009,0.425,0.0003143394883678286,-0.00036248554860507376
2026-08-11 17:54:00+00:00,KXBTC15M-26AUG111400-00,2026-08-11 18:00:00+00:00,NO,6,0.35,22,7.699999999999999,0.36,0.4419979357116859,0.35,0.09199793571168591,0.5580020642883141,1,yes,0,-8.059999999999999,782.5620000000009,774.502000000001,0.010000000000000009,0.655,0.0004493841797892001,0.00016062028404295603
2026-08-11 18:05:00+00:00,KXBTC15M-26AUG111415-15,2026-08-11 18:15:00+00:00,NO,10,0.65,11,7.15,0.18,0.7278512422722426,0.65,0.0778512422722426,0.2721487577277574,0,no,1,3.6699999999999995,774.502000000001,778.1720000000009,0.010000000000000009,0.355,0.00024365355414667083,-0.0004670660963046469
2026-08-11 18:16:00+00:00,KXBTC15M-26AUG111430-30,2026-08-11 18:30:00+00:00,NO,14,0.52,14,7.28,0.25,0.607465859522237,0.52,0.08746585952223696,0.392534140477763,0,no,1,6.47,778.1720000000009,784.642000000001,0.010000000000000009,0.485,9.672758503259162e-05,-9.869843990351068e-05
2026-08-11 18:35:00+00:00,KXBTC15M-26AUG111445-45,2026-08-11 18:45:00+00:00,YES,10,0.28,28,7.840000000000001,0.4,0.3737975572226949,0.28,0.0937975572226949,0.3737975572226949,0,no,0,-8.24,784.642000000001,776.402000000001,0.010000000000000009,0.275,0.0010081635718776198,-0.001025440541394862
2026-08-11 18:46:00+00:00,KXBTC15M-26AUG111500-00,2026-08-11 19:00:00+00:00,NO,14,0.49,15,7.35,0.27,0.5562922020856367,0.49,0.06629220208563669,0.4437077979143634,1,yes,0,-7.619999999999999,776.402000000001,768.782000000001,0.010000000000000009,0.515,0.000250083869791336,-0.00013246708082381708
2026-08-11 19:01:00+00:00,KXBTC15M-26AUG111515-15,2026-08-11 19:15:00+00:00,NO,14,0.5700000000000001,13,7.410000000000001,0.23,0.6995133211763992,0.5700000000000001,0.12951332117639913,0.3004866788236008,0,no,1,5.3599999999999985,768.782000000001,774.142000000001,0.010000000000000009,0.435,0.00017356839775827855,-0.00033959686850615345
2026-08-11 19:18:00+00:00,KXBTC15M-26AUG111530-30,2026-08-11 19:30:00+00:00,NO,12,0.27,28,7.5600000000000005,0.39,0.3603900178950119,0.27,0.09039001789501189,0.6396099821049881,1,yes,0,-7.95,774.142000000001,766.1920000000009,0.010000000000000009,0.735,0.000381686479052717,0.00047268802874844695
2026-08-11 19:33:00+00:00,KXBTC15M-26AUG111545-45,2026-08-11 19:45:00+00:00,NO,12,0.31999999999999995,23,7.3599999999999985,0.36,0.40477337859353213,0.31999999999999995,0.08477337859353218,0.5952266214064679,1,yes,0,-7.719999999999999,766.1920000000009,758.4720000000009,0.009999999999999898,0.685,0.0004030448018592132,0.00033655302392876507
2026-08-11 19:50:00+00:00,KXBTC15M-26AUG111600-00,2026-08-11 20:00:00+00:00,NO,10,0.72,10,7.199999999999999,0.15,0.8344777456256383,0.72,0.11447774562563828,0.16552225437436174,1,yes,0,-7.35,758.4720000000009,751.1220000000009,0.009999999999999953,0.28500000000000003,0.00016917128888111553,-0.0005198588445186614
2026-08-11 20:03:00+00:00,KXBTC15M-26AUG111615-15,2026-08-11 20:15:00+00:00,NO,12,0.15000000000000002,50,7.500000000000001,0.45,0.23649201344445392,0.15000000000000002,0.0864920134444539,0.7635079865555461,1,yes,0,-7.950000000000001,751.1220000000009,743.1720000000008,0.010000000000000009,0.855,0.0005177338577445058,0.0012878897560066882
2026-08-11 20:28:00+00:00,KXBTC15M-26AUG111630-30,2026-08-11 20:30:00+00:00,YES,2,0.068,109,7.412000000000001,0.49,0.11900704878023216,0.068,0.051007048780232156,0.11900704878023216,0,no,0,-7.902000000000001,743.1720000000008,735.2700000000008,0.0010000000000000009,0.0675,0.00030423434578542673,-0.0005075538920377154
2026-08-11 20:33:00+00:00,KXBTC15M-26AUG111645-45,2026-08-11 20:45:00+00:00,NO,12,0.17000000000000004,43,7.310000000000001,0.43,0.2723758483200718,0.17000000000000004,0.10237584832007174,0.7276241516799282,1,yes,0,-7.740000000000001,735.2700000000008,727.5300000000008,0.010000000000000009,0.835,0.0003727048021201101,0.0007822440658078467
2026-08-11 20:46:00+00:00,KXBTC15M-26AUG111700-00,2026-08-11 21:00:00+00:00,NO,14,0.39,18,7.0200000000000005,0.3,0.46546079383864525,0.39,0.07546079383864523,0.5345392061613548,1,yes,0,-7.32,727.5300000000008,720.2100000000007,0.010000000000000009,0.615,0.0004618239277312282,0.0001498024431159095
2026-08-11 21:09:00+00:00,KXBTC15M-26AUG111715-15,2026-08-11 21:15:00+00:00,NO,6,0.51,14,7.140000000000001,0.25,0.6101307403092726,0.51,0.1001307403092726,0.38986925969072744,0,no,1,6.609999999999999,720.2100000000007,726.8200000000007,0.010000000000000009,0.495,7.954933130946687e-05,-5.4491702342729376e-05
2026-08-11 21:16:00+00:00,KXBTC15M-26AUG111730-30,2026-08-11 21:30:00+00:00,NO,14,0.55,13,7.15,0.23,0.6054666838420455,0.55,0.05546668384204545,0.3945333161579545,0,no,1,5.619999999999999,726.8200000000007,732.4400000000007,0.010000000000000009,0.455,0.00021432738689633354,-0.0002145141599759759
2026-08-11 21:31:00+00:00,KXBTC15M-26AUG111745-45,2026-08-11 21:45:00+00:00,NO,14,0.49,14,6.859999999999999,0.25,0.6125624203781733,0.49,0.12256242037817333,0.3874375796218267,0,no,1,6.890000000000001,732.4400000000007,739.3300000000007,0.010000000000000009,0.515,0.00011341160151214919,-0.0001213576207870215
2026-08-11 21:54:00+00:00,KXBTC15M-26AUG111800-00,2026-08-11 22:00:00+00:00,NO,6,0.6,12,7.199999999999999,0.21,0.7181168804888987,0.6,0.11811688048889868,0.28188311951110134,1,yes,0,-7.409999999999999,739.3300000000007,731.9200000000008,0.009999999999999953,0.405,8.517036941491252e-05,-0.00012042226397002143
2026-08-11 22:01:00+00:00,KXBTC15M-26AUG111815-15,2026-08-11 22:15:00+00:00,NO,14,0.15000000000000002,48,7.200000000000001,0.43,0.2883694395611561,0.15000000000000002,0.1383694395611561,0.7116305604388439,1,yes,0,-7.630000000000001,731.9200000000008,724.2900000000008,0.010000000000000009,0.855,0.0005836017505325986,0.0012195503397340879
2026-08-11 22:18:00+00:00,KXBTC15M-26AUG111830-30,2026-08-11 22:30:00+00:00,YES,12,0.6,12,7.199999999999999,0.21,0.7746713937385674,0.6,0.17467139373856744,0.7746713937385674,0,no,0,-7.409999999999999,724.2900000000008,716.8800000000008,0.010000000000000009,0.595,7.896303080748164e-05,0.00020635488234233001
2026-08-11 22:33:00+00:00,KXBTC15M-26AUG111845-45,2026-08-11 22:45:00+00:00,NO,12,0.61,11,6.71,0.19,0.6710539196039392,0.61,0.061053919603939244,0.32894608039606077,0,no,1,4.1,716.8800000000008,720.9800000000008,0.010000000000000009,0.395,0.00017922964782184124,-0.0002748989746268471
2026-08-11 22:46:00+00:00,KXBTC15M-26AUG111900-00,2026-08-11 23:00:00+00:00,NO,14,0.63,11,6.93,0.18,0.8078438532522849,0.63,0.1778438532522849,0.19215614674771508,1,yes,0,-7.109999999999999,720.9800000000008,713.8700000000008,0.010000000000000009,0.375,0.0001057085362926767,-0.00034403905943991564
2026-08-11 23:16:00+00:00,KXBTC15M-26AUG111930-30,2026-08-11 23:30:00+00:00,NO,14,0.5,14,7.0,0.25,0.5872644407593478,0.5,0.0872644407593478,0.4127355592406522,1,yes,0,-7.25,713.8700000000008,706.6200000000008,0.010000000000000009,0.505,0.00012364960095839246,-0.0001020164303129345
2026-08-11 23:33:00+00:00,KXBTC15M-26AUG111945-45,2026-08-11 23:45:00+00:00,NO,12,0.65,10,6.5,0.16,0.7600582927912731,0.65,0.1100582927912731,0.23994170720872693,1,yes,0,-6.66,706.6200000000008,699.9600000000008,0.010000000000000009,0.355,8.991330574008263e-05,-0.00022002543040711142
2026-08-11 23:48:00+00:00,KXBTC15M-26AUG112000-00,2026-08-12 00:00:00+00:00,NO,12,0.5700000000000001,12,6.840000000000001,0.21,0.6255616576011069,0.5700000000000001,0.05556165760110687,0.374438342398893,0,no,1,4.949999999999999,699.9600000000008,704.9100000000009,0.010000000000000009,0.435,8.169731105966091e-05,-9.059260301957917e-05
2026-08-12 00:01:00+00:00,KXBTC15M-26AUG112015-15,2026-08-12 00:15:00+00:00,NO,14,0.69,10,6.8999999999999995,0.15,0.9222229907522795,0.69,0.2322229907522796,0.07777700924772042,1,yes,0,-7.05,704.9100000000009,697.8600000000009,0.010000000000000009,0.315,8.374017785907428e-05,-0.00044488319022950584
2026-08-12 00:24:00+00:00,KXBTC15M-26AUG112030-30,2026-08-12 00:30:00+00:00,NO,6,0.09399999999999997,74,6.955999999999998,0.45,0.19373826481446266,0.09399999999999997,0.09973826481446268,0.8062617351855373,1,yes,0,-7.405999999999998,697.8600000000009,690.454000000001,0.0040000000000000036,0.908,0.000358032672156983,0.0007581907975025004
2026-08-12 00:35:00+00:00,KXBTC15M-26AUG112045-45,2026-08-12 00:45:00+00:00,YES,10,0.76,9,6.84,0.12,0.8953953935976716,0.76,0.1353953935976716,0.8953953935976716,1,yes,1,2.04,690.454000000001,692.4940000000009,0.010000000000000009,0.755,0.00017538168331199578,0.0006966845705589364
2026-08-12 00:46:00+00:00,KXBTC15M-26AUG112100-00,2026-08-12 01:00:00+00:00,YES,14,0.63,10,6.3,0.17,0.7097990068083813,0.63,0.07979900680838126,0.7097990068083813,1,yes,1,3.5300000000000002,692.4940000000009,696.0240000000009,0.010000000000000009,0.625,0.00014488850375028568,0.0002997293010840174
2026-08-12 01:01:00+00:00,KXBTC15M-26AUG112115-15,2026-08-12 01:15:00+00:00,YES,14,0.64,10,6.4,0.17,0.7159250083979787,0.64,0.07592500839797867,0.7159250083979787,1,yes,1,3.4299999999999997,696.0240000000009,699.4540000000009,0.010000000000000009,0.635,0.00010623262706111306,0.00022690214660436858
2026-08-12 01:22:00+00:00,KXBTC15M-26AUG112130-30,2026-08-12 01:30:00+00:00,YES,8,0.14,49,6.86,0.42,0.213823491025793,0.14,0.073823491025793,0.213823491025793,0,no,0,-7.28,699.4540000000009,692.1740000000009,0.010000000000000009,0.135,0.0002882570175408361,-0.0006465180062326104
2026-08-12 01:31:00+00:00,KXBTC15M-26AUG112145-45,2026-08-12 01:45:00+00:00,NO,14,0.73,9,6.57,0.13,0.8085938644836728,0.73,0.07859386448367278,0.1914061355163273,1,yes,0,-6.7,692.1740000000009,685.4740000000008,0.010000000000000009,0.275,0.00015459878439706777,-0.0005047060899422418
2026-08-12 01:46:00+00:00,KXBTC15M-26AUG112200-00,2026-08-12 02:00:00+00:00,YES,14,0.29,23,6.67,0.34,0.38298791193007325,0.29,0.09298791193007327,0.38298791193007325,1,yes,1,15.989999999999998,685.4740000000008,701.4640000000009,0.009999999999999953,0.28500000000000003,0.0003632724583644005,-0.000404486459035569
2026-08-12 02:11:00+00:00,KXBTC15M-26AUG112215-15,2026-08-12 02:15:00+00:00,NO,4,0.08799999999999997,79,6.951999999999997,0.45,0.18152316708720817,0.08799999999999997,0.0935231670872082,0.8184768329127918,1,yes,0,-7.4019999999999975,701.4640000000009,694.0620000000008,0.0010000000000000009,0.9125000000000001,0.0002815868561089213,0.0005123803289239781
2026-08-12 02:22:00+00:00,KXBTC15M-26AUG112230-30,2026-08-12 02:30:00+00:00,NO,8,0.88,7,6.16,0.06,0.9503572109568927,0.88,0.07035721095689274,0.04964278904310724,1,yes,0,-6.22,694.0620000000008,687.8420000000008,0.010000000000000009,0.125,0.00016118733466823982,-0.0007512009341034132
2026-08-12 02:31:00+00:00,KXBTC15M-26AUG112245-45,2026-08-12 02:45:00+00:00,YES,14,0.36,19,6.84,0.31,0.4240535670102761,0.36,0.06405356701027609,0.4240535670102761,0,no,0,-7.1499999999999995,687.8420000000008,680.6920000000008,0.010000000000000009,0.355,0.00044806524982922213,-0.00032105671375182165
2026-08-12 02:46:00+00:00,KXBTC15M-26AUG112300-00,2026-08-12 03:00:00+00:00,NO,14,0.49,13,6.37,0.23,0.5901432329009476,0.49,0.10014323290094762,0.4098567670990524,0,no,1,6.3999999999999995,680.6920000000008,687.0920000000008,0.010000000000000009,0.515,8.300793534714774e-05,-7.078450418906979e-05
2026-08-12 03:01:00+00:00,KXBTC15M-26AUG112315-15,2026-08-12 03:15:00+00:00,NO,14,0.18000000000000005,38,6.840000000000002,0.4,0.28737762892174246,0.18000000000000005,0.10737762892174241,0.7126223710782575,0,no,1,30.759999999999998,687.0920000000008,717.8520000000008,0.010000000000000009,0.825,0.00039171861555334077,0.0008226738265515454
2026-08-12 03:20:00+00:00,KXBTC15M-26AUG112330-30,2026-08-12 03:30:00+00:00,NO,10,0.43000000000000005,16,6.880000000000001,0.28,0.4933514896355372,0.43000000000000005,0.06335148963553716,0.5066485103644628,1,yes,0,-7.160000000000001,717.8520000000008,710.6920000000008,0.010000000000000009,0.575,0.0002891135816805085,1.5237235908793778e-05
2026-08-12 03:46:00+00:00,KXBTC15M-26AUG120000-00,2026-08-12 04:00:00+00:00,NO,14,0.61,11,6.71,0.19,0.8353869203494814,0.61,0.22538692034948138,0.16461307965051863,1,yes,0,-6.9,710.6920000000008,703.7920000000008,0.010000000000000009,0.395,6.926505186575123e-05,-0.00025282958971972747
2026-08-12 04:09:00+00:00,KXBTC15M-26AUG120015-15,2026-08-12 04:15:00+00:00,YES,6,0.11,63,6.93,0.44,0.17002831555794834,0.11,0.06002831555794834,0.17002831555794834,0,no,0,-7.37,703.7920000000008,696.4220000000008,0.009999999999999995,0.10500000000000001,0.00028009962503721536,-0.0006543629291561048
2026-08-12 04:22:00+00:00,KXBTC15M-26AUG120030-30,2026-08-12 04:30:00+00:00,YES,8,0.86,8,6.88,0.07,0.9421050096453689,0.86,0.08210500964536893,0.9421050096453689,1,yes,1,1.05,696.4220000000008,697.4720000000008,0.010000000000000009,0.855,0.000183538308644999,0.0008167570617709785
2026-08-12 04:31:00+00:00,KXBTC15M-26AUG120045-45,2026-08-12 04:45:00+00:00,NO,14,0.77,9,6.93,0.12,0.8474178803749652,0.77,0.07741788037496522,0.1525821196250347,0,no,1,1.9500000000000002,697.4720000000008,699.4220000000008,0.009999999999999981,0.235,0.0002633724849401122,-0.0010099910529756118
2026-08-12 04:50:00+00:00,KXBTC15M-26AUG120100-00,2026-08-12 05:00:00+00:00,YES,10,0.87,8,6.96,0.07,0.9924007776542328,0.87,0.12240077765423285,0.9924007776542328,1,yes,1,0.97,699.4220000000008,700.3920000000008,0.010000000000000009,0.865,9.158446177059852e-05,0.000703322299287823
2026-08-12 05:01:00+00:00,KXBTC15M-26AUG120115-15,2026-08-12 05:15:00+00:00,NO,14,0.55,12,6.6000000000000005,0.21,0.6000152763871667,0.55,0.05001527638716663,0.3999847236128334,1,yes,0,-6.8100000000000005,700.3920000000008,693.5820000000009,0.010000000000000009,0.455,0.0002107419578418871,-0.00019978154288469163
2026-08-12 05:18:00+00:00,KXBTC15M-26AUG120130-30,2026-08-12 05:30:00+00:00,YES,12,0.53,13,6.890000000000001,0.23,0.6266772707615466,0.53,0.09667727076154653,0.6266772707615466,1,yes,1,5.879999999999999,693.5820000000009,699.4620000000009,0.010000000000000009,0.525,0.00010692133268843091,0.00011966630196935668
2026-08-12 05:31:00+00:00,KXBTC15M-26AUG120145-45,2026-08-12 05:45:00+00:00,YES,14,0.61,11,6.71,0.19,0.7496305616623276,0.61,0.13963056166232757,0.7496305616623276,1,yes,1,4.1,699.4620000000009,703.5620000000009,0.010000000000000009,0.605,6.938191429635013e-05,0.00017481338866720542
2026-08-12 05:54:00+00:00,KXBTC15M-26AUG120200-00,2026-08-12 06:00:00+00:00,YES,6,0.2,35,7.0,0.4,0.25314062711616014,0.2,0.05314062711616013,0.25314062711616014,1,yes,1,27.6,703.5620000000009,731.162000000001,0.010000000000000009,0.195,0.00029490057027100534,-0.000479990870454472
2026-08-12 06:01:00+00:00,KXBTC15M-26AUG120215-15,2026-08-12 06:15:00+00:00,YES,14,0.21,34,7.14,0.4,0.28687612508038235,0.21,0.07687612508038236,0.28687612508038235,0,no,0,-7.54,731.162000000001,723.622000000001,0.009999999999999981,0.20500000000000002,0.00047888293341395786,-0.0010074495146623619
2026-08-12 06:16:00+00:00,KXBTC15M-26AUG120230-30,2026-08-12 06:30:00+00:00,NO,14,0.55,13,7.15,0.23,0.6971557445106683,0.55,0.14715574451066826,0.3028442554893317,0,no,1,5.619999999999999,723.622000000001,729.242000000001,0.010000000000000009,0.455,0.00011738598414033008,-0.000226715187592319
2026-08-12 06:31:00+00:00,KXBTC15M-26AUG120245-45,2026-08-12 06:45:00+00:00,NO,14,0.61,11,6.71,0.19,0.7606647013715266,0.61,0.15066470137152665,0.2393352986284733,1,yes,0,-6.9,729.242000000001,722.342000000001,0.010000000000000009,0.395,0.00018350174485165952,-0.00048629870693606136
2026-08-12 06:54:00+00:00,KXBTC15M-26AUG120300-00,2026-08-12 07:00:00+00:00,NO,6,0.6599999999999999,10,6.6,0.16,0.8566094727921791,0.6599999999999999,0.19660947279217922,0.14339052720782086,1,yes,0,-6.76,722.342000000001,715.582000000001,0.009999999999999953,0.345,0.00011501751833255702,-0.00030006100296808835
2026-08-12 07:05:00+00:00,KXBTC15M-26AUG120315-15,2026-08-12 07:15:00+00:00,YES,10,0.85,8,6.8,0.08,0.9453053520271568,0.85,0.09530535202715684,0.9453053520271568,1,yes,1,1.12,715.582000000001,716.702000000001,0.010000000000000009,0.845,0.0001766165441262093,0.0008945440512271308
2026-08-12 07:16:00+00:00,KXBTC15M-26AUG120330-30,2026-08-12 07:30:00+00:00,NO,14,0.52,13,6.76,0.23,0.5820032171509006,0.52,0.062003217150900625,0.41799678284909936,0,no,1,6.01,716.702000000001,722.712000000001,0.010000000000000009,0.485,0.00014085884278076529,-0.00010910346776338287
2026-08-12 07:31:00+00:00,KXBTC15M-26AUG120345-45,2026-08-12 07:45:00+00:00,NO,14,0.45999999999999996,15,6.8999999999999995,0.27,0.5299697548979405,0.45999999999999996,0.06996975489794055,0.4700302451020595,0,no,1,7.830000000000002,722.712000000001,730.542000000001,0.010000000000000009,0.545,0.0001367600246765059,-3.847663314071603e-05
2026-08-12 07:46:00+00:00,KXBTC15M-26AUG120400-00,2026-08-12 08:00:00+00:00,NO,14,0.69,10,6.8999999999999995,0.15,0.763837081278723,0.69,0.07383708127872302,0.2361629187212771,1,yes,0,-7.05,730.542000000001,723.4920000000011,0.010000000000000009,0.315,0.0003065094487826652,-0.0008239038017275879
2026-08-12 08:01:00+00:00,KXBTC15M-26AUG120415-15,2026-08-12 08:15:00+00:00,YES,14,0.32,22,7.04,0.34,0.39418719645990635,0.32,0.07418719645990635,0.39418719645990635,0,no,0,-7.38,723.4920000000011,716.1120000000011,0.010000000000000009,0.315,0.000386731927375223,-0.00038833635825819
2026-08-12 08:18:00+00:00,KXBTC15M-26AUG120430-30,2026-08-12 08:30:00+00:00,YES,12,0.7,10,7.0,0.15,0.7809998081603247,0.7,0.0809998081603247,0.7809998081603247,1,yes,1,2.85,716.1120000000011,718.9620000000011,0.010000000000000009,0.695,0.0001762395503331096,0.0004736093062187585
2026-08-12 08:31:00+00:00,KXBTC15M-26AUG120445-45,2026-08-12 08:45:00+00:00,NO,14,0.5800000000000001,12,6.960000000000001,0.21,0.6759116437679483,0.5800000000000001,0.09591164376794825,0.3240883562320517,0,no,1,4.829999999999999,718.9620000000011,723.7920000000012,0.010000000000000009,0.425,0.00022704058205028768,-0.0003875525219144693
2026-08-12 08:48:00+00:00,KXBTC15M-26AUG120500-00,2026-08-12 09:00:00+00:00,YES,12,0.82,8,6.56,0.09,0.8745832346396338,0.82,0.05458323463963388,0.8745832346396338,1,yes,1,1.3500000000000003,723.7920000000012,725.1420000000012,0.009999999999999898,0.815,0.00013528791214703132,0.000538309594874109
2026-08-12 09:01:00+00:00,KXBTC15M-26AUG120515-15,2026-08-12 09:15:00+00:00,NO,14,0.53,13,6.890000000000001,0.23,0.6057010853861653,0.53,0.07570108538616527,0.3942989146138347,1,yes,0,-7.120000000000001,725.1420000000012,718.0220000000012,0.010000000000000009,0.475,6.818905583845256e-05,-6.840884325509666e-05
2026-08-12 09:18:00+00:00,KXBTC15M-26AUG120530-30,2026-08-12 09:30:00+00:00,YES,12,0.65,11,7.15,0.18,0.8782404369666081,0.65,0.22824043696660812,0.8782404369666081,1,yes,1,3.6699999999999995,718.0220000000012,721.6920000000011,0.010000000000000009,0.645,4.578068637824901e-05,0.00018496921359867358
2026-08-12 09:33:00+00:00,KXBTC15M-26AUG120545-45,2026-08-12 09:45:00+00:00,YES,12,0.88,8,7.04,0.06,0.992900947235931,0.88,0.11290094723593103,0.992900947235931,1,yes,1,0.8999999999999999,721.6920000000011,722.5920000000011,0.010000000000000009,0.875,0.0001835972128483579,0.0015608220673797302
2026-08-12 09:50:00+00:00,KXBTC15M-26AUG120600-00,2026-08-12 10:00:00+00:00,YES,10,0.65,11,7.15,0.18,0.714508233414439,0.65,0.06450823341443901,0.714508233414439,1,yes,1,3.6699999999999995,722.5920000000011,726.2620000000011,0.010000000000000009,0.645,0.0001952727572364299,0.00034994271817501144
2026-08-12 10:01:00+00:00,KXBTC15M-26AUG120615-15,2026-08-12 10:15:00+00:00,YES,14,0.56,12,6.720000000000001,0.21,0.8344531407333171,0.56,0.27445314073331706,0.8344531407333171,1,yes,1,5.069999999999999,726.2620000000011,731.3320000000011,0.010000000000000009,0.555,6.6026225299501e-05,0.00024013757478535958
2026-08-12 10:18:00+00:00,KXBTC15M-26AUG120630-30,2026-08-12 10:30:00+00:00,NO,12,0.8200000000000001,8,6.5600000000000005,0.09,0.9824625269008609,0.8200000000000001,0.16246252690086083,0.017537473099139153,0,no,1,1.3499999999999994,731.3320000000011,732.6820000000012,0.010000000000000009,0.185,0.00011846254940088048,-0.0008644698820658991
2026-08-12 10:33:00+00:00,KXBTC15M-26AUG120645-45,2026-08-12 10:45:00+00:00,YES,12,0.78,9,7.0200000000000005,0.11,0.8371667140396083,0.78,0.05716671403960827,0.8371667140396083,1,yes,1,1.8699999999999994,732.6820000000012,734.5520000000012,0.010000000000000009,0.775,0.00020111306637785796,0.0006849833987203624
2026-08-12 10:48:00+00:00,KXBTC15M-26AUG120700-00,2026-08-12 11:00:00+00:00,NO,12,0.62,11,6.82,0.19,0.7213300131832096,0.62,0.10133001318320956,0.27866998681679045,0,no,1,3.9899999999999998,734.5520000000012,738.5420000000012,0.010000000000000009,0.385,0.00015623114788764468,-0.0003175245133605342
2026-08-12 11:01:00+00:00,KXBTC15M-26AUG120715-15,2026-08-12 11:15:00+00:00,NO,14,0.18999999999999995,38,7.219999999999998,0.41,0.3053566996417455,0.18999999999999995,0.11535669964174555,0.6946433003582545,0,no,1,30.37,738.5420000000012,768.9120000000012,0.009999999999999898,0.815,0.0005082503243519744,0.0009685386441768973
2026-08-12 11:16:00+00:00,KXBTC15M-26AUG120730-30,2026-08-12 11:30:00+00:00,NO,14,0.48,16,7.68,0.28,0.542604892409469,0.48,0.06260489240946898,0.45739510759053104,1,yes,0,-7.96,768.9120000000012,760.9520000000011,0.010000000000000009,0.525,0.00021554899709372345,-8.629164391038557e-05
2026-08-12 11:40:00+00:00,KXBTC15M-26AUG120745-45,2026-08-12 11:45:00+00:00,NO,5,0.31999999999999995,23,7.3599999999999985,0.36,0.4303116258179527,0.31999999999999995,0.11031162581795273,0.5696883741820473,0,no,1,15.280000000000001,760.9520000000011,776.2320000000011,0.009999999999999898,0.685,0.0002819183296474347,0.00011069028017729465
2026-08-12 11:46:00+00:00,KXBTC15M-26AUG120800-00,2026-08-12 12:00:00+00:00,NO,14,0.47,16,7.52,0.28,0.5311614676524998,0.47,0.06116146765249986,0.4688385323475002,1,yes,0,-7.8,776.2320000000011,768.4320000000012,0.010000000000000009,0.535,0.00013483271487146488,-3.94458128348818e-05
2026-08-12 12:01:00+00:00,KXBTC15M-26AUG120815-15,2026-08-12 12:15:00+00:00,YES,14,0.58,13,7.539999999999999,0.23,0.6703211971938046,0.58,0.0903211971938046,0.6703211971938046,1,yes,1,5.23,768.4320000000012,773.6620000000012,0.010000000000000009,0.575,9.512466606005659e-05,0.00015690365975062903
2026-08-12 12:18:00+00:00,KXBTC15M-26AUG120830-30,2026-08-12 12:30:00+00:00,NO,12,0.21999999999999997,35,7.699999999999999,0.43,0.2889756053381999,0.21999999999999997,0.06897560533819991,0.7110243946618001,1,yes,0,-8.129999999999999,773.6620000000012,765.5320000000012,0.010000000000000009,0.785,0.0004867835534613691,0.0009386456190803028
2026-08-12 12:31:00+00:00,KXBTC15M-26AUG120845-45,2026-08-12 12:45:00+00:00,YES,14,0.19,40,7.6,0.44,0.32833966570283213,0.19,0.13833966570283213,0.32833966570283213,0,no,0,-8.04,765.5320000000012,757.4920000000012,0.010000000000000009,0.185,0.001880111506443379,-0.003122072522621533
2026-08-12 12:54:00+00:00,KXBTC15M-26AUG120900-00,2026-08-12 13:00:00+00:00,NO,6,0.27,28,7.5600000000000005,0.39,0.3205762049505684,0.27,0.05057620495056836,0.6794237950494316,1,yes,0,-7.95,757.4920000000012,749.5420000000012,0.010000000000000009,0.735,0.0005882868288064261,0.0006718598009871624
2026-08-12 13:03:00+00:00,KXBTC15M-26AUG120915-15,2026-08-12 13:15:00+00:00,NO,12,0.74,10,7.4,0.14,0.8113935723270944,0.74,0.07139357232709442,0.18860642767290553,0,no,1,2.4599999999999995,749.5420000000012,752.0020000000012,0.010000000000000009,0.265,0.0003429818541104942,-0.001048614799828984
2026-08-12 13:16:00+00:00,KXBTC15M-26AUG120930-30,2026-08-12 13:30:00+00:00,NO,14,0.27,27,7.290000000000001,0.38,0.374634996888083,0.27,0.10463499688808298,0.625365003111917,0,no,1,19.330000000000002,752.0020000000012,771.3320000000012,0.010000000000000009,0.735,0.0008123385803485291,0.0009719001767289903
2026-08-12 13:33:00+00:00,KXBTC15M-26AUG120945-45,2026-08-12 13:45:00+00:00,NO,12,0.30000000000000004,25,7.500000000000001,0.37,0.36195478650344093,0.30000000000000004,0.061954786503440884,0.6380452134965591,1,yes,0,-7.870000000000001,771.3320000000012,763.4620000000012,0.010000000000000009,0.705,0.0008224234984771747,0.0010068686853506037
2026-08-12 13:55:00+00:00,KXBTC15M-26AUG121000-00,2026-08-12 14:00:00+00:00,NO,5,0.83,9,7.47,0.09,0.9231547764768568,0.83,0.09315477647685688,0.07684522352314319,0,no,1,1.4400000000000002,763.4620000000012,764.9020000000013,0.009999999999999981,0.175,0.00036512008920417906,-0.0011640592823674023
2026-08-12 14:03:00+00:00,KXBTC15M-26AUG121015-15,2026-08-12 14:15:00+00:00,NO,12,0.88,8,7.04,0.06,0.9907867702002437,0.88,0.11078677020024374,0.009213229799756287,0,no,1,0.8999999999999999,764.9020000000013,765.8020000000013,0.010000000000000009,0.125,0.0003876621455087262,-0.0031601271071954873
2026-08-12 14:27:00+00:00,KXBTC15M-26AUG121030-30,2026-08-12 14:30:00+00:00,YES,3,0.24,31,7.4399999999999995,0.4,0.35478082291544655,0.24,0.11478082291544656,0.35478082291544655,0,no,0,-7.84,765.8020000000013,757.9620000000012,0.009999999999999981,0.235,0.0006842425927270282,-0.0004413030126422246
2026-08-12 14:35:00+00:00,KXBTC15M-26AUG121045-45,2026-08-12 14:45:00+00:00,NO,10,0.78,9,7.0200000000000005,0.11,0.8525492493051303,0.78,0.07254924930513029,0.14745075069486974,0,no,1,1.8699999999999994,757.9620000000012,759.8320000000012,0.01999999999999999,0.22999999999999998,0.0005310482966549408,-0.0017574256025257862
2026-08-12 14:55:00+00:00,KXBTC15M-26AUG121100-00,2026-08-12 15:00:00+00:00,NO,5,0.933,8,7.464,0.04,0.9997867021875153,0.933,0.06678670218751526,0.0002132978124846991,0,no,1,0.4959999999999996,759.8320000000012,760.3280000000012,0.0020000000000000018,0.068,0.00023094916278725377,-0.0018177173694235993
2026-08-12 15:01:00+00:00,KXBTC15M-26AUG121115-15,2026-08-12 15:15:00+00:00,NO,14,0.5700000000000001,13,7.410000000000001,0.23,0.6596193917638145,0.5700000000000001,0.0896193917638144,0.3403806082361856,1,yes,0,-7.6400000000000015,760.3280000000012,752.6880000000012,0.010000000000000009,0.435,0.00035339164125078163,-0.0005438666438357664
2026-08-12 15:18:00+00:00,KXBTC15M-26AUG121130-30,2026-08-12 15:30:00+00:00,YES,12,0.63,11,6.93,0.18,0.7669801887815568,0.63,0.13698018878155682,0.7669801887815568,0,no,0,-7.109999999999999,752.6880000000012,745.5780000000012,0.010000000000000009,0.625,0.00018387456314496016,0.00046441224421478466
2026-08-12 15:31:00+00:00,KXBTC15M-26AUG121145-45,2026-08-12 15:45:00+00:00,YES,14,0.65,11,7.15,0.18,0.7607209431636703,0.65,0.11072094316367032,0.7607209431636703,1,yes,1,3.6699999999999995,745.5780000000012,749.2480000000012,0.010000000000000009,0.645,0.00021264711570011667,0.000563977187312048
2026-08-12 15:48:00+00:00,KXBTC15M-26AUG121200-00,2026-08-12 16:00:00+00:00,NO,12,0.69,10,6.8999999999999995,0.15,0.7754519477691034,0.69,0.08545194776910348,0.22454805223089658,0,no,1,2.9500000000000006,749.2480000000012,752.1980000000012,0.010000000000000009,0.315,0.00028772086731912097,-0.0007541361698640836
2026-08-12 16:01:00+00:00,KXBTC15M-26AUG121215-15,2026-08-12 16:15:00+00:00,NO,14,0.36,20,7.199999999999999,0.33,0.4260863616923528,0.36,0.06608636169235282,0.5739136383076472,1,yes,0,-7.529999999999999,752.1980000000012,744.6680000000013,0.010000000000000009,0.645,0.0006329098639852749,0.0004413914387735307
2026-08-12 16:16:00+00:00,KXBTC15M-26AUG121230-30,2026-08-12 16:30:00+00:00,YES,14,0.63,11,6.93,0.18,0.6901359362604071,0.63,0.06013593626040714,0.6901359362604071,1,yes,1,3.89,744.6680000000013,748.5580000000012,0.010000000000000009,0.625,0.00033699778270188476,0.000625914402104355
2026-08-12 16:31:00+00:00,KXBTC15M-26AUG121245-45,2026-08-12 16:45:00+00:00,YES,14,0.6,12,7.199999999999999,0.21,0.8137279452272065,0.6,0.2137279452272065,0.8137279452272065,0,no,0,-7.409999999999999,748.5580000000012,741.1480000000013,0.010000000000000009,0.595,0.0001365983450976869,0.00045586468978275896
2026-08-12 16:48:00+00:00,KXBTC15M-26AUG121300-00,2026-08-12 17:00:00+00:00,NO,12,0.71,10,7.1,0.15,0.8760979023435165,0.71,0.1660979023435165,0.12390209765648347,0,no,1,2.7500000000000004,741.1480000000013,743.8980000000013,0.010000000000000009,0.295,0.0001796693820032836,-0.0007190404851465937
2026-08-12 17:03:00+00:00,KXBTC15M-26AUG121315-15,2026-08-12 17:15:00+00:00,YES,12,0.62,11,6.82,0.19,0.7406130451530228,0.62,0.12061304515302285,0.7406130451530228,1,yes,1,3.9899999999999998,743.8980000000013,747.8880000000013,0.010000000000000009,0.615,0.00010882644045506724,0.00024327463104389935
2026-08-12 17:16:00+00:00,KXBTC15M-26AUG121330-30,2026-08-12 17:30:00+00:00,YES,14,0.58,12,6.959999999999999,0.21,0.6628273424791353,0.58,0.08282734247913537,0.6628273424791353,0,no,0,-7.169999999999999,747.8880000000013,740.7180000000013,0.010000000000000009,0.575,0.00015673310073649737,0.0002464483235369297
2026-08-12 17:35:00+00:00,KXBTC15M-26AUG121345-45,2026-08-12 17:45:00+00:00,NO,10,0.26,28,7.28,0.38,0.320690064613687,0.26,0.06069006461368698,0.679309935386313,1,yes,0,-7.66,740.7180000000013,733.0580000000014,0.010000000000000009,0.745,0.0003644456645384427,0.0005369339728995559
2026-08-12 17:54:00+00:00,KXBTC15M-26AUG121400-00,2026-08-12 18:00:00+00:00,NO,6,0.31999999999999995,22,7.039999999999999,0.34,0.4327902971467935,0.31999999999999995,0.11279029714679356,0.5672097028532065,0,no,1,14.620000000000001,733.0580000000014,747.6780000000014,0.009999999999999898,0.685,0.0003883086398895278,0.00016101992956762956
2026-08-12 18:11:00+00:00,KXBTC15M-26AUG121415-15,2026-08-12 18:15:00+00:00,NO,4,0.8,9,7.2,0.11,0.8594486316456835,0.8,0.05944863164568348,0.14055136835431647,1,yes,0,-7.3100000000000005,747.6780000000014,740.3680000000014,0.009999999999999981,0.20500000000000002,0.0001811092948746264,-0.0003903394533828486
2026-08-12 18:18:00+00:00,KXBTC15M-26AUG121430-30,2026-08-12 18:30:00+00:00,NO,12,0.8200000000000001,9,7.380000000000001,0.1,0.9710321850767489,0.8200000000000001,0.15103218507674887,0.028967814923251067,0,no,1,1.5199999999999991,740.3680000000014,741.8880000000014,0.010000000000000009,0.185,0.00017109610874805256,-0.001123226565301838
2026-08-12 18:40:00+00:00,KXBTC15M-26AUG121445-45,2026-08-12 18:45:00+00:00,NO,5,0.36,20,7.199999999999999,0.33,0.43113885860472423,0.36,0.07113885860472424,0.5688611413952758,1,yes,0,-7.529999999999999,741.8880000000014,734.3580000000014,0.010000000000000009,0.645,0.0002148026885580387,8.332606071470572e-05
2026-08-12 18:48:00+00:00,KXBTC15M-26AUG121500-00,2026-08-12 19:00:00+00:00,NO,12,0.63,11,6.93,0.18,0.7017490734786189,0.63,0.07174907347861892,0.2982509265213811,0,no,1,3.89,734.3580000000014,738.2480000000014,0.010000000000000009,0.375,0.0001771858691250905,-0.0003249106929545942
2026-08-12 19:09:00+00:00,KXBTC15M-26AUG121515-15,2026-08-12 19:15:00+00:00,NO,6,0.10999999999999999,67,7.369999999999999,0.46,0.16391542834145456,0.10999999999999999,0.053915428341454574,0.8360845716585454,1,yes,0,-7.829999999999999,738.2480000000014,730.4180000000014,0.010000000000000009,0.895,0.00024030930456481946,0.0005761409422684327
2026-08-12 19:16:00+00:00,KXBTC15M-26AUG121530-30,2026-08-12 19:30:00+00:00,NO,14,0.55,13,7.15,0.23,0.6148742788562742,0.55,0.06487427885627417,0.3851257211437258,0,no,1,5.619999999999999,730.4180000000014,736.0380000000014,0.010000000000000009,0.455,0.00017401342836195955,-0.00019013268229195468
2026-08-12 19:39:00+00:00,KXBTC15M-26AUG121545-45,2026-08-12 19:45:00+00:00,NO,6,0.63,11,6.93,0.18,0.689914177504515,0.63,0.059914177504515,0.31008582249548494,0,no,1,3.89,736.0380000000014,739.9280000000014,0.010000000000000009,0.375,0.00026662524633705946,-0.0003236265378182557
2026-08-12 19:46:00+00:00,KXBTC15M-26AUG121600-00,2026-08-12 20:00:00+00:00,NO,14,0.54,13,7.0200000000000005,0.23,0.6174292295873351,0.54,0.07742922958733511,0.3825707704126648,1,yes,0,-7.250000000000001,739.9280000000014,732.6780000000014,0.009999999999999953,0.46499999999999997,0.0002009095591289481,-0.00022454496066437457
2026-08-12 20:07:00+00:00,KXBTC15M-26AUG121615-15,2026-08-12 20:15:00+00:00,YES,8,0.86,8,6.88,0.07,0.918865732168471,0.86,0.05886573216847102,0.918865732168471,1,yes,1,1.05,732.6780000000014,733.7280000000013,0.010000000000000009,0.855,0.00021704746621833677,0.0008582867132260752
2026-08-12 20:20:00+00:00,KXBTC15M-26AUG121630-30,2026-08-12 20:30:00+00:00,NO,10,0.32999999999999996,22,7.259999999999999,0.35,0.38818742952425866,0.32999999999999996,0.058187429524258705,0.6118125704757413,1,yes,0,-7.6099999999999985,733.7280000000013,726.1180000000013,0.010000000000000009,0.675,0.0003067451841437771,0.0002755667415705876
2026-08-12 20:33:00+00:00,KXBTC15M-26AUG121645-45,2026-08-12 20:45:00+00:00,YES,12,0.55,13,7.15,0.23,0.6606095070175126,0.55,0.1106095070175126,0.6606095070175126,1,yes,1,5.619999999999999,726.1180000000013,731.7380000000013,0.010000000000000009,0.545,9.064023500147763e-05,0.00013003899120644924
2026-08-12 20:57:00+00:00,KXBTC15M-26AUG121700-00,2026-08-12 21:00:00+00:00,NO,3,0.17000000000000004,43,7.310000000000001,0.43,0.33253253323196874,0.17000000000000004,0.1625325332319687,0.6674674667680313,1,yes,0,-7.740000000000001,731.7380000000013,723.9980000000013,0.010000000000000009,0.835,0.00025269730775010586,0.00018950507355341983
2026-08-12 21:01:00+00:00,KXBTC15M-26AUG121715-15,2026-08-12 21:15:00+00:00,YES,14,0.71,10,7.1,0.15,0.8488654550618742,0.71,0.1388654550618742,0.8488654550618742,0,no,0,-7.25,723.9980000000013,716.7480000000013,0.010000000000000009,0.705,0.00018098488340535709,0.0006988126796325655
2026-08-12 21:20:00+00:00,KXBTC15M-26AUG121730-30,2026-08-12 21:30:00+00:00,NO,10,0.5900000000000001,12,7.080000000000001,0.21,0.6825812268377474,0.5900000000000001,0.09258122683774728,0.3174187731622527,0,no,1,4.709999999999999,716.7480000000013,721.4580000000013,0.010000000000000009,0.415,0.00017622884941858384,-0.00026463560024181376
2026-08-12 21:31:00+00:00,KXBTC15M-26AUG121745-45,2026-08-12 21:45:00+00:00,NO,14,0.5700000000000001,12,6.840000000000001,0.21,0.7919406093190686,0.5700000000000001,0.22194060931906856,0.20805939068093138,1,yes,0,-7.050000000000001,721.4580000000013,714.4080000000014,0.010000000000000009,0.435,0.0001686421148957884,-0.0005129814738646932
2026-08-12 21:48:00+00:00,KXBTC15M-26AUG121800-00,2026-08-12 22:00:00+00:00,YES,12,0.62,11,6.82,0.19,0.7039970764890462,0.62,0.0839970764890462,0.7039970764890462,0,no,0,-7.010000000000001,714.4080000000014,707.3980000000014,0.010000000000000009,0.615,0.00018958356556866572,0.0003520278949804556
2026-08-12 22:01:00+00:00,KXBTC15M-26AUG121815-15,2026-08-12 22:15:00+00:00,NO,14,0.47,15,7.05,0.27,0.5320290549162328,0.47,0.062029054916232784,0.4679709450837672,1,yes,0,-7.32,707.3980000000014,700.0780000000013,0.010000000000000009,0.535,0.00025960419385120525,-7.806568683443871e-05
2026-08-12 22:20:00+00:00,KXBTC15M-26AUG121830-30,2026-08-12 22:30:00+00:00,NO,10,0.43999999999999995,15,6.6,0.26,0.5141689846373361,0.43999999999999995,0.07416898463733612,0.485831015362664,0,no,1,8.14,700.0780000000013,708.2180000000013,0.009999999999999898,0.565,0.00011647693467199701,-1.3084498746929185e-05
2026-08-12 22:33:00+00:00,KXBTC15M-26AUG121845-45,2026-08-12 22:45:00+00:00,NO,12,0.6599999999999999,10,6.6,0.16,0.7187861920616188,0.6599999999999999,0.058786192061618836,0.28121380793838124,0,no,1,3.24,708.2180000000013,711.4580000000013,0.009999999999999953,0.345,0.0002036902694419664,-0.00040863003941571385
2026-08-12 22:48:00+00:00,KXBTC15M-26AUG121900-00,2026-08-12 23:00:00+00:00,NO,12,0.53,13,6.890000000000001,0.23,0.6074280137614079,0.53,0.07742801376140784,0.39257198623859213,1,yes,0,-7.120000000000001,711.4580000000013,704.3380000000013,0.010000000000000009,0.475,0.0002939305406966303,-0.0002775464014009854
2026-08-12 23:01:00+00:00,KXBTC15M-26AUG121915-15,2026-08-12 23:15:00+00:00,NO,14,0.53,13,6.890000000000001,0.23,0.5824006022350139,0.53,0.05240060223501386,0.41759939776498617,0,no,1,5.879999999999999,704.3380000000013,710.2180000000013,0.010000000000000009,0.475,0.0002009283602346673,-0.00015639227791430788
2026-08-12 23:16:00+00:00,KXBTC15M-26AUG121930-30,2026-08-12 23:30:00+00:00,NO,14,0.28,25,7.000000000000001,0.36,0.3702500656700909,0.28,0.09025006567009086,0.6297499343299091,0,no,1,17.64,710.2180000000013,727.8580000000013,0.010000000000000009,0.725,0.00037277049322740024,0.0004620452772801098
2026-08-12 23:31:00+00:00,KXBTC15M-26AUG121945-45,2026-08-12 23:45:00+00:00,NO,14,0.37,19,7.03,0.32,0.4241494088461134,0.37,0.05414940884611341,0.5758505911538866,0,no,1,11.649999999999999,727.8580000000013,739.5080000000013,0.010000000000000009,0.635,0.000350651999897644,0.0002510070275654197
2026-08-12 23:46:00+00:00,KXBTC15M-26AUG122000-00,2026-08-13 00:00:00+00:00,NO,14,0.45999999999999996,16,7.359999999999999,0.28,0.5174553173439131,0.45999999999999996,0.05745531734391318,0.48254468265608685,1,yes,0,-7.64,739.5080000000013,731.8680000000013,0.010000000000000009,0.545,0.00022558815451769888,-3.694269808618422e-05
2026-08-13 00:07:00+00:00,KXBTC15M-26AUG122015-15,2026-08-13 00:15:00+00:00,NO,8,0.20999999999999996,34,7.139999999999999,0.4,0.2616586558593933,0.20999999999999996,0.05165865585939333,0.7383413441406067,1,yes,0,-7.539999999999999,731.8680000000013,724.3280000000013,0.010000000000000009,0.795,0.0003249829322039566,0.0005868365049210844
2026-08-13 00:16:00+00:00,KXBTC15M-26AUG122030-30,2026-08-13 00:30:00+00:00,YES,14,0.61,11,6.71,0.19,0.6968074349364253,0.61,0.08680743493642529,0.6968074349364253,1,yes,1,4.1,724.3280000000013,728.4280000000014,0.010000000000000009,0.605,0.00016367660886144498,0.00031559416070536805
2026-08-13 00:37:00+00:00,KXBTC15M-26AUG122045-45,2026-08-13 00:45:00+00:00,NO,8,0.7,10,7.0,0.15,0.8873123583474758,0.7,0.18731235834747584,0.11268764165252426,0,no,1,2.85,728.4280000000014,731.2780000000014,0.010000000000000009,0.305,0.00014356325987900496,-0.0004921668684844116
2026-08-13 00:48:00+00:00,KXBTC15M-26AUG122100-00,2026-08-13 01:00:00+00:00,NO,12,0.27,27,7.290000000000001,0.38,0.34704115161224225,0.27,0.07704115161224223,0.6529588483877578,1,yes,0,-7.670000000000001,731.2780000000014,723.6080000000014,0.010000000000000009,0.735,0.0004673099209853296,0.0006369145727693759
2026-08-13 01:01:00+00:00,KXBTC15M-26AUG122115-15,2026-08-13 01:15:00+00:00,NO,14,0.7,10,7.0,0.15,0.8175781500640266,0.7,0.11757815006402661,0.18242184993597343,1,yes,0,-7.15,723.6080000000014,716.4580000000014,0.010000000000000009,0.305,0.000263789423044905,-0.0008940027342816403
2026-08-13 01:16:00+00:00,KXBTC15M-26AUG122130-30,2026-08-13 01:30:00+00:00,YES,14,0.44,16,7.04,0.28,0.49186788776884693,0.44,0.05186788776884693,0.49186788776884693,0,no,0,-7.32,716.4580000000014,709.1380000000014,0.020000000000000018,0.43,0.0003238916437903753,-2.470482455330103e-05
2026-08-13 01:31:00+00:00,KXBTC15M-26AUG122145-45,2026-08-13 01:45:00+00:00,NO,14,0.41000000000000003,17,6.970000000000001,0.29,0.4769308871422311,0.41000000000000003,0.06693088714223105,0.5230691128577689,1,yes,0,-7.260000000000001,709.1380000000014,701.8780000000014,0.010000000000000009,0.595,0.0005044294487764201,0.00010920719208273866
2026-08-13 01:46:00+00:00,KXBTC15M-26AUG122200-00,2026-08-13 02:00:00+00:00,NO,14,0.63,11,6.93,0.18,0.8421336971179718,0.63,0.2121336971179718,0.15786630288202824,1,yes,0,-7.109999999999999,701.8780000000014,694.7680000000014,0.010000000000000009,0.375,0.0002049673673999609,-0.000769126377215934
2026-08-13 02:07:00+00:00,KXBTC15M-26AUG122215-15,2026-08-13 02:15:00+00:00,NO,8,0.7,9,6.3,0.14,0.7591248474561456,0.7,0.05912484745614566,0.24087515254385433,1,yes,0,-6.4399999999999995,694.7680000000014,688.3280000000013,0.010000000000000009,0.305,0.00026802950079288354,-0.0005331750844442817
2026-08-13 02:18:00+00:00,KXBTC15M-26AUG122230-30,2026-08-13 02:30:00+00:00,NO,12,0.5800000000000001,11,6.380000000000001,0.19,0.7493961113602148,0.5800000000000001,0.1693961113602147,0.2506038886397853,1,yes,0,-6.570000000000001,688.3280000000013,681.7580000000013,0.010000000000000009,0.425,0.00012952695733567442,-0.00030174220237733085
2026-08-13 02:31:00+00:00,KXBTC15M-26AUG122245-45,2026-08-13 02:45:00+00:00,NO,14,0.6799999999999999,10,6.799999999999999,0.16,0.7330263288485097,0.6799999999999999,0.053026328848509774,0.26697367115149034,1,yes,0,-6.959999999999999,681.7580000000013,674.7980000000013,0.020000000000000018,0.33,0.00048073395753307215,-0.0011181767757049155
2026-08-13 02:50:00+00:00,KXBTC15M-26AUG122300-00,2026-08-13 03:00:00+00:00,YES,10,0.61,11,6.71,0.19,0.6789211976220999,0.61,0.06892119762209992,0.6789211976220999,1,yes,1,4.1,674.7980000000013,678.8980000000013,0.010000000000000009,0.605,0.0004402163851646377,0.0006470898851052009
2026-08-13 03:01:00+00:00,KXBTC15M-26AUG122315-15,2026-08-13 03:15:00+00:00,YES,14,0.51,13,6.63,0.23,0.6080713908327222,0.51,0.0980713908327222,0.6080713908327222,1,yes,1,6.14,678.8980000000013,685.0380000000013,0.010000000000000009,0.505,0.00020303787865064244,0.00020840382517905987
2026-08-13 03:24:00+00:00,KXBTC15M-26AUG122330-30,2026-08-13 03:30:00+00:00,YES,6,0.7,9,6.3,0.14,0.8208789737682607,0.7,0.12087897376826073,0.8208789737682607,0,no,0,-6.4399999999999995,685.0380000000013,678.5980000000012,0.010000000000000009,0.695,0.0002463511468599664,0.0005545411361038699
2026-08-13 03:35:00+00:00,KXBTC15M-26AUG122345-45,2026-08-13 03:45:00+00:00,YES,10,0.65,10,6.5,0.16,0.7364962752754071,0.65,0.08649627527540704,0.7364962752754071,1,yes,1,3.34,678.5980000000012,681.9380000000012,0.010000000000000009,0.645,0.0002778622735539224,0.0005559890937330003
2026-08-13 03:48:00+00:00,KXBTC15M-26AUG130000-00,2026-08-13 04:00:00+00:00,YES,12,0.57,11,6.27,0.19,0.656061120317524,0.57,0.086061120317524,0.656061120317524,1,yes,1,4.54,681.9380000000012,686.4780000000012,0.019999999999999907,0.56,0.0001545238398116589,0.00021506730693543474
2026-08-13 04:01:00+00:00,KXBTC15M-26AUG130015-15,2026-08-13 04:15:00+00:00,NO,14,0.5900000000000001,11,6.490000000000001,0.19,0.674792211328918,0.5900000000000001,0.0847922113289179,0.325207788671082,1,yes,0,-6.6800000000000015,686.4780000000012,679.7980000000013,0.010000000000000009,0.415,0.00013338840327212906,-0.00022615617231780405
2026-08-13 04:20:00+00:00,KXBTC15M-26AUG130030-30,2026-08-13 04:30:00+00:00,NO,10,0.6699999999999999,10,6.699999999999999,0.16,0.8941879915831003,0.6699999999999999,0.22418799158310032,0.10581200841689975,0,no,1,3.1400000000000006,679.7980000000013,682.9380000000012,0.010000000000000009,0.335,0.00019052247044237477,-0.000752288229684317
2026-08-13 04:33:00+00:00,KXBTC15M-26AUG130045-45,2026-08-13 04:45:00+00:00,YES,12,0.59,11,6.489999999999999,0.19,0.6727235942966031,0.59,0.08272359429660314,0.6727235942966031,1,yes,1,4.32,682.9380000000012,687.2580000000013,0.010000000000000009,0.585,0.00014398540591731355,0.00022320223428895503
2026-08-13 04:54:00+00:00,KXBTC15M-26AUG130100-00,2026-08-13 05:00:00+00:00,YES,6,0.7,9,6.3,0.14,0.7776908675593155,0.7,0.07769086755931554,0.7776908675593155,1,yes,1,2.56,687.2580000000013,689.8180000000012,0.010000000000000009,0.695,0.0001785830586403802,0.0003344408543393129
2026-08-13 05:01:00+00:00,KXBTC15M-26AUG130115-15,2026-08-13 05:15:00+00:00,NO,14,0.64,10,6.4,0.17,0.8233582547675357,0.64,0.18335825476753564,0.17664174523246434,1,yes,0,-6.57,689.8180000000012,683.2480000000012,0.010000000000000009,0.365,0.00010445244697445782,-0.00036271354995986993
2026-08-13 05:18:00+00:00,KXBTC15M-26AUG130130-30,2026-08-13 05:30:00+00:00,NO,12,0.27,25,6.75,0.35,0.3818214100320233,0.27,0.11182141003202328,0.6181785899679767,1,yes,0,-7.1,683.2480000000012,676.1480000000012,0.010000000000000009,0.735,0.001002607733594793,0.0010449193070938279
2026-08-13 05:33:00+00:00,KXBTC15M-26AUG130145-45,2026-08-13 05:45:00+00:00,NO,12,0.63,10,6.3,0.17,0.7219717548058415,0.63,0.09197175480584152,0.2780282451941585,0,no,1,3.5300000000000002,676.1480000000012,679.6780000000011,0.010000000000000009,0.375,0.00022006022548433024,-0.0004486786601320958
2026-08-13 05:48:00+00:00,KXBTC15M-26AUG130200-00,2026-08-13 06:00:00+00:00,NO,12,0.61,11,6.71,0.19,0.6805101924929795,0.61,0.07051019249297952,0.3194898075070205,0,no,1,4.1,679.6780000000011,683.7780000000012,0.010000000000000009,0.395,0.0001748081823822591,-0.00028404042017315945
2026-08-13 06:01:00+00:00,KXBTC15M-26AUG130215-15,2026-08-13 06:15:00+00:00,NO,14,0.61,11,6.71,0.19,0.6608133539222527,0.61,0.050813353922252724,0.3391866460777473,0,no,1,4.1,683.7780000000012,687.8780000000012,0.010000000000000009,0.395,0.0001838984528872375,-0.00028529709438773754
2026-08-13 06:16:00+00:00,KXBTC15M-26AUG130230-30,2026-08-13 06:30:00+00:00,NO,14,0.54,12,6.48,0.21,0.611274591328897,0.54,0.07127459132889702,0.3887254086711029,0,no,1,5.31,687.8780000000012,693.1880000000011,0.009999999999999953,0.46499999999999997,0.00010542065124995924,-0.0001114815839792227
2026-08-13 06:31:00+00:00,KXBTC15M-26AUG130245-45,2026-08-13 06:45:00+00:00,NO,14,0.61,11,6.71,0.19,0.6742241111701549,0.61,0.06422411117015492,0.3257758888298451,0,no,1,4.1,693.1880000000011,697.2880000000011,0.010000000000000009,0.395,0.0001664257646910767,-0.0002811801411232162
2026-08-13 09:03:00+00:00,KXBTC15M-26AUG130515-15,2026-08-13 09:15:00+00:00,NO,12,0.71,9,6.39,0.13,0.7614667310282586,0.71,0.051466731028258605,0.23853326897174149,0,no,1,2.4800000000000004,697.2880000000011,699.7680000000012,0.010000000000000009,0.295,0.00015412238573135286,-0.00037954297876885423
2026-08-13 09:16:00+00:00,KXBTC15M-26AUG130530-30,2026-08-13 09:30:00+00:00,NO,14,0.6599999999999999,10,6.6,0.16,0.7257413518736351,0.6599999999999999,0.06574135187363517,0.2742586481263649,1,yes,0,-6.76,699.7680000000012,693.0080000000012,0.009999999999999953,0.345,0.0002731511185577028,-0.0006130178058239011
2026-08-13 09:31:00+00:00,KXBTC15M-26AUG130545-45,2026-08-13 09:45:00+00:00,NO,14,0.31999999999999995,21,6.719999999999999,0.32,0.40580785750193094,0.31999999999999995,0.08580785750193098,0.5941921424980691,1,yes,0,-7.039999999999999,693.0080000000012,685.9680000000012,0.009999999999999898,0.685,0.00028258456806880635,0.00025203919044325396
2026-08-13 09:48:00+00:00,KXBTC15M-26AUG130600-00,2026-08-13 10:00:00+00:00,YES,12,0.7,9,6.3,0.14,0.7821607207677186,0.7,0.08216072076771863,0.7821607207677186,1,yes,1,2.56,685.9680000000012,688.5280000000012,0.010000000000000009,0.695,0.00012136626682267008,0.00032777982749299106
2026-08-13 10:07:00+00:00,KXBTC15M-26AUG130615-15,2026-08-13 10:15:00+00:00,YES,8,0.24,28,6.72,0.36,0.33220430846110294,0.24,0.09220430846110295,0.33220430846110294,0,no,0,-7.08,688.5280000000012,681.4480000000011,0.009999999999999981,0.235,0.0005492357815224332,-0.0006737233155034161
2026-08-13 10:22:00+00:00,KXBTC15M-26AUG130630-30,2026-08-13 10:30:00+00:00,NO,8,0.24,28,6.72,0.36,0.4187627183314112,0.24,0.17876271833141122,0.5812372816685888,1,yes,0,-7.08,681.4480000000011,674.3680000000011,0.010000000000000009,0.765,0.00032301869714387513,0.0001873672913343949
2026-08-13 10:31:00+00:00,KXBTC15M-26AUG130645-45,2026-08-13 10:45:00+00:00,NO,14,0.6,11,6.6,0.19,0.7533330562340346,0.6,0.1533330562340346,0.24666694376596549,1,yes,0,-6.79,674.3680000000011,667.5780000000011,0.009999999999999953,0.405,0.0001121489871125522,-0.0002874071766846287
2026-08-13 10:46:00+00:00,KXBTC15M-26AUG130700-00,2026-08-13 11:00:00+00:00,NO,14,0.5,13,6.5,0.23,0.5837722187613421,0.5,0.08377221876134211,0.4162277812386579,1,yes,0,-6.73,667.5780000000011,660.8480000000011,0.010000000000000009,0.505,0.00013493641687157824,-0.00010680455097500374
2026-08-13 11:01:00+00:00,KXBTC15M-26AUG130715-15,2026-08-13 11:15:00+00:00,NO,14,0.39,16,6.24,0.27,0.5389373347935924,0.39,0.1489373347935924,0.46106266520640754,0,no,1,9.49,660.8480000000011,670.3380000000011,0.010000000000000009,0.615,7.481072492757867e-05,-2.736335659703215e-05
2026-08-13 11:16:00+00:00,KXBTC15M-26AUG130730-30,2026-08-13 11:30:00+00:00,NO,14,0.56,11,6.16,0.19,0.6966552607707044,0.56,0.13665526077070433,0.30334473922929567,0,no,1,4.6499999999999995,670.3380000000011,674.9880000000011,0.010000000000000009,0.445,8.291006927646865e-05,-0.0001596905244835023
2026-08-13 11:31:00+00:00,KXBTC15M-26AUG130745-45,2026-08-13 11:45:00+00:00,NO,14,0.39,17,6.63,0.29,0.49864427812895673,0.39,0.10864427812895672,0.5013557218710433,0,no,1,10.080000000000002,674.9880000000011,685.0680000000011,0.010000000000000009,0.615,0.0001737140964898953,2.208823080662725e-06
2026-08-13 11:46:00+00:00,KXBTC15M-26AUG130800-00,2026-08-13 12:00:00+00:00,NO,14,0.31000000000000005,22,6.820000000000001,0.33,0.3961191304538183,0.31000000000000005,0.08611913045381825,0.6038808695461817,1,yes,0,-7.150000000000001,685.0680000000011,677.9180000000011,0.010000000000000009,0.695,0.0004046275460270253,0.0003988691554543955
2026-08-13 12:07:00+00:00,KXBTC15M-26AUG130815-15,2026-08-13 12:15:00+00:00,NO,8,0.21999999999999997,30,6.6,0.37,0.2806622699041028,0.21999999999999997,0.06066226990410284,0.7193377300958972,1,yes,0,-6.97,677.9180000000011,670.9480000000011,0.010000000000000009,0.785,0.00030495251611610536,0.0005011513234147724
2026-08-13 12:24:00+00:00,KXBTC15M-26AUG130830-30,2026-08-13 12:30:00+00:00,NO,6,0.36,18,6.4799999999999995,0.3,0.42081772237820636,0.36,0.060817722378206374,0.5791822776217936,1,yes,0,-6.779999999999999,670.9480000000011,664.1680000000011,0.010000000000000009,0.645,0.00011552967248659798,5.654331351689912e-05
2026-08-13 12:31:00+00:00,KXBTC15M-26AUG130845-45,2026-08-13 12:45:00+00:00,NO,14,0.5700000000000001,11,6.2700000000000005,0.19,0.6929362472953462,0.5700000000000001,0.12293624729534613,0.30706375270465386,1,yes,0,-6.460000000000001,664.1680000000011,657.7080000000011,0.010000000000000009,0.435,0.00018589875815349752,-0.0003506380368427653
2026-08-13 12:50:00+00:00,KXBTC15M-26AUG130900-00,2026-08-13 13:00:00+00:00,NO,10,0.20999999999999996,31,6.509999999999999,0.37,0.32360974824608735,0.20999999999999996,0.11360974824608738,0.6763902517539127,1,yes,0,-6.879999999999999,657.7080000000011,650.8280000000011,0.010000000000000009,0.795,0.00048461950495854074,0.0007015620303796322
2026-08-13 13:05:00+00:00,KXBTC15M-26AUG130915-15,2026-08-13 13:15:00+00:00,NO,10,0.27,24,6.48,0.34,0.3527256322121106,0.27,0.0827256322121106,0.6472743677878894,1,yes,0,-6.82,650.8280000000011,644.0080000000011,0.010000000000000009,0.735,0.0004391840211204352,0.0005250738065807337
2026-08-13 13:16:00+00:00,KXBTC15M-26AUG130930-30,2026-08-13 13:30:00+00:00,NO,14,0.6599999999999999,9,5.9399999999999995,0.15,0.8373899259862767,0.6599999999999999,0.1773899259862768,0.1626100740137233,0,no,1,2.9100000000000006,644.0080000000011,646.918000000001,0.009999999999999953,0.345,0.00014099143708433127,-0.0005188540799848651
2026-08-13 13:46:00+00:00,KXBTC15M-26AUG131000-00,2026-08-13 14:00:00+00:00,YES,14,0.26,24,6.24,0.33,0.3182047096124829,0.26,0.05820470961248292,0.3182047096124829,0,no,0,-6.57,646.918000000001,640.348000000001,0.010000000000000009,0.255,0.0006903704489223855,-0.0012203646188401196
2026-08-13 14:11:00+00:00,KXBTC15M-26AUG131015-15,2026-08-13 14:15:00+00:00,NO,4,0.36,17,6.12,0.28,0.4482906528907189,0.36,0.08829065289071891,0.5517093471092811,1,yes,0,-6.4,640.348000000001,633.948000000001,0.010000000000000009,0.645,0.0006864154661077304,0.00017845812494243773
2026-08-13 14:26:00+00:00,KXBTC15M-26AUG131030-30,2026-08-13 14:30:00+00:00,NO,4,0.19999999999999996,31,6.199999999999998,0.35,0.3273900940302774,0.19999999999999996,0.12739009403027746,0.6726099059697226,0,no,1,24.45,633.948000000001,658.398000000001,0.010000000000000009,0.805,0.0005940839233050133,0.0005314083010117265
2026-08-13 14:48:00+00:00,KXBTC15M-26AUG131100-00,2026-08-13 15:00:00+00:00,NO,12,0.69,9,6.209999999999999,0.14,0.819867652020785,0.69,0.1298676520207851,0.18013234797921496,0,no,1,2.650000000000001,658.398000000001,661.048000000001,0.010000000000000009,0.315,0.00022200069847839036,-0.0007033107091810598
2026-08-13 15:07:00+00:00,KXBTC15M-26AUG131115-15,2026-08-13 15:15:00+00:00,NO,8,0.63,10,6.3,0.17,0.6920551116364483,0.63,0.06205511163644828,0.3079448883635517,0,no,1,3.5300000000000002,661.048000000001,664.578000000001,0.010000000000000009,0.375,0.0002792333456096436,-0.00039614715550517765
2026-08-13 15:16:00+00:00,KXBTC15M-26AUG131130-30,2026-08-13 15:30:00+00:00,NO,14,0.6,11,6.6,0.19,0.6792526525351512,0.6,0.07925265253515124,0.3207473474648488,0,no,1,4.21,664.578000000001,668.788000000001,0.009999999999999953,0.405,0.00022634298679770104,-0.00039424638642771015
2026-08-13 15:33:00+00:00,KXBTC15M-26AUG131145-45,2026-08-13 15:45:00+00:00,NO,12,0.31000000000000005,21,6.510000000000002,0.32,0.4256785415135944,0.31000000000000005,0.11567854151359436,0.5743214584864056,1,yes,0,-6.830000000000002,668.788000000001,661.958000000001,0.010000000000000009,0.695,0.000755792910649526,0.0004907268515852437
2026-08-13 15:48:00+00:00,KXBTC15M-26AUG131200-00,2026-08-13 16:00:00+00:00,NO,12,0.77,8,6.16,0.1,0.82857179553077,0.77,0.058571795530769966,0.17142820446923002,0,no,1,1.7399999999999998,661.958000000001,663.698000000001,0.009999999999999981,0.235,0.0003194201251093674,-0.00104900860127366
2026-08-13 16:07:00+00:00,KXBTC15M-26AUG131215-15,2026-08-13 16:15:00+00:00,NO,8,0.45999999999999996,14,6.4399999999999995,0.25,0.5293059279359635,0.45999999999999996,0.06930592793596357,0.4706940720640365,1,yes,0,-6.6899999999999995,663.698000000001,657.008000000001,0.010000000000000009,0.545,0.000452841505058542,-9.41688651232564e-05
2026-08-13 16:16:00+00:00,KXBTC15M-26AUG131230-30,2026-08-13 16:30:00+00:00,NO,14,0.51,12,6.12,0.21,0.6635916459584335,0.51,0.15359164595843344,0.33640835404156655,0,no,1,5.67,657.008000000001,662.6780000000009,0.010000000000000009,0.495,9.37391931005783e-05,-0.00014810139220033935
2026-08-13 16:31:00+00:00,KXBTC15M-26AUG131245-45,2026-08-13 16:45:00+00:00,NO,14,0.28,23,6.44,0.33,0.4142751963083432,0.28,0.13427519630834317,0.5857248036916568,0,no,1,16.23,662.6780000000009,678.9080000000009,0.010000000000000009,0.725,0.0008813204431623874,0.0007143867993069097
2026-08-13 16:46:00+00:00,KXBTC15M-26AUG131300-00,2026-08-13 17:00:00+00:00,NO,14,0.42000000000000004,16,6.720000000000001,0.28,0.48343796175015163,0.42000000000000004,0.0634379617501516,0.5165620382498484,1,yes,0,-7.000000000000001,678.9080000000009,671.9080000000009,0.010000000000000009,0.585,0.0013090029983228613,0.00020341236569065835
2026-08-13 17:09:00+00:00,KXBTC15M-26AUG131315-15,2026-08-13 17:15:00+00:00,NO,6,0.64,10,6.4,0.17,0.8050127554974075,0.64,0.16501275549740746,0.19498724450259253,1,yes,0,-6.57,671.9080000000009,665.3380000000009,0.010000000000000009,0.365,0.0002630619165338296,-0.0005537858787613148
2026-08-13 17:20:00+00:00,KXBTC15M-26AUG131330-30,2026-08-13 17:30:00+00:00,YES,10,0.34,19,6.460000000000001,0.3,0.3962678856613885,0.34,0.05626788566138846,0.3962678856613885,1,yes,1,12.239999999999998,665.3380000000009,677.5780000000009,0.010000000000000009,0.335,0.0007546860500911502,-0.0006275054439031091
2026-08-13 17:33:00+00:00,KXBTC15M-26AUG131345-45,2026-08-13 17:45:00+00:00,NO,12,0.24,28,6.72,0.36,0.29119010652913446,0.24,0.05119010652913447,0.7088098934708655,1,yes,0,-7.08,677.5780000000009,670.4980000000008,0.010000000000000009,0.765,0.0005353801877230946,0.0010203919978200027
2026-08-13 17:50:00+00:00,KXBTC15M-26AUG131400-00,2026-08-13 18:00:00+00:00,NO,10,0.33999999999999997,19,6.459999999999999,0.3,0.40059876434105135,0.33999999999999997,0.06059876434105138,0.5994012356589487,0,no,1,12.24,670.4980000000008,682.7380000000009,0.010000000000000009,0.665,0.0005310677571569803,0.0004229541709916962
2026-08-13 18:03:00+00:00,KXBTC15M-26AUG131415-15,2026-08-13 18:15:00+00:00,NO,12,0.19999999999999996,34,6.799999999999999,0.39,0.3334469360983574,0.19999999999999996,0.13344693609835745,0.6665530639016426,1,yes,0,-7.189999999999999,682.7380000000009,675.5480000000008,0.010000000000000009,0.805,0.0007695871049518509,0.0011481136332907038
2026-08-13 18:16:00+00:00,KXBTC15M-26AUG131430-30,2026-08-13 18:30:00+00:00,YES,14,0.58,11,6.38,0.19,0.6516121403188478,0.58,0.07161214031884788,0.6516121403188478,0,no,0,-6.57,675.5480000000008,668.9780000000007,0.010000000000000009,0.575,0.00014998937659820962,0.00021871386113736513
2026-08-13 18:37:00+00:00,KXBTC15M-26AUG131445-45,2026-08-13 18:45:00+00:00,NO,8,0.31000000000000005,21,6.510000000000002,0.32,0.3936033128913464,0.31000000000000005,0.08360331289134637,0.6063966871086536,1,yes,0,-6.830000000000002,668.9780000000007,662.1480000000007,0.010000000000000009,0.695,0.00047120537947070224,0.00035983231084801837
2026-08-13 18:50:00+00:00,KXBTC15M-26AUG131500-00,2026-08-13 19:00:00+00:00,YES,10,0.59,11,6.489999999999999,0.19,0.7155276868145009,0.59,0.12552768681450088,0.7155276868145009,1,yes,1,4.32,662.1480000000007,666.4680000000008,0.010000000000000009,0.585,9.469892245738464e-05,0.00017059135008401505
2026-08-13 19:26:00+00:00,KXBTC15M-26AUG131530-30,2026-08-13 19:30:00+00:00,NO,4,0.39,17,6.63,0.29,0.4463975575272101,0.39,0.056397557527210096,0.5536024424727899,1,yes,0,-6.92,666.4680000000008,659.5480000000008,0.010000000000000009,0.615,0.00030690598718349777,8.272578297430222e-05
2026-08-13 19:35:00+00:00,KXBTC15M-26AUG131545-45,2026-08-13 19:45:00+00:00,NO,10,0.54,12,6.48,0.21,0.607025276601327,0.54,0.06702527660132696,0.392974723398673,0,no,1,5.31,659.5480000000008,664.8580000000007,0.009999999999999953,0.46499999999999997,0.00012902688119692017,-0.00011080124293116889
2026-08-13 19:50:00+00:00,KXBTC15M-26AUG131600-00,2026-08-13 20:00:00+00:00,NO,10,0.31999999999999995,20,6.399999999999999,0.31,0.4175182956612492,0.31999999999999995,0.09751829566124925,0.5824817043387508,1,yes,0,-6.709999999999998,664.8580000000007,658.1480000000007,0.009999999999999898,0.685,0.0004556659876670848,0.00030011606803426183
2026-08-13 20:01:00+00:00,KXBTC15M-26AUG131615-15,2026-08-13 20:15:00+00:00,NO,14,0.6,10,6.0,0.17,0.6604220108343689,0.6,0.06042201083436893,0.3395779891656311,1,yes,0,-6.17,658.1480000000007,651.9780000000007,0.009999999999999953,0.405,0.00021180892004098786,-0.0003277430721650987
2026-08-13 20:18:00+00:00,KXBTC15M-26AUG131630-30,2026-08-13 20:30:00+00:00,YES,12,0.72,9,6.4799999999999995,0.13,0.9495373857441967,0.72,0.2295373857441967,0.9495373857441967,1,yes,1,2.3900000000000006,651.9780000000007,654.3680000000007,0.010000000000000009,0.715,9.550771619571466e-05,0.000542865969249462
2026-08-13 20:37:00+00:00,KXBTC15M-26AUG131645-45,2026-08-13 20:45:00+00:00,NO,8,0.5700000000000001,11,6.2700000000000005,0.19,0.6346099409948911,0.5700000000000001,0.06460994099489104,0.36539005900510896,0,no,1,4.539999999999999,654.3680000000007,658.9080000000007,0.010000000000000009,0.435,0.00014994890753460935,-0.00014592379622724305
2026-08-13 20:46:00+00:00,KXBTC15M-26AUG131700-00,2026-08-13 21:00:00+00:00,NO,14,0.63,10,6.3,0.17,0.6817351859360189,0.63,0.05173518593601889,0.3182648140639811,0,no,1,3.5300000000000002,658.9080000000007,662.4380000000007,0.010000000000000009,0.375,0.0001688324754303679,-0.00029847565908114326
2026-08-13 21:01:00+00:00,KXBTC15M-26AUG131715-15,2026-08-13 21:15:00+00:00,NO,14,0.55,12,6.6000000000000005,0.21,0.6834711973233183,0.55,0.13347119732331825,0.3165288026766817,1,yes,0,-6.8100000000000005,662.4380000000007,655.6280000000007,0.010000000000000009,0.455,0.00015280467734604534,-0.0002729285645394208
2026-08-13 21:16:00+00:00,KXBTC15M-26AUG131730-30,2026-08-13 21:30:00+00:00,NO,14,0.5700000000000001,11,6.2700000000000005,0.19,0.6527672966762412,0.5700000000000001,0.08276729667624116,0.3472327033237587,1,yes,0,-6.460000000000001,655.6280000000007,649.1680000000007,0.010000000000000009,0.435,0.00019510138219664831,-0.00028670566200283965
2026-08-13 21:35:00+00:00,KXBTC15M-26AUG131745-45,2026-08-13 21:45:00+00:00,YES,10,0.66,9,5.94,0.15,0.8577970493954281,0.66,0.19779704939542808,0.8577970493954281,1,yes,1,2.9099999999999997,649.1680000000007,652.0780000000007,0.010000000000000009,0.655,0.00011761171870950441,0.00039821101649817336
2026-08-13 21:46:00+00:00,KXBTC15M-26AUG131800-00,2026-08-13 22:00:00+00:00,NO,14,0.47,13,6.109999999999999,0.23,0.6115460034076549,0.47,0.14154600340765489,0.38845399659234514,1,yes,0,-6.34,652.0780000000007,645.7380000000006,0.010000000000000009,0.535,0.00019375225151535853,-0.000205395302347533
2026-08-13 22:01:00+00:00,KXBTC15M-26AUG131815-15,2026-08-13 22:15:00+00:00,YES,14,0.61,10,6.1,0.17,0.6707265359398005,0.61,0.060726535939800486,0.6707265359398005,1,yes,1,3.7300000000000004,645.7380000000006,649.4680000000006,0.010000000000000009,0.605,0.00015238091699647515,0.0002519957416189378
2026-08-13 22:28:00+00:00,KXBTC15M-26AUG131830-30,2026-08-13 22:30:00+00:00,YES,2,0.18,36,6.4799999999999995,0.38,0.2692352273820001,0.18,0.08923522738200013,0.2692352273820001,1,yes,1,29.14,649.4680000000006,678.6080000000006,0.009999999999999981,0.175,0.0004253433021288101,-0.00036994696272918404
2026-08-13 22:31:00+00:00,KXBTC15M-26AUG131845-45,2026-08-13 22:45:00+00:00,YES,14,0.33,20,6.6000000000000005,0.31,0.38647924080198676,0.33,0.05647924080198674,0.38647924080198676,0,no,0,-6.91,678.6080000000006,671.6980000000007,0.010000000000000009,0.325,0.0004517659971326976,-0.0004875603668643702
2026-08-13 22:48:00+00:00,KXBTC15M-26AUG131900-00,2026-08-13 23:00:00+00:00,NO,12,0.64,10,6.4,0.17,0.8024856000942202,0.64,0.1624856000942202,0.1975143999057798,0,no,1,3.4299999999999997,671.6980000000007,675.1280000000006,0.010000000000000009,0.365,0.000150498370870334,-0.00044332000223634704
2026-08-13 23:01:00+00:00,KXBTC15M-26AUG131915-15,2026-08-13 23:15:00+00:00,NO,14,0.48,14,6.72,0.25,0.6008878013943639,0.48,0.12088780139436395,0.3991121986056361,0,no,1,7.03,675.1280000000006,682.1580000000006,0.010000000000000009,0.525,5.2216997737751775e-05,-4.994633526256287e-05
2026-08-13 23:18:00+00:00,KXBTC15M-26AUG131930-30,2026-08-13 23:30:00+00:00,NO,12,0.51,13,6.63,0.23,0.6591536612255944,0.51,0.14915366122559437,0.3408463387744057,0,no,1,6.14,682.1580000000006,688.2980000000006,0.010000000000000009,0.495,0.00011054327868325547,-0.0001570493888791713
2026-08-13 23:35:00+00:00,KXBTC15M-26AUG131945-45,2026-08-13 23:45:00+00:00,NO,10,0.41000000000000003,16,6.5600000000000005,0.28,0.5128577011412361,0.41000000000000003,0.10285770114123605,0.48714229885876387,0,no,1,9.16,688.2980000000006,697.4580000000005,0.010000000000000009,0.595,6.49725513322857e-05,-6.62303349130422e-06
2026-08-13 23:46:00+00:00,KXBTC15M-26AUG132000-00,2026-08-14 00:00:00+00:00,NO,14,0.52,13,6.76,0.23,0.7207884105144124,0.52,0.20078841051441243,0.2792115894855875,1,yes,0,-6.99,697.4580000000005,690.4680000000005,0.010000000000000009,0.485,0.0001063386757115421,-0.0002328080850652059
2026-08-14 00:03:00+00:00,KXBTC15M-26AUG132015-15,2026-08-14 00:15:00+00:00,YES,12,0.3,23,6.8999999999999995,0.34,0.36822853130264366,0.3,0.06822853130264367,0.36822853130264366,1,yes,1,15.760000000000002,690.4680000000005,706.2280000000005,0.010000000000000009,0.295,0.00035779203763125467,-0.0004170410049851858
2026-08-14 00:18:00+00:00,KXBTC15M-26AUG132030-30,2026-08-14 00:30:00+00:00,NO,12,0.53,13,6.890000000000001,0.23,0.5903092035459591,0.53,0.060309203545959034,0.40969079645404094,0,no,1,5.879999999999999,706.2280000000005,712.1080000000005,0.010000000000000009,0.475,0.00020067371474261718,-0.00015871920067311862
2026-08-14 00:35:00+00:00,KXBTC15M-26AUG132045-45,2026-08-14 00:45:00+00:00,NO,10,0.6599999999999999,10,6.6,0.16,0.7824923463976794,0.6599999999999999,0.12249234639767947,0.21750765360232055,1,yes,0,-6.76,712.1080000000005,705.3480000000005,0.009999999999999953,0.345,0.0002245479233224369,-0.0005541642294799587
2026-08-14 00:50:00+00:00,KXBTC15M-26AUG132100-00,2026-08-14 01:00:00+00:00,NO,10,0.64,11,7.04,0.18,0.714935130795338,0.64,0.07493513079533798,0.285064869204662,1,yes,0,-7.22,705.3480000000005,698.1280000000005,0.010000000000000009,0.365,0.0002804561913214527,-0.0005034974641592305
2026-08-14 01:01:00+00:00,KXBTC15M-26AUG132115-15,2026-08-14 01:15:00+00:00,NO,14,0.5700000000000001,12,6.840000000000001,0.21,0.6543745490770809,0.5700000000000001,0.08437454907708086,0.3456254509229191,0,no,1,4.949999999999999,698.1280000000005,703.0780000000005,0.010000000000000009,0.435,0.0002274186222856495,-0.00033789366384018305
2026-08-14 01:16:00+00:00,KXBTC15M-26AUG132130-30,2026-08-14 01:30:00+00:00,NO,14,0.5,14,7.0,0.25,0.552203849541535,0.5,0.05220384954153501,0.447796150458465,0,no,1,6.75,703.0780000000005,709.8280000000005,0.010000000000000009,0.505,0.0003222516007592794,-0.00015822034262902296
2026-08-14 01:31:00+00:00,KXBTC15M-26AUG132145-45,2026-08-14 01:45:00+00:00,NO,14,0.5,14,7.0,0.25,0.5832880425744873,0.5,0.0832880425744873,0.4167119574255127,1,yes,0,-7.25,709.8280000000005,702.5780000000005,0.010000000000000009,0.505,0.0002426327440487162,-0.00019091352515909765
2026-08-14 01:52:00+00:00,KXBTC15M-26AUG132200-00,2026-08-14 02:00:00+00:00,NO,8,0.65,10,6.5,0.16,0.8286799848424531,0.65,0.17867998484245307,0.17132001515754697,1,yes,0,-6.66,702.5780000000005,695.9180000000006,0.010000000000000009,0.355,0.00014700191961725776,-0.00039448551765719486
2026-08-14 02:05:00+00:00,KXBTC15M-26AUG132215-15,2026-08-14 02:15:00+00:00,NO,10,0.5700000000000001,12,6.840000000000001,0.21,0.6314321687476157,0.5700000000000001,0.06143216874761559,0.3685678312523844,0,no,1,4.949999999999999,695.9180000000006,700.8680000000006,0.010000000000000009,0.435,0.00028026184522648507,-0.00029742986898129153
2026-08-14 02:20:00+00:00,KXBTC15M-26AUG132230-30,2026-08-14 02:30:00+00:00,NO,10,0.5900000000000001,11,6.490000000000001,0.19,0.6628725503069528,0.5900000000000001,0.07287255030695272,0.3371274496930472,0,no,1,4.3199999999999985,700.8680000000006,705.1880000000007,0.010000000000000009,0.415,0.0003518809018978466,-0.0004675947982284434
2026-08-14 02:31:00+00:00,KXBTC15M-26AUG132245-45,2026-08-14 02:45:00+00:00,YES,14,0.64,11,7.04,0.18,0.7001928979369286,0.64,0.06019289793692861,0.7001928979369286,1,yes,1,3.78,705.1880000000007,708.9680000000006,0.010000000000000009,0.635,0.0001795974758329676,0.00035282816684967244
2026-08-14 02:52:00+00:00,KXBTC15M-26AUG132300-00,2026-08-14 03:00:00+00:00,YES,8,0.7,10,7.0,0.15,0.9140312150798058,0.7,0.21403121507980583,0.9140312150798058,0,no,0,-7.15,708.9680000000006,701.8180000000007,0.010000000000000009,0.695,0.0001092048426091028,0.000422017660446361
2026-08-14 03:01:00+00:00,KXBTC15M-26AUG132315-15,2026-08-14 03:15:00+00:00,NO,14,0.6,11,6.6,0.19,0.6951076790212175,0.6,0.09510767902121753,0.3048923209787825,1,yes,0,-6.79,701.8180000000007,695.0280000000007,0.009999999999999953,0.405,0.00015872933974441633,-0.0003030747899330777
2026-08-14 03:18:00+00:00,KXBTC15M-26AUG132330-30,2026-08-14 03:30:00+00:00,YES,12,0.67,10,6.7,0.16,0.8713230090049515,0.67,0.20132300900495148,0.8713230090049515,0,no,0,-6.86,695.0280000000007,688.1680000000007,0.010000000000000009,0.665,0.00021579111232926374,0.0008470526807491385
2026-08-14 03:31:00+00:00,KXBTC15M-26AUG132345-45,2026-08-14 03:45:00+00:00,NO,14,0.56,12,6.720000000000001,0.21,0.6717369780602551,0.56,0.11173697806025507,0.3282630219397449,0,no,1,5.069999999999999,688.1680000000007,693.2380000000007,0.010000000000000009,0.445,0.00023565736933362327,-0.0003920498101964709
2026-08-14 03:46:00+00:00,KXBTC15M-26AUG140000-00,2026-08-14 04:00:00+00:00,NO,14,0.47,14,6.58,0.25,0.5493144989227791,0.47,0.07931449892277909,0.45068550107722094,0,no,1,7.17,693.2380000000007,700.4080000000007,0.010000000000000009,0.535,0.0002663558137397692,-0.00012350214170397944
2026-08-14 04:01:00+00:00,KXBTC15M-26AUG140015-15,2026-08-14 04:15:00+00:00,NO,14,0.5800000000000001,12,6.960000000000001,0.21,0.7091105584960263,0.5800000000000001,0.12911055849602626,0.29088944150397367,1,yes,0,-7.170000000000001,700.4080000000007,693.2380000000007,0.010000000000000009,0.425,0.00029228965673093194,-0.0006021868758675497
2026-08-14 04:22:00+00:00,KXBTC15M-26AUG140030-30,2026-08-14 04:30:00+00:00,NO,8,0.38,18,6.84,0.3,0.46232350024161606,0.38,0.08232350024161605,0.5376764997583839,1,yes,0,-7.14,693.2380000000007,686.0980000000008,0.010000000000000009,0.625,0.00023250841885416216,6.220206356144509e-05
2026-08-14 04:33:00+00:00,KXBTC15M-26AUG140045-45,2026-08-14 04:45:00+00:00,NO,12,0.56,12,6.720000000000001,0.21,0.6100413155605957,0.56,0.050041315560595656,0.38995868443940435,0,no,1,5.069999999999999,686.0980000000008,691.1680000000008,0.010000000000000009,0.445,0.00023435320411881852,-0.0002268193969887644
2026-08-14 04:46:00+00:00,KXBTC15M-26AUG140100-00,2026-08-14 05:00:00+00:00,NO,14,0.5800000000000001,11,6.380000000000001,0.19,0.7412312113414711,0.5800000000000001,0.161231211341471,0.2587687886585289,0,no,1,4.429999999999999,691.1680000000008,695.5980000000008,0.010000000000000009,0.425,8.510987505875396e-05,-0.00020606363971542585
2026-08-14 05:01:00+00:00,KXBTC15M-26AUG140115-15,2026-08-14 05:15:00+00:00,NO,14,0.35,19,6.6499999999999995,0.31,0.401255008832062,0.35,0.05125500883206202,0.598744991167938,0,no,1,12.040000000000001,695.5980000000008,707.6380000000007,0.010000000000000009,0.655,0.0001941004260939423,0.00018165344440213005
2026-08-14 05:16:00+00:00,KXBTC15M-26AUG140130-30,2026-08-14 05:30:00+00:00,NO,14,0.62,11,6.82,0.19,0.8702173380947187,0.62,0.2502173380947187,0.12978266190528137,0,no,1,3.9899999999999998,707.6380000000007,711.6280000000007,0.010000000000000009,0.385,9.169656735212073e-05,-0.00038673946703926543
2026-08-14 05:31:00+00:00,KXBTC15M-26AUG140145-45,2026-08-14 05:45:00+00:00,NO,14,0.44999999999999996,15,6.749999999999999,0.26,0.5315501084442775,0.44999999999999996,0.08155010844427757,0.4684498915557224,1,yes,0,-7.009999999999999,711.6280000000007,704.6180000000007,0.010000000000000009,0.555,0.00013287782754474635,-3.9359741875966137e-05
2026-08-14 05:46:00+00:00,KXBTC15M-26AUG140200-00,2026-08-14 06:00:00+00:00,NO,14,0.53,13,6.890000000000001,0.23,0.5913851567292461,0.53,0.06138515672924605,0.408614843270754,1,yes,0,-7.120000000000001,704.6180000000007,697.4980000000007,0.010000000000000009,0.475,0.00017706704199901602,-0.00015310395758727502
2026-08-14 06:03:00+00:00,KXBTC15M-26AUG140215-15,2026-08-14 06:15:00+00:00,NO,12,0.7,9,6.3,0.14,0.8406429807178762,0.7,0.1406429807178763,0.15935701928212376,0,no,1,2.56,697.4980000000007,700.0580000000007,0.010000000000000009,0.305,0.00017715579683578507,-0.0006117212616968404
2026-08-14 06:16:00+00:00,KXBTC15M-26AUG140230-30,2026-08-14 06:30:00+00:00,NO,14,0.5800000000000001,12,6.960000000000001,0.21,0.6328391509623434,0.5800000000000001,0.05283915096234337,0.3671608490376565,0,no,1,4.829999999999999,700.0580000000007,704.8880000000007,0.010000000000000009,0.425,0.00023166068497213214,-0.0002941316466833488
2026-08-14 06:35:00+00:00,KXBTC15M-26AUG140245-45,2026-08-14 06:45:00+00:00,NO,10,0.28,25,7.000000000000001,0.36,0.33141358852787484,0.28,0.05141358852787481,0.6685864114721252,0,no,1,17.64,704.8880000000007,722.5280000000007,0.010000000000000009,0.725,0.0002618001128616482,0.00036103376370655305
2026-08-14 06:46:00+00:00,KXBTC15M-26AUG140300-00,2026-08-14 07:00:00+00:00,NO,14,0.45999999999999996,15,6.8999999999999995,0.27,0.5644452992602108,0.45999999999999996,0.10444529926021084,0.4355547007397892,0,no,1,7.830000000000002,722.5280000000007,730.3580000000007,0.010000000000000009,0.545,0.0001330997171575075,-8.079917033509965e-05
2026-08-14 07:16:00+00:00,KXBTC15M-26AUG140330-30,2026-08-14 07:30:00+00:00,NO,14,0.47,15,7.05,0.27,0.5588099859846797,0.47,0.0888099859846797,0.4411900140153203,1,yes,0,-7.32,730.3580000000007,723.0380000000007,0.010000000000000009,0.535,0.00016427324240100407,-9.093566611095838e-05
2026-08-14 07:31:00+00:00,KXBTC15M-26AUG140345-45,2026-08-14 07:45:00+00:00,NO,14,0.52,13,6.76,0.23,0.5818731552140388,0.52,0.0618731552140388,0.4181268447859612,0,no,1,6.01,723.0380000000007,729.0480000000007,0.010000000000000009,0.485,6.462096012834115e-05,-4.997368845638395e-05
2026-08-14 07:54:00+00:00,KXBTC15M-26AUG140400-00,2026-08-14 08:00:00+00:00,NO,6,0.85,8,6.8,0.08,0.90131324391821,0.85,0.051313243918210016,0.09868675608179,0,no,1,1.12,729.0480000000007,730.1680000000007,0.010000000000000009,0.155,0.00022519086760681018,-0.0007108021596948788
2026-08-14 08:01:00+00:00,KXBTC15M-26AUG140415-15,2026-08-14 08:15:00+00:00,NO,14,0.43000000000000005,16,6.880000000000001,0.28,0.5008508679672128,0.43000000000000005,0.07085086796721274,0.49914913203278727,0,no,1,8.84,730.1680000000007,739.0080000000007,0.010000000000000009,0.575,0.00023920758053061803,-1.908934289751585e-06
2026-08-14 08:16:00+00:00,KXBTC15M-26AUG140430-30,2026-08-14 08:30:00+00:00,NO,14,0.31999999999999995,23,7.3599999999999985,0.36,0.40258555413176556,0.31999999999999995,0.0825855541317656,0.5974144458682344,0,no,1,15.280000000000001,739.0080000000007,754.2880000000007,0.009999999999999898,0.685,0.00039059930063270405,0.000360556287753111
2026-08-14 08:31:00+00:00,KXBTC15M-26AUG140445-45,2026-08-14 08:45:00+00:00,NO,14,0.56,13,7.280000000000001,0.23,0.6787618123699841,0.56,0.11876181236998407,0.32123818763001594,1,yes,0,-7.510000000000002,754.2880000000007,746.7780000000007,0.010000000000000009,0.445,0.00027524533174697947,-0.00047799348602328706
2026-08-14 08:52:00+00:00,KXBTC15M-26AUG140500-00,2026-08-14 09:00:00+00:00,YES,8,0.925,8,7.4,0.04,0.9815558902617798,0.925,0.05655589026177976,0.9815558902617798,1,yes,1,0.5599999999999996,746.7780000000007,747.3380000000006,0.0010000000000000009,0.9245000000000001,0.0002033327356349858,0.0012009784357616127
2026-08-14 09:03:00+00:00,KXBTC15M-26AUG140515-15,2026-08-14 09:15:00+00:00,NO,12,0.72,10,7.199999999999999,0.15,0.7701006431597224,0.72,0.0501006431597224,0.22989935684027757,0,no,1,2.650000000000001,747.3380000000006,749.9880000000006,0.009999999999999953,0.28500000000000003,0.0002699862563097528,-0.00069108489353642
2026-08-14 09:16:00+00:00,KXBTC15M-26AUG140530-30,2026-08-14 09:30:00+00:00,NO,14,0.52,14,7.28,0.25,0.5782961250621823,0.52,0.05829612506218229,0.4217038749378177,0,no,1,6.47,749.9880000000006,756.4580000000007,0.010000000000000009,0.485,0.0003001148452690953,-0.00022179441393332944
2026-08-14 09:35:00+00:00,KXBTC15M-26AUG140545-45,2026-08-14 09:45:00+00:00,NO,10,0.36,21,7.56,0.34,0.4571187869353637,0.36,0.09711878693536369,0.5428812130646363,0,no,1,13.100000000000001,756.4580000000007,769.5580000000007,0.010000000000000009,0.645,0.00029107656305441183,9.913445421139144e-05
2026-08-14 09:46:00+00:00,KXBTC15M-26AUG140600-00,2026-08-14 10:00:00+00:00,YES,14,0.63,12,7.5600000000000005,0.2,0.6998066753690947,0.63,0.06980667536909468,0.6998066753690947,1,yes,1,4.239999999999999,769.5580000000007,773.7980000000007,0.010000000000000009,0.625,0.00012179629669926749,0.00023875495272984715
2026-08-14 10:01:00+00:00,KXBTC15M-26AUG140615-15,2026-08-14 10:15:00+00:00,NO,14,0.63,12,7.5600000000000005,0.2,0.7479789388124556,0.63,0.11797893881245558,0.25202106118754447,1,yes,0,-7.760000000000001,773.7980000000007,766.0380000000007,0.010000000000000009,0.375,0.00021775390003624876,-0.0005442286181041034
2026-08-14 10:16:00+00:00,KXBTC15M-26AUG140630-30,2026-08-14 10:30:00+00:00,NO,14,0.48,15,7.199999999999999,0.27,0.5377770052903894,0.48,0.05777700529038943,0.4622229947096106,1,yes,0,-7.469999999999999,766.0380000000007,758.5680000000007,0.010000000000000009,0.525,0.00017550154213091137,-6.227295654315235e-05
2026-08-14 10:31:00+00:00,KXBTC15M-26AUG140645-45,2026-08-14 10:45:00+00:00,NO,14,0.27,28,7.5600000000000005,0.39,0.37943208259567873,0.27,0.10943208259567871,0.6205679174043213,0,no,1,20.049999999999997,758.5680000000007,778.6180000000006,0.010000000000000009,0.735,0.0004750442572002764,0.0005457783534881244
2026-08-14 10:46:00+00:00,KXBTC15M-26AUG140700-00,2026-08-14 11:00:00+00:00,NO,14,0.35,22,7.699999999999999,0.36,0.41025405519730596,0.35,0.06025405519730598,0.589745944802694,0,no,1,13.940000000000001,778.6180000000006,792.5580000000007,0.010000000000000009,0.655,0.00022486224624936342,0.00019091508514179623
2026-08-14 11:01:00+00:00,KXBTC15M-26AUG140715-15,2026-08-14 11:15:00+00:00,NO,14,0.43999999999999995,18,7.919999999999999,0.32,0.4931462135801552,0.43999999999999995,0.053146213580155255,0.5068537864198448,1,yes,0,-8.239999999999998,792.5580000000007,784.3180000000007,0.009999999999999898,0.565,0.00017600235992814613,1.1314277646334858e-05
2026-08-14 11:16:00+00:00,KXBTC15M-26AUG140730-30,2026-08-14 11:30:00+00:00,NO,14,0.49,16,7.84,0.28,0.6128241612430678,0.49,0.12282416124306783,0.3871758387569321,1,yes,0,-8.12,784.3180000000007,776.1980000000007,0.010000000000000009,0.515,0.00014373009674496757,-0.00015416538792745182
2026-08-14 11:31:00+00:00,KXBTC15M-26AUG140745-45,2026-08-14 11:45:00+00:00,NO,14,0.5,15,7.5,0.27,0.5915688000241273,0.5,0.09156880002412726,0.40843119997587274,0,no,1,7.23,776.1980000000007,783.4280000000007,0.010000000000000009,0.505,0.00021199183906172735,-0.0001836744600981488
2026-08-14 11:50:00+00:00,KXBTC15M-26AUG140800-00,2026-08-14 12:00:00+00:00,NO,10,0.5800000000000001,13,7.540000000000001,0.23,0.6659053815629935,0.5800000000000001,0.08590538156299343,0.3340946184370065,0,no,1,5.229999999999999,783.4280000000007,788.6580000000007,0.010000000000000009,0.425,0.00019920577121969324,-0.00026997926126282046
2026-08-14 12:03:00+00:00,KXBTC15M-26AUG140815-15,2026-08-14 12:15:00+00:00,NO,12,0.51,15,7.65,0.27,0.5613311055006331,0.51,0.051331105500633134,0.43866889449936686,0,no,1,7.08,788.6580000000007,795.7380000000007,0.010000000000000009,0.495,0.00047629601954854423,-0.00025462707881751534
2026-08-14 12:16:00+00:00,KXBTC15M-26AUG140830-30,2026-08-14 12:30:00+00:00,NO,14,0.21999999999999997,36,7.919999999999999,0.44,0.2919772801732037,0.21999999999999997,0.0719772801732037,0.7080227198267963,1,yes,0,-8.36,795.7380000000007,787.3780000000007,0.010000000000000009,0.785,0.00041458611098307716,0.0008498466626065682
2026-08-14 12:37:00+00:00,KXBTC15M-26AUG140845-45,2026-08-14 12:45:00+00:00,NO,8,0.7,11,7.699999999999999,0.17,0.812354514784811,0.7,0.11235451478481107,0.18764548521518898,0,no,1,3.130000000000001,787.3780000000007,790.5080000000007,0.010000000000000009,0.305,0.00025209618207314887,-0.0006319820485259919
2026-08-14 12:46:00+00:00,KXBTC15M-26AUG140900-00,2026-08-14 13:00:00+00:00,NO,14,0.45999999999999996,17,7.819999999999999,0.3,0.5457911453063622,0.45999999999999996,0.08579114530636223,0.45420885469363775,0,no,1,8.879999999999999,790.5080000000007,799.3880000000007,0.010000000000000009,0.545,0.00016266977025972276,-7.001387199678799e-05
2026-08-14 13:01:00+00:00,KXBTC15M-26AUG140915-15,2026-08-14 13:15:00+00:00,NO,14,0.6,13,7.8,0.22,0.6862631274343912,0.6,0.08626312743439124,0.3137368725656088,0,no,1,4.98,799.3880000000007,804.3680000000007,0.009999999999999953,0.405,0.0002193690815551786,-0.0003982450413227978
2026-08-14 13:16:00+00:00,KXBTC15M-26AUG140930-30,2026-08-14 13:30:00+00:00,NO,14,0.54,14,7.5600000000000005,0.25,0.6261969938630982,0.54,0.0861969938630982,0.37380300613690176,1,yes,0,-7.8100000000000005,804.3680000000007,796.5580000000008,0.009999999999999953,0.46499999999999997,0.0003069139921491054,-0.00036947350504545895
2026-08-14 13:31:00+00:00,KXBTC15M-26AUG140945-45,2026-08-14 13:45:00+00:00,NO,14,0.56,14,7.840000000000001,0.25,0.6134973674200279,0.56,0.053497367420027864,0.3865026325799721,0,no,1,5.909999999999999,796.5580000000008,802.4680000000008,0.010000000000000009,0.445,0.00026997370706261924,-0.0002913311521500761
2026-08-14 13:50:00+00:00,KXBTC15M-26AUG141000-00,2026-08-14 14:00:00+00:00,NO,10,0.6,13,7.8,0.22,0.8442073666577554,0.6,0.24420736665775544,0.15579263334224458,0,no,1,4.98,802.4680000000008,807.4480000000008,0.009999999999999953,0.405,0.00019402244059876276,-0.0006206621908305676
2026-08-14 14:07:00+00:00,KXBTC15M-26AUG141015-15,2026-08-14 14:15:00+00:00,YES,8,0.71,11,7.81,0.16,0.8370817110150681,0.71,0.12708171101506816,0.8370817110150681,0,no,0,-7.97,807.4480000000008,799.4780000000007,0.010000000000000009,0.705,0.0003489833515485534,0.0009703047127533893
2026-08-14 14:16:00+00:00,KXBTC15M-26AUG141030-30,2026-08-14 14:30:00+00:00,NO,14,0.35,22,7.699999999999999,0.36,0.4012922656070106,0.35,0.05129226560701061,0.5987077343929894,1,yes,0,-8.059999999999999,799.4780000000007,791.4180000000008,0.010000000000000009,0.655,0.0006549419744918889,0.000612838756095746
2026-08-14 15:01:00+00:00,KXBTC15M-26AUG141115-15,2026-08-14 15:15:00+00:00,NO,14,0.31999999999999995,24,7.679999999999999,0.37,0.39940256901367843,0.31999999999999995,0.07940256901367848,0.6005974309863216,1,yes,0,-8.049999999999999,791.4180000000008,783.3680000000008,0.009999999999999898,0.685,0.0008213444782012569,0.0007836438206976215
2026-08-14 15:16:00+00:00,KXBTC15M-26AUG141130-30,2026-08-14 15:30:00+00:00,NO,14,0.54,14,7.5600000000000005,0.25,0.6946715555447999,0.54,0.15467155554479983,0.30532844445520013,1,yes,0,-7.8100000000000005,783.3680000000008,775.5580000000009,0.009999999999999953,0.46499999999999997,0.00011231653334285668,-0.0002139415147761614
2026-08-14 15:37:00+00:00,KXBTC15M-26AUG141145-45,2026-08-14 15:45:00+00:00,YES,8,0.932,8,7.456,0.04,0.9854390432175075,0.932,0.053439043217507476,0.9854390432175075,1,yes,1,0.5039999999999996,775.5580000000009,776.0620000000009,0.0010000000000000009,0.9315,0.00031581920173679524,0.001950869275020306
2026-08-14 15:46:00+00:00,KXBTC15M-26AUG141200-00,2026-08-14 16:00:00+00:00,YES,14,0.59,13,7.67,0.23,0.9077186211113784,0.59,0.3177186211113784,0.9077186211113784,1,yes,1,5.1,776.0620000000009,781.162000000001,0.010000000000000009,0.585,8.111080101868986e-05,0.00040276115500592624
2026-08-14 16:11:00+00:00,KXBTC15M-26AUG141215-15,2026-08-14 16:15:00+00:00,NO,4,0.09999999999999998,78,7.799999999999998,0.5,0.15849196983073732,0.09999999999999998,0.058491969830737345,0.8415080301692627,1,yes,0,-8.299999999999997,781.162000000001,772.862000000001,0.0010000000000000009,0.9005000000000001,0.0004821462232273114,0.0009654090873341126
2026-08-14 16:20:00+00:00,KXBTC15M-26AUG141230-30,2026-08-14 16:30:00+00:00,YES,10,0.64,12,7.68,0.2,0.732874622860876,0.64,0.092874622860876,0.732874622860876,1,yes,1,4.12,772.862000000001,776.982000000001,0.010000000000000009,0.635,0.00018215727230875726,0.00035808536914005984
