timestamp,ticker,close_time,side,minutes_remaining,entry_price,contracts,stake,fees,model_probability,market_probability,edge,p_yes,y,result,won,profit_loss,bankroll_before,bankroll,spread,mid,rv_5m,dist_pct
2026-08-06 05:18:00+00:00,KXBTC15M-26AUG060130-30,2026-08-06 05:30:00+00:00,YES,12,0.74,13,9.62,0.18,0.9629629629629629,0.74,0.22296296296296292,0.9629629629629629,0,no,0,-9.799999999999999,1000.0,990.2,0.010000000000000009,0.735,0.0003981767178246571,0.0008677265841021686
2026-08-06 05:31:00+00:00,KXBTC15M-26AUG060145-45,2026-08-06 05:45:00+00:00,YES,14,0.58,17,9.86,0.29,0.7578947368421053,0.58,0.17789473684210533,0.7578947368421053,1,yes,1,6.8500000000000005,990.2,997.0500000000001,0.010000000000000009,0.575,0.000348020778742698,0.00015084105455476227
2026-08-06 05:46:00+00:00,KXBTC15M-26AUG060200-00,2026-08-06 06:00:00+00:00,YES,14,0.6,16,9.6,0.27,0.8656126482213439,0.6,0.2656126482213439,0.8656126482213439,0,no,0,-9.87,997.0500000000001,987.1800000000001,0.010000000000000009,0.595,0.00012745578834569271,0.0001750512892566558
2026-08-06 06:01:00+00:00,KXBTC15M-26AUG060215-15,2026-08-06 06:15:00+00:00,NO,14,0.6599999999999999,14,9.239999999999998,0.22,0.8623853211009174,0.6599999999999999,0.20238532110091745,0.13761467889908258,0,no,1,4.540000000000002,987.1800000000001,991.72,0.009999999999999953,0.345,0.0003717577534722948,-0.00045545487804043994
2026-08-06 06:16:00+00:00,KXBTC15M-26AUG060230-30,2026-08-06 06:30:00+00:00,NO,14,0.5900000000000001,16,9.440000000000001,0.28,0.8623853211009174,0.5900000000000001,0.2723853211009173,0.13761467889908258,1,yes,0,-9.72,991.72,982.0,0.010000000000000009,0.415,0.0001145200117168264,-0.0003709597103146445
2026-08-06 06:31:00+00:00,KXBTC15M-26AUG060245-45,2026-08-06 06:45:00+00:00,NO,14,0.61,16,9.76,0.27,0.7445255474452555,0.61,0.13452554744525547,0.25547445255474455,1,yes,0,-10.03,982.0,971.97,0.010000000000000009,0.395,0.00019431294444039374,-0.00027482376540044484
2026-08-06 09:01:00+00:00,KXBTC15M-26AUG060515-15,2026-08-06 09:15:00+00:00,NO,14,0.69,14,9.66,0.21,0.8623853211009174,0.69,0.17238532110091742,0.13761467889908258,0,no,1,4.13,971.97,976.1,0.010000000000000009,0.315,0.00019823356184967494,-0.0004676417783828768
2026-08-06 09:16:00+00:00,KXBTC15M-26AUG060530-30,2026-08-06 09:30:00+00:00,YES,14,0.62,15,9.3,0.25,0.8656126482213439,0.62,0.24561264822134388,0.8656126482213439,0,no,0,-9.55,976.1,966.5500000000001,0.010000000000000009,0.615,0.0002396522423487742,0.00021559771413892648
2026-08-06 09:31:00+00:00,KXBTC15M-26AUG060545-45,2026-08-06 09:45:00+00:00,NO,14,0.7,13,9.1,0.2,0.8623853211009174,0.7,0.1623853211009174,0.13761467889908258,0,no,1,3.7,966.5500000000001,970.2500000000001,0.010000000000000009,0.305,0.00035429267437314975,-0.0005792544935906419
2026-08-06 09:46:00+00:00,KXBTC15M-26AUG060600-00,2026-08-06 10:00:00+00:00,NO,14,0.61,15,9.15,0.25,0.8623853211009174,0.61,0.2523853211009174,0.13761467889908258,1,yes,0,-9.4,970.2500000000001,960.8500000000001,0.010000000000000009,0.395,0.00012079654475190282,-0.0003748689235674174
2026-08-06 10:01:00+00:00,KXBTC15M-26AUG060615-15,2026-08-06 10:15:00+00:00,NO,14,0.77,12,9.24,0.15,0.8623853211009174,0.77,0.09238532110091735,0.13761467889908258,0,no,1,2.61,960.8500000000001,963.4600000000002,0.009999999999999981,0.235,0.00027640803078921483,-0.0006887778116673182
2026-08-06 10:16:00+00:00,KXBTC15M-26AUG060630-30,2026-08-06 10:30:00+00:00,NO,14,0.6,16,9.6,0.27,0.8623853211009174,0.6,0.2623853211009174,0.13761467889908258,1,yes,0,-9.87,963.4600000000002,953.5900000000001,0.009999999999999953,0.405,0.00019264734153657712,-0.00035962929517618925
2026-08-06 10:31:00+00:00,KXBTC15M-26AUG060645-45,2026-08-06 10:45:00+00:00,NO,14,0.6,15,9.0,0.26,0.7445255474452555,0.6,0.14452554744525548,0.25547445255474455,0,no,1,5.74,953.5900000000001,959.3300000000002,0.009999999999999953,0.405,0.00017185592520005684,-0.00029250124313029424
2026-08-06 10:46:00+00:00,KXBTC15M-26AUG060700-00,2026-08-06 11:00:00+00:00,NO,14,0.5800000000000001,16,9.280000000000001,0.28,0.7445255474452555,0.5800000000000001,0.16452554744525538,0.25547445255474455,0,no,1,6.439999999999999,959.3300000000002,965.7700000000002,0.010000000000000009,0.425,7.868063983495649e-05,-0.0002476512624173255
2026-08-06 11:01:00+00:00,KXBTC15M-26AUG060715-15,2026-08-06 11:15:00+00:00,NO,14,0.6,16,9.6,0.27,0.8623853211009174,0.6,0.2623853211009174,0.13761467889908258,0,no,1,6.130000000000001,965.7700000000002,971.9000000000002,0.009999999999999953,0.405,0.0001878987138093041,-0.00041127446598998585
2026-08-06 11:16:00+00:00,KXBTC15M-26AUG060730-30,2026-08-06 11:30:00+00:00,YES,14,0.83,11,9.129999999999999,0.11,0.9196428571428571,0.83,0.08964285714285714,0.9196428571428571,1,yes,1,1.760000000000001,971.9000000000002,973.6600000000002,0.010000000000000009,0.825,0.00032091945975672186,0.0006006937974605275
2026-08-06 11:31:00+00:00,KXBTC15M-26AUG060745-45,2026-08-06 11:45:00+00:00,NO,14,0.56,17,9.520000000000001,0.3,0.7692307692307692,0.56,0.2092307692307691,0.23076923076923078,1,yes,0,-9.820000000000002,973.6600000000002,963.8400000000001,0.010000000000000009,0.445,7.856582483298371e-05,-0.0003025206072790887
2026-08-06 11:46:00+00:00,KXBTC15M-26AUG060800-00,2026-08-06 12:00:00+00:00,YES,14,0.55,17,9.350000000000001,0.3,0.7045454545454546,0.55,0.15454545454545454,0.7045454545454546,0,no,0,-9.650000000000002,963.8400000000001,954.1900000000002,0.010000000000000009,0.545,6.0217574526661126e-05,-2.3228426019317183e-06
2026-08-06 12:01:00+00:00,KXBTC15M-26AUG060815-15,2026-08-06 12:15:00+00:00,NO,14,0.65,14,9.1,0.23,0.8623853211009174,0.65,0.21238532110091735,0.13761467889908258,0,no,1,4.67,954.1900000000002,958.8600000000001,0.010000000000000009,0.355,0.00023815607650300917,-0.00045695839200210475
2026-08-06 12:18:00+00:00,KXBTC15M-26AUG060830-30,2026-08-06 12:30:00+00:00,NO,12,0.63,15,9.45,0.25,0.8623853211009174,0.63,0.23238532110091736,0.13761467889908258,1,yes,0,-9.7,958.8600000000001,949.1600000000001,0.010000000000000009,0.375,0.000314054407621634,-0.0004389814946326176
2026-08-06 12:31:00+00:00,KXBTC15M-26AUG060845-45,2026-08-06 12:45:00+00:00,NO,14,0.56,16,8.96,0.28,0.6209150326797386,0.56,0.06091503267973852,0.3790849673202614,0,no,1,6.759999999999999,949.1600000000001,955.9200000000001,0.010000000000000009,0.445,0.0001052158216791406,-0.00016811977572439574
2026-08-06 12:46:00+00:00,KXBTC15M-26AUG060900-00,2026-08-06 13:00:00+00:00,NO,14,0.52,18,9.36,0.32,0.5728476821192052,0.52,0.05284768211920521,0.4271523178807947,0,no,1,8.32,955.9200000000001,964.2400000000001,0.010000000000000009,0.485,0.00018371442421148584,-5.228439358950787e-05
2026-08-06 13:01:00+00:00,KXBTC15M-26AUG060915-15,2026-08-06 13:15:00+00:00,NO,14,0.54,17,9.18,0.3,0.8623853211009174,0.54,0.32238532110091733,0.13761467889908258,0,no,1,7.5200000000000005,964.2400000000001,971.7600000000001,0.009999999999999953,0.46499999999999997,0.00013229580992685276,-0.00039836267347959087
2026-08-06 13:16:00+00:00,KXBTC15M-26AUG060930-30,2026-08-06 13:30:00+00:00,NO,14,0.55,17,9.350000000000001,0.3,0.7445255474452555,0.55,0.1945255474452554,0.25547445255474455,0,no,1,7.349999999999999,971.7600000000001,979.1100000000001,0.010000000000000009,0.455,0.00023977920100140933,-0.0002717399349102534
2026-08-06 13:31:00+00:00,KXBTC15M-26AUG060945-45,2026-08-06 13:45:00+00:00,NO,14,0.72,13,9.36,0.19,0.926829268292683,0.72,0.206829268292683,0.07317073170731707,1,yes,0,-9.549999999999999,979.1100000000001,969.5600000000002,0.009999999999999953,0.28500000000000003,0.0005369607231983024,-0.0010995838692169357
2026-08-06 13:46:00+00:00,KXBTC15M-26AUG061000-00,2026-08-06 14:00:00+00:00,NO,14,0.54,17,9.18,0.3,0.6209150326797386,0.54,0.08091503267973854,0.3790849673202614,1,yes,0,-9.48,969.5600000000002,960.0800000000002,0.009999999999999953,0.46499999999999997,0.00035989474495997476,-0.00017469084072918584
2026-08-06 14:01:00+00:00,KXBTC15M-26AUG061015-15,2026-08-06 14:15:00+00:00,NO,14,0.73,13,9.49,0.18,0.926829268292683,0.73,0.196829268292683,0.07317073170731707,1,yes,0,-9.67,960.0800000000002,950.4100000000002,0.010000000000000009,0.275,0.0007978444353008989,-0.0013263342793989885
2026-08-06 14:16:00+00:00,KXBTC15M-26AUG061030-30,2026-08-06 14:30:00+00:00,NO,14,0.56,16,8.96,0.28,0.8623853211009174,0.56,0.3023853211009173,0.13761467889908258,0,no,1,6.759999999999999,950.4100000000002,957.1700000000002,0.020000000000000018,0.45,0.00040527287175931467,-0.00038826360319799136
2026-08-06 14:31:00+00:00,KXBTC15M-26AUG061045-45,2026-08-06 14:45:00+00:00,NO,14,0.5800000000000001,16,9.280000000000001,0.28,0.8623853211009174,0.5800000000000001,0.2823853211009173,0.13761467889908258,1,yes,0,-9.56,957.1700000000002,947.6100000000002,0.010000000000000009,0.425,0.0004550225274142329,-0.0004234844004410432
2026-08-06 14:46:00+00:00,KXBTC15M-26AUG061100-00,2026-08-06 15:00:00+00:00,NO,14,0.54,17,9.18,0.3,0.6209150326797386,0.54,0.08091503267973854,0.3790849673202614,0,no,1,7.5200000000000005,947.6100000000002,955.1300000000002,0.009999999999999953,0.46499999999999997,0.0012060550581717764,-0.00024124260016888943
2026-08-06 15:01:00+00:00,KXBTC15M-26AUG061115-15,2026-08-06 15:15:00+00:00,YES,14,0.57,16,9.12,0.28,0.8656126482213439,0.57,0.2956126482213439,0.8656126482213439,1,yes,1,6.6000000000000005,955.1300000000002,961.7300000000002,0.009999999999999898,0.565,0.0004132986319506334,0.00018244828919589118
2026-08-06 15:16:00+00:00,KXBTC15M-26AUG061130-30,2026-08-06 15:30:00+00:00,NO,14,0.51,18,9.18,0.32,0.5728476821192052,0.51,0.06284768211920522,0.4271523178807947,0,no,1,8.5,961.7300000000002,970.2300000000002,0.010000000000000009,0.495,0.00040847123419776924,-0.00011803670247112485
2026-08-06 15:31:00+00:00,KXBTC15M-26AUG061145-45,2026-08-06 15:45:00+00:00,YES,14,0.57,17,9.69,0.3,0.7578947368421053,0.57,0.18789473684210534,0.7578947368421053,0,no,0,-9.99,970.2300000000002,960.2400000000002,0.009999999999999898,0.565,0.00037488099291013905,0.00014883121181963332
2026-08-06 15:46:00+00:00,KXBTC15M-26AUG061200-00,2026-08-06 16:00:00+00:00,NO,14,0.55,17,9.350000000000001,0.3,0.7692307692307692,0.55,0.21923076923076912,0.23076923076923078,0,no,1,7.349999999999999,960.2400000000002,967.5900000000003,0.019999999999999962,0.45999999999999996,0.00020018162557860567,-0.00031524155848006163
2026-08-06 16:01:00+00:00,KXBTC15M-26AUG061215-15,2026-08-06 16:15:00+00:00,NO,14,0.65,14,9.1,0.23,0.9186991869918699,0.65,0.2686991869918699,0.08130081300813008,0,no,1,4.67,967.5900000000003,972.2600000000002,0.010000000000000009,0.355,0.00042620843464720546,-0.0008351454462440788
2026-08-06 16:16:00+00:00,KXBTC15M-26AUG061230-30,2026-08-06 16:30:00+00:00,NO,14,0.49,19,9.31,0.34,0.6209150326797386,0.49,0.13091503267973859,0.3790849673202614,1,yes,0,-9.65,972.2600000000002,962.6100000000002,0.010000000000000009,0.515,0.0002364741842649436,-0.00017250229757881375
2026-08-06 16:31:00+00:00,KXBTC15M-26AUG061245-45,2026-08-06 16:45:00+00:00,YES,14,0.67,14,9.38,0.22,0.9196428571428571,0.67,0.24964285714285706,0.9196428571428571,1,yes,1,4.3999999999999995,962.6100000000002,967.0100000000002,0.010000000000000009,0.665,0.0004006960845680226,0.0005868341112382769
2026-08-06 16:46:00+00:00,KXBTC15M-26AUG061300-00,2026-08-06 17:00:00+00:00,NO,14,0.6699999999999999,14,9.379999999999999,0.22,0.8623853211009174,0.6699999999999999,0.19238532110091744,0.13761467889908258,1,yes,0,-9.6,967.0100000000002,957.4100000000002,0.010000000000000009,0.335,0.00031437040105296386,-0.0006383779262274514
2026-08-06 17:01:00+00:00,KXBTC15M-26AUG061315-15,2026-08-06 17:15:00+00:00,YES,14,0.74,12,8.879999999999999,0.17,0.9196428571428571,0.74,0.1796428571428571,0.9196428571428571,0,no,0,-9.049999999999999,957.4100000000002,948.3600000000002,0.010000000000000009,0.735,0.00034083020639595125,0.000707463359750804
2026-08-06 17:16:00+00:00,KXBTC15M-26AUG061330-30,2026-08-06 17:30:00+00:00,NO,14,0.72,13,9.36,0.19,0.9186991869918699,0.72,0.19869918699186995,0.08130081300813008,0,no,1,3.4500000000000006,948.3600000000002,951.8100000000003,0.009999999999999953,0.28500000000000003,0.00029331035489980184,-0.0007988866609121015
2026-08-06 17:31:00+00:00,KXBTC15M-26AUG061345-45,2026-08-06 17:45:00+00:00,NO,14,0.49,19,9.31,0.34,0.5728476821192052,0.49,0.08284768211920523,0.4271523178807947,0,no,1,9.35,951.8100000000003,961.1600000000003,0.010000000000000009,0.515,0.00016263078106463108,-7.85949208497172e-05
2026-08-06 17:46:00+00:00,KXBTC15M-26AUG061400-00,2026-08-06 18:00:00+00:00,YES,14,0.61,15,9.15,0.25,0.7578947368421053,0.61,0.1478947368421053,0.7578947368421053,1,yes,1,5.6,961.1600000000003,966.7600000000003,0.010000000000000009,0.605,0.0003085513049898727,0.000135111056019932
2026-08-06 18:01:00+00:00,KXBTC15M-26AUG061415-15,2026-08-06 18:15:00+00:00,NO,14,0.54,17,9.18,0.3,0.7445255474452555,0.54,0.20452554744525542,0.25547445255474455,0,no,1,7.5200000000000005,966.7600000000003,974.2800000000003,0.009999999999999953,0.46499999999999997,0.0001398454294867812,-0.00028481706659788664
2026-08-06 18:16:00+00:00,KXBTC15M-26AUG061430-30,2026-08-06 18:30:00+00:00,YES,14,0.69,14,9.66,0.21,0.9047619047619048,0.69,0.21476190476190482,0.9047619047619048,0,no,0,-9.870000000000001,974.2800000000003,964.4100000000003,0.009999999999999898,0.685,0.0001188497659856114,0.00037048851912069303
2026-08-06 18:31:00+00:00,KXBTC15M-26AUG061445-45,2026-08-06 18:45:00+00:00,NO,14,0.6,16,9.6,0.27,0.8623853211009174,0.6,0.2623853211009174,0.13761467889908258,0,no,1,6.130000000000001,964.4100000000003,970.5400000000003,0.009999999999999953,0.405,0.00026631335387765993,-0.0003940189780636816
2026-08-06 18:46:00+00:00,KXBTC15M-26AUG061500-00,2026-08-06 19:00:00+00:00,YES,14,0.62,15,9.3,0.25,0.7578947368421053,0.62,0.1378947368421053,0.7578947368421053,0,no,0,-9.55,970.5400000000003,960.9900000000004,0.010000000000000009,0.615,0.00020994393761587172,0.00013159012921781787
2026-08-06 19:01:00+00:00,KXBTC15M-26AUG061515-15,2026-08-06 19:15:00+00:00,YES,14,0.6,16,9.6,0.27,0.7578947368421053,0.6,0.1578947368421053,0.7578947368421053,1,yes,1,6.130000000000001,960.9900000000004,967.1200000000003,0.010000000000000009,0.595,0.00011225842114851623,0.00016936264021749636
2026-08-06 19:16:00+00:00,KXBTC15M-26AUG061530-30,2026-08-06 19:30:00+00:00,NO,14,0.65,14,9.1,0.23,0.8623853211009174,0.65,0.21238532110091735,0.13761467889908258,0,no,1,4.67,967.1200000000003,971.7900000000003,0.010000000000000009,0.355,9.693289513092714e-05,-0.0003394903358624468
2026-08-06 19:31:00+00:00,KXBTC15M-26AUG061545-45,2026-08-06 19:45:00+00:00,NO,14,0.5900000000000001,16,9.440000000000001,0.28,0.7445255474452555,0.5900000000000001,0.15452554744525537,0.25547445255474455,1,yes,0,-9.72,971.7900000000003,962.0700000000003,0.010000000000000009,0.415,0.0003204155504186468,-0.0002577978007470838
2026-08-06 19:46:00+00:00,KXBTC15M-26AUG061600-00,2026-08-06 20:00:00+00:00,YES,14,0.65,14,9.1,0.23,0.8656126482213439,0.65,0.21561264822134385,0.8656126482213439,1,yes,1,4.67,962.0700000000003,966.7400000000002,0.010000000000000009,0.645,0.0002081989953815029,0.000310407506952437
2026-08-06 20:01:00+00:00,KXBTC15M-26AUG061615-15,2026-08-06 20:15:00+00:00,YES,14,0.72,13,9.36,0.19,0.9375,0.72,0.21750000000000003,0.9375,1,yes,1,3.4500000000000006,966.7400000000002,970.1900000000003,0.010000000000000009,0.715,0.0004281650895428372,0.0007326419148196983
2026-08-06 20:18:00+00:00,KXBTC15M-26AUG061630-30,2026-08-06 20:30:00+00:00,NO,12,0.74,13,9.62,0.18,0.8623853211009174,0.74,0.12238532110091738,0.13761467889908258,0,no,1,3.2000000000000006,970.1900000000003,973.3900000000003,0.010000000000000009,0.265,0.00010539413513650408,-0.0003753359023680458
2026-08-06 20:31:00+00:00,KXBTC15M-26AUG061645-45,2026-08-06 20:45:00+00:00,NO,14,0.6,16,9.6,0.27,0.7445255474452555,0.6,0.14452554744525548,0.25547445255474455,0,no,1,6.130000000000001,973.3900000000003,979.5200000000003,0.009999999999999953,0.405,0.000206011483869011,-0.000275192021324866
2026-08-06 20:46:00+00:00,KXBTC15M-26AUG061700-00,2026-08-06 21:00:00+00:00,NO,14,0.63,15,9.45,0.25,0.7445255474452555,0.63,0.11452554744525545,0.25547445255474455,0,no,1,5.300000000000001,979.5200000000003,984.8200000000003,0.010000000000000009,0.375,0.00017591968177720549,-0.0002789661393787224
2026-08-06 21:01:00+00:00,KXBTC15M-26AUG061715-15,2026-08-06 21:15:00+00:00,YES,14,0.7,14,9.799999999999999,0.21,0.8656126482213439,0.7,0.16561264822134392,0.8656126482213439,1,yes,1,3.990000000000001,984.8200000000003,988.8100000000003,0.019999999999999907,0.69,0.00023525479308708817,0.0002669381080937505
2026-08-06 21:16:00+00:00,KXBTC15M-26AUG061730-30,2026-08-06 21:30:00+00:00,YES,14,0.6,16,9.6,0.27,0.8656126482213439,0.6,0.2656126482213439,0.8656126482213439,0,no,0,-9.87,988.8100000000003,978.9400000000003,0.010000000000000009,0.595,0.00023877589216290068,0.00022627945668096672
2026-08-06 21:31:00+00:00,KXBTC15M-26AUG061745-45,2026-08-06 21:45:00+00:00,YES,14,0.64,15,9.6,0.25,0.7578947368421053,0.64,0.11789473684210527,0.7578947368421053,1,yes,1,5.15,978.9400000000003,984.0900000000003,0.010000000000000009,0.635,0.00017061610568351983,0.00012499033459834052
2026-08-06 21:46:00+00:00,KXBTC15M-26AUG061800-00,2026-08-06 22:00:00+00:00,NO,14,0.6599999999999999,14,9.239999999999998,0.22,0.8623853211009174,0.6599999999999999,0.20238532110091745,0.13761467889908258,0,no,1,4.540000000000002,984.0900000000003,988.6300000000002,0.009999999999999953,0.345,0.00022957883587709747,-0.0003452930379670427
2026-08-06 22:01:00+00:00,KXBTC15M-26AUG061815-15,2026-08-06 22:15:00+00:00,NO,14,0.75,13,9.75,0.18,0.9186991869918699,0.75,0.16869918699186992,0.08130081300813008,0,no,1,3.07,988.6300000000002,991.7000000000003,0.010000000000000009,0.255,0.0004350751866710486,-0.0009489083516048824
2026-08-06 22:16:00+00:00,KXBTC15M-26AUG061830-30,2026-08-06 22:30:00+00:00,NO,14,0.52,19,9.88,0.34,0.5728476821192052,0.52,0.05284768211920521,0.4271523178807947,0,no,1,8.78,991.7000000000003,1000.4800000000002,0.010000000000000009,0.485,0.00010610966085595702,-0.00010406286266695375
2026-08-06 22:31:00+00:00,KXBTC15M-26AUG061845-45,2026-08-06 22:45:00+00:00,YES,14,0.65,15,9.75,0.24,0.8656126482213439,0.65,0.21561264822134385,0.8656126482213439,0,no,0,-9.99,1000.4800000000002,990.4900000000002,0.010000000000000009,0.645,0.00018042058929404744,0.0001719878719004253
2026-08-06 22:46:00+00:00,KXBTC15M-26AUG061900-00,2026-08-06 23:00:00+00:00,YES,14,0.76,13,9.88,0.17,0.9047619047619048,0.76,0.14476190476190476,0.9047619047619048,1,yes,1,2.9499999999999993,990.4900000000002,993.4400000000003,0.010000000000000009,0.755,0.00029290322031059974,0.00042916044923257957
2026-08-06 23:01:00+00:00,KXBTC15M-26AUG061915-15,2026-08-06 23:15:00+00:00,NO,14,0.6699999999999999,14,9.379999999999999,0.22,0.7445255474452555,0.6699999999999999,0.07452554744525552,0.25547445255474455,0,no,1,4.400000000000001,993.4400000000003,997.8400000000003,0.010000000000000009,0.335,0.00011281807641937937,-0.00028941530022519313
2026-08-06 23:16:00+00:00,KXBTC15M-26AUG061930-30,2026-08-06 23:30:00+00:00,YES,14,0.53,18,9.540000000000001,0.32,0.5851063829787234,0.53,0.05510638297872339,0.5851063829787234,0,no,0,-9.860000000000001,997.8400000000003,987.9800000000002,0.010000000000000009,0.525,0.00017097216135451179,-2.9088379518982244e-05
2026-08-06 23:31:00+00:00,KXBTC15M-26AUG061945-45,2026-08-06 23:45:00+00:00,YES,14,0.54,18,9.72,0.32,0.7045454545454546,0.54,0.16454545454545455,0.7045454545454546,0,no,0,-10.040000000000001,987.9800000000002,977.9400000000003,0.010000000000000009,0.535,0.00026491958642007387,-1.4019449336988288e-06
2026-08-06 23:46:00+00:00,KXBTC15M-26AUG062000-00,2026-08-07 00:00:00+00:00,NO,14,0.5800000000000001,16,9.280000000000001,0.28,0.7445255474452555,0.5800000000000001,0.16452554744525538,0.25547445255474455,1,yes,0,-9.56,977.9400000000003,968.3800000000003,0.010000000000000009,0.425,0.00014171923910354973,-0.00023935926516704953
2026-08-07 00:01:00+00:00,KXBTC15M-26AUG062015-15,2026-08-07 00:15:00+00:00,YES,14,0.55,17,9.350000000000001,0.3,0.7045454545454546,0.55,0.15454545454545454,0.7045454545454546,0,no,0,-9.650000000000002,968.3800000000003,958.7300000000004,0.010000000000000009,0.545,0.00017351062395389082,2.7699921459900523e-05
2026-08-07 00:16:00+00:00,KXBTC15M-26AUG062030-30,2026-08-07 00:30:00+00:00,NO,14,0.77,12,9.24,0.15,0.9186991869918699,0.77,0.1486991869918699,0.08130081300813008,0,no,1,2.61,958.7300000000004,961.3400000000004,0.009999999999999981,0.235,0.00033832434422446933,-0.0008688298833889885
2026-08-07 00:31:00+00:00,KXBTC15M-26AUG062045-45,2026-08-07 00:45:00+00:00,NO,14,0.76,12,9.120000000000001,0.16,0.8623853211009174,0.76,0.10238532110091736,0.13761467889908258,1,yes,0,-9.280000000000001,961.3400000000004,952.0600000000004,0.010000000000000009,0.245,0.00020256209820394887,-0.000685198421848443
2026-08-07 00:46:00+00:00,KXBTC15M-26AUG062100-00,2026-08-07 01:00:00+00:00,YES,14,0.62,15,9.3,0.25,0.8656126482213439,0.62,0.24561264822134388,0.8656126482213439,0,no,0,-9.55,952.0600000000004,942.5100000000004,0.010000000000000009,0.615,0.000184630229647816,0.00020992750109405378
2026-08-07 01:01:00+00:00,KXBTC15M-26AUG062115-15,2026-08-07 01:15:00+00:00,YES,14,0.85,11,9.35,0.1,0.999999,0.85,0.149999,0.999999,1,yes,1,1.5500000000000003,942.5100000000004,944.0600000000004,0.010000000000000009,0.845,0.0005709108926107916,0.0013355111976101064
2026-08-07 01:16:00+00:00,KXBTC15M-26AUG062130-30,2026-08-07 01:30:00+00:00,NO,14,0.6599999999999999,14,9.239999999999998,0.22,0.8623853211009174,0.6599999999999999,0.20238532110091745,0.13761467889908258,1,yes,0,-9.459999999999999,944.0600000000004,934.6000000000004,0.009999999999999953,0.345,0.00033202098160693325,-0.000440088142035
2026-08-07 01:31:00+00:00,KXBTC15M-26AUG062145-45,2026-08-07 01:45:00+00:00,YES,14,0.52,17,8.84,0.3,0.7578947368421053,0.52,0.23789473684210527,0.7578947368421053,0,no,0,-9.14,934.6000000000004,925.4600000000004,0.010000000000000009,0.515,0.00027078584188782785,0.00011543277113079675
2026-08-07 01:46:00+00:00,KXBTC15M-26AUG062200-00,2026-08-07 02:00:00+00:00,YES,14,0.73,12,8.76,0.17,0.9196428571428571,0.73,0.1896428571428571,0.9196428571428571,1,yes,1,3.0700000000000003,925.4600000000004,928.5300000000004,0.010000000000000009,0.725,0.00024744375844696313,0.0007217590770689508
2026-08-07 02:01:00+00:00,KXBTC15M-26AUG062215-15,2026-08-07 02:15:00+00:00,NO,14,0.56,16,8.96,0.28,0.6209150326797386,0.56,0.06091503267973852,0.3790849673202614,0,no,1,6.759999999999999,928.5300000000004,935.2900000000004,0.010000000000000009,0.445,0.00026426022479013637,-0.00017291458485579891
2026-08-07 02:16:00+00:00,KXBTC15M-26AUG062230-30,2026-08-07 02:30:00+00:00,YES,14,0.8,11,8.8,0.13,0.999999,0.8,0.19999899999999993,0.999999,0,no,0,-8.930000000000001,935.2900000000004,926.3600000000005,0.010000000000000009,0.795,0.000662333117891803,0.0015890220706835656
2026-08-07 02:31:00+00:00,KXBTC15M-26AUG062245-45,2026-08-07 02:45:00+00:00,YES,14,0.56,16,8.96,0.28,0.7045454545454546,0.56,0.14454545454545453,0.7045454545454546,1,yes,1,6.759999999999999,926.3600000000005,933.1200000000005,0.010000000000000009,0.555,0.0003677121971538291,4.979561235352037e-06
2026-08-07 02:46:00+00:00,KXBTC15M-26AUG062300-00,2026-08-07 03:00:00+00:00,YES,14,0.61,15,9.15,0.25,0.7578947368421053,0.61,0.1478947368421053,0.7578947368421053,0,no,0,-9.4,933.1200000000005,923.7200000000005,0.010000000000000009,0.605,0.0007178360001941845,8.826067728873177e-05
2026-08-07 03:01:00+00:00,KXBTC15M-26AUG062315-15,2026-08-07 03:15:00+00:00,NO,14,0.8200000000000001,11,9.020000000000001,0.12,0.926829268292683,0.8200000000000001,0.10682926829268291,0.07317073170731707,0,no,1,1.8599999999999985,923.7200000000005,925.5800000000005,0.010000000000000009,0.185,0.0005305226017414424,-0.001376982112131997
2026-08-07 03:16:00+00:00,KXBTC15M-26AUG062330-30,2026-08-07 03:30:00+00:00,NO,14,0.53,17,9.01,0.3,0.6,0.53,0.06999999999999995,0.4,0,no,1,7.69,925.5800000000005,933.2700000000006,0.010000000000000009,0.475,0.00024492104973648234,-0.00012196774419881429
2026-08-07 03:31:00+00:00,KXBTC15M-26AUG062345-45,2026-08-07 03:45:00+00:00,YES,14,0.67,13,8.71,0.21,0.9047619047619048,0.67,0.23476190476190473,0.9047619047619048,1,yes,1,4.079999999999999,933.2700000000006,937.3500000000006,0.010000000000000009,0.665,0.0003989321231844958,0.0004073852186701199
2026-08-07 03:46:00+00:00,KXBTC15M-26AUG070000-00,2026-08-07 04:00:00+00:00,NO,14,0.56,16,8.96,0.28,0.6209150326797386,0.56,0.06091503267973852,0.3790849673202614,0,no,1,6.759999999999999,937.3500000000006,944.1100000000006,0.010000000000000009,0.445,0.00014009490209448438,-0.00019849977108743477
2026-08-07 04:01:00+00:00,KXBTC15M-26AUG070015-15,2026-08-07 04:15:00+00:00,NO,14,0.6,15,9.0,0.26,0.8095238095238095,0.6,0.20952380952380956,0.19047619047619047,1,yes,0,-9.26,944.1100000000006,934.8500000000006,0.009999999999999953,0.405,0.00016425706695252136,-0.0003278647690158065
2026-08-07 04:16:00+00:00,KXBTC15M-26AUG070030-30,2026-08-07 04:30:00+00:00,YES,14,0.61,15,9.15,0.25,0.8656126482213439,0.61,0.2556126482213439,0.8656126482213439,0,no,0,-9.4,934.8500000000006,925.4500000000006,0.010000000000000009,0.605,0.00018676340693697414,0.0001898817021432908
2026-08-07 04:31:00+00:00,KXBTC15M-26AUG070045-45,2026-08-07 04:45:00+00:00,NO,14,0.51,18,9.18,0.32,0.5728476821192052,0.51,0.06284768211920522,0.4271523178807947,0,no,1,8.5,925.4500000000006,933.9500000000006,0.010000000000000009,0.495,0.00025512632610146543,-8.560716335836993e-05
2026-08-07 04:46:00+00:00,KXBTC15M-26AUG070100-00,2026-08-07 05:00:00+00:00,NO,14,0.71,13,9.23,0.19,0.8623853211009174,0.71,0.1523853211009174,0.13761467889908258,0,no,1,3.5799999999999996,933.9500000000006,937.5300000000007,0.010000000000000009,0.295,0.00020407615887107193,-0.0006105618477346697
2026-08-07 05:01:00+00:00,KXBTC15M-26AUG070115-15,2026-08-07 05:15:00+00:00,YES,14,0.53,17,9.01,0.3,0.5851063829787234,0.53,0.05510638297872339,0.5851063829787234,0,no,0,-9.31,937.5300000000007,928.2200000000007,0.010000000000000009,0.525,0.00023170780876236098,-2.9907515680882568e-05
2026-08-07 05:16:00+00:00,KXBTC15M-26AUG070130-30,2026-08-07 05:30:00+00:00,YES,14,0.56,16,8.96,0.28,0.7424242424242424,0.56,0.18242424242424238,0.7424242424242424,0,no,0,-9.24,928.2200000000007,918.9800000000007,0.010000000000000009,0.555,0.00013387845926315253,9.688793461726242e-05
2026-08-07 05:31:00+00:00,KXBTC15M-26AUG070145-45,2026-08-07 05:45:00+00:00,NO,14,0.49,18,8.82,0.32,0.5728476821192052,0.49,0.08284768211920523,0.4271523178807947,1,yes,0,-9.14,918.9800000000007,909.8400000000007,0.010000000000000009,0.515,7.590924316980365e-05,-4.912183415617388e-05
2026-08-07 05:46:00+00:00,KXBTC15M-26AUG070200-00,2026-08-07 06:00:00+00:00,NO,14,0.62,14,8.68,0.24,0.8623853211009174,0.62,0.24238532110091737,0.13761467889908258,1,yes,0,-8.92,909.8400000000007,900.9200000000008,0.010000000000000009,0.385,0.00032357040726048626,-0.0004176068790222587
2026-08-07 06:01:00+00:00,KXBTC15M-26AUG070215-15,2026-08-07 06:15:00+00:00,NO,14,0.55,16,8.8,0.28,0.6050420168067228,0.55,0.055042016806722716,0.3949579831932773,1,yes,0,-9.08,900.9200000000008,891.8400000000007,0.010000000000000009,0.455,0.00018882353286459264,-0.0001353138932372877
2026-08-07 06:16:00+00:00,KXBTC15M-26AUG070230-30,2026-08-07 06:30:00+00:00,YES,14,0.67,13,8.71,0.21,0.9047619047619048,0.67,0.23476190476190473,0.9047619047619048,1,yes,1,4.079999999999999,891.8400000000007,895.9200000000008,0.010000000000000009,0.665,0.00014181370958396138,0.00040971216787633047
2026-08-07 06:31:00+00:00,KXBTC15M-26AUG070245-45,2026-08-07 06:45:00+00:00,NO,14,0.6699999999999999,13,8.709999999999999,0.21,0.8623853211009174,0.6699999999999999,0.19238532110091744,0.13761467889908258,0,no,1,4.080000000000001,895.9200000000008,900.0000000000008,0.010000000000000009,0.335,0.00030763756748831994,-0.0004782368070810339
2026-08-07 06:46:00+00:00,KXBTC15M-26AUG070300-00,2026-08-07 07:00:00+00:00,NO,14,0.51,17,8.67,0.3,0.5728476821192052,0.51,0.06284768211920522,0.4271523178807947,0,no,1,8.03,900.0000000000008,908.0300000000008,0.010000000000000009,0.495,0.00018271101376480256,-4.6807612006261046e-05
2026-08-07 07:01:00+00:00,KXBTC15M-26AUG070315-15,2026-08-07 07:15:00+00:00,NO,14,0.64,14,8.96,0.23,0.8623853211009174,0.64,0.22238532110091735,0.13761467889908258,1,yes,0,-9.190000000000001,908.0300000000008,898.8400000000007,0.010000000000000009,0.365,0.0003637867931915002,-0.0006474450737536941
2026-08-07 07:16:00+00:00,KXBTC15M-26AUG070330-30,2026-08-07 07:30:00+00:00,NO,14,0.52,17,8.84,0.3,0.5728476821192052,0.52,0.05284768211920521,0.4271523178807947,1,yes,0,-9.14,898.8400000000007,889.7000000000007,0.010000000000000009,0.485,0.00017070559090080924,-9.223808001690426e-05
2026-08-07 07:33:00+00:00,KXBTC15M-26AUG070345-45,2026-08-07 07:45:00+00:00,NO,12,0.7,12,8.399999999999999,0.18,0.8623853211009174,0.7,0.1623853211009174,0.13761467889908258,0,no,1,3.4200000000000013,889.7000000000007,893.1200000000007,0.010000000000000009,0.305,0.00017425670493950572,-0.0005436748504311639
2026-08-07 07:46:00+00:00,KXBTC15M-26AUG070400-00,2026-08-07 08:00:00+00:00,NO,14,0.5,17,8.5,0.3,0.5728476821192052,0.5,0.07284768211920523,0.4271523178807947,0,no,1,8.2,893.1200000000007,901.3200000000007,0.010000000000000009,0.505,7.115313472507447e-05,-7.368961901377258e-05
2026-08-07 08:01:00+00:00,KXBTC15M-26AUG070415-15,2026-08-07 08:15:00+00:00,NO,14,0.5900000000000001,15,8.850000000000001,0.26,0.7692307692307692,0.5900000000000001,0.17923076923076908,0.23076923076923078,1,yes,0,-9.110000000000001,901.3200000000007,892.2100000000007,0.010000000000000009,0.415,0.00011140634790493514,-0.0003026419161077376
2026-08-07 08:16:00+00:00,KXBTC15M-26AUG070430-30,2026-08-07 08:30:00+00:00,NO,14,0.47,18,8.459999999999999,0.32,0.5728476821192052,0.47,0.10284768211920525,0.4271523178807947,1,yes,0,-8.78,892.2100000000007,883.4300000000007,0.010000000000000009,0.535,0.0001521656641441239,-6.358324710475927e-05
2026-08-07 08:31:00+00:00,KXBTC15M-26AUG070445-45,2026-08-07 08:45:00+00:00,YES,14,0.6,14,8.4,0.24,0.7578947368421053,0.6,0.1578947368421053,0.7578947368421053,1,yes,1,5.359999999999999,883.4300000000007,888.7900000000008,0.010000000000000009,0.595,0.0002043674511029138,0.00015653119419800632
2026-08-07 08:46:00+00:00,KXBTC15M-26AUG070500-00,2026-08-07 09:00:00+00:00,NO,14,0.7,12,8.399999999999999,0.18,0.8623853211009174,0.7,0.1623853211009174,0.13761467889908258,0,no,1,3.4200000000000013,888.7900000000008,892.2100000000007,0.010000000000000009,0.305,0.0006578639526283038,-0.0005933654863514715
2026-08-07 09:01:00+00:00,KXBTC15M-26AUG070515-15,2026-08-07 09:15:00+00:00,YES,14,0.69,12,8.28,0.18,0.9047619047619048,0.69,0.21476190476190482,0.9047619047619048,1,yes,1,3.5400000000000005,892.2100000000007,895.7500000000007,0.009999999999999898,0.685,0.00021454938326078243,0.00044120378611101074
2026-08-07 09:16:00+00:00,KXBTC15M-26AUG070530-30,2026-08-07 09:30:00+00:00,YES,14,0.56,15,8.4,0.26,0.8656126482213439,0.56,0.3056126482213438,0.8656126482213439,1,yes,1,6.34,895.7500000000007,902.0900000000007,0.010000000000000009,0.555,0.0005346621984576295,0.00014747858005037529
2026-08-07 09:31:00+00:00,KXBTC15M-26AUG070545-45,2026-08-07 09:45:00+00:00,YES,14,0.49,18,8.82,0.32,0.7045454545454546,0.49,0.2145454545454546,0.7045454545454546,1,yes,1,8.86,902.0900000000007,910.9500000000007,0.010000000000000009,0.485,0.0003838235167704487,-1.1884496889935647e-05
2026-08-07 09:46:00+00:00,KXBTC15M-26AUG070600-00,2026-08-07 10:00:00+00:00,YES,14,0.5,18,9.0,0.32,0.7045454545454546,0.5,0.20454545454545459,0.7045454545454546,0,no,0,-9.32,910.9500000000007,901.6300000000007,0.020000000000000018,0.49,9.134181336931075e-05,2.621156805915348e-05
2026-08-07 10:01:00+00:00,KXBTC15M-26AUG070615-15,2026-08-07 10:15:00+00:00,YES,14,0.53,17,9.01,0.3,0.7045454545454546,0.53,0.17454545454545456,0.7045454545454546,1,yes,1,7.69,901.6300000000007,909.3200000000007,0.010000000000000009,0.525,0.00015023925740714536,6.636306336904596e-06
2026-08-07 10:16:00+00:00,KXBTC15M-26AUG070630-30,2026-08-07 10:30:00+00:00,YES,14,0.48,18,8.64,0.32,0.7045454545454546,0.48,0.2245454545454546,0.7045454545454546,1,yes,1,9.04,909.3200000000007,918.3600000000007,0.010000000000000009,0.475,9.412504326631769e-05,-8.641485891081047e-06
2026-08-07 10:31:00+00:00,KXBTC15M-26AUG070645-45,2026-08-07 10:45:00+00:00,YES,14,0.49,18,8.82,0.32,0.5851063829787234,0.49,0.09510638297872342,0.5851063829787234,0,no,0,-9.14,918.3600000000007,909.2200000000007,0.010000000000000009,0.485,0.00025432570102067376,-3.870524031945877e-05
2026-08-07 10:46:00+00:00,KXBTC15M-26AUG070700-00,2026-08-07 11:00:00+00:00,YES,14,0.6,15,9.0,0.26,0.7424242424242424,0.6,0.14242424242424245,0.7424242424242424,1,yes,1,5.74,909.2200000000007,914.9600000000007,0.010000000000000009,0.595,0.0002119416444893471,9.826698383608168e-05
2026-08-07 11:01:00+00:00,KXBTC15M-26AUG070715-15,2026-08-07 11:15:00+00:00,YES,14,0.72,12,8.64,0.17,0.9196428571428571,0.72,0.19964285714285712,0.9196428571428571,1,yes,1,3.1899999999999995,914.9600000000007,918.1500000000008,0.010000000000000009,0.715,0.00022446989938837902,0.0005082561555509457
2026-08-07 11:16:00+00:00,KXBTC15M-26AUG070730-30,2026-08-07 11:30:00+00:00,YES,14,0.55,16,8.8,0.28,0.7417218543046358,0.55,0.19172185430463573,0.7417218543046358,1,yes,1,6.919999999999999,918.1500000000008,925.0700000000007,0.010000000000000009,0.545,0.00013339553212492859,8.240800186332109e-05
2026-08-07 11:31:00+00:00,KXBTC15M-26AUG070745-45,2026-08-07 11:45:00+00:00,NO,14,0.6599999999999999,14,9.239999999999998,0.22,0.8623853211009174,0.6599999999999999,0.20238532110091745,0.13761467889908258,0,no,1,4.540000000000002,925.0700000000007,929.6100000000007,0.009999999999999953,0.345,0.00042234247914447836,-0.0005852734319991004
2026-08-07 11:46:00+00:00,KXBTC15M-26AUG070800-00,2026-08-07 12:00:00+00:00,NO,14,0.53,17,9.01,0.3,0.6050420168067228,0.53,0.07504201680672273,0.3949579831932773,0,no,1,7.69,929.6100000000007,937.3000000000008,0.020000000000000018,0.48,0.0002349105762352395,-0.00014524321545716923
2026-08-07 12:01:00+00:00,KXBTC15M-26AUG070815-15,2026-08-07 12:15:00+00:00,YES,14,0.55,17,9.350000000000001,0.3,0.7417218543046358,0.55,0.19172185430463573,0.7417218543046358,1,yes,1,7.349999999999999,937.3000000000008,944.6500000000008,0.010000000000000009,0.545,4.920978764304623e-05,7.371812037559877e-05
2026-08-07 12:16:00+00:00,KXBTC15M-26AUG070830-30,2026-08-07 12:30:00+00:00,YES,14,0.52,18,9.36,0.32,0.5851063829787234,0.52,0.0651063829787234,0.5851063829787234,0,no,0,-9.68,944.6500000000008,934.9700000000008,0.010000000000000009,0.515,0.00021657530693917066,-3.5905667525426566e-05
2026-08-07 12:31:00+00:00,KXBTC15M-26AUG070845-45,2026-08-07 12:45:00+00:00,NO,14,0.7,13,9.1,0.2,0.926829268292683,0.7,0.22682926829268302,0.07317073170731707,1,yes,0,-9.299999999999999,934.9700000000008,925.6700000000009,0.010000000000000009,0.305,0.000629787385850347,-0.0013782362816321392
2026-08-07 12:46:00+00:00,KXBTC15M-26AUG070900-00,2026-08-07 13:00:00+00:00,YES,14,0.64,14,8.96,0.23,0.9196428571428571,0.64,0.2796428571428571,0.9196428571428571,1,yes,1,4.809999999999999,925.6700000000009,930.4800000000008,0.010000000000000009,0.635,0.0004896993651635807,0.0006099334386333588
2026-08-07 13:01:00+00:00,KXBTC15M-26AUG070915-15,2026-08-07 13:15:00+00:00,NO,14,0.62,15,9.3,0.25,0.8623853211009174,0.62,0.24238532110091737,0.13761467889908258,0,no,1,5.449999999999999,930.4800000000008,935.9300000000009,0.010000000000000009,0.385,0.0005189796822276055,-0.0005823843151030461
2026-08-07 13:16:00+00:00,KXBTC15M-26AUG070930-30,2026-08-07 13:30:00+00:00,NO,14,0.5700000000000001,16,9.120000000000001,0.28,0.7478570540371335,0.5700000000000001,0.17785705403713348,0.25214294596286646,0,no,1,6.599999999999999,935.9300000000009,942.5300000000009,0.010000000000000009,0.435,0.00020438515373314014,-0.00030909350009344916
2026-08-07 13:31:00+00:00,KXBTC15M-26AUG070945-45,2026-08-07 13:45:00+00:00,NO,14,0.5,18,9.0,0.32,0.6050420168067228,0.5,0.10504201680672276,0.3949579831932773,1,yes,0,-9.32,942.5300000000009,933.2100000000008,0.010000000000000009,0.505,0.0005207895266150539,-0.00015142312396965174
2026-08-07 13:46:00+00:00,KXBTC15M-26AUG071000-00,2026-08-07 14:00:00+00:00,NO,14,0.62,15,9.3,0.25,0.8623853211009174,0.62,0.24238532110091737,0.13761467889908258,0,no,1,5.449999999999999,933.2100000000008,938.6600000000009,0.010000000000000009,0.385,0.0006283914920044354,-0.0007098053199541265
2026-08-07 14:03:00+00:00,KXBTC15M-26AUG071015-15,2026-08-07 14:15:00+00:00,YES,12,0.54,17,9.18,0.3,0.7424242424242424,0.54,0.2024242424242424,0.7424242424242424,0,no,0,-9.48,938.6600000000009,929.1800000000009,0.010000000000000009,0.535,0.0008071117622019737,6.802634189262413e-05
2026-08-07 14:16:00+00:00,KXBTC15M-26AUG071030-30,2026-08-07 14:30:00+00:00,YES,14,0.58,16,9.28,0.28,0.9047619047619048,0.58,0.3247619047619048,0.9047619047619048,1,yes,1,6.44,929.1800000000009,935.6200000000009,0.010000000000000009,0.575,0.0008983887177035249,0.0003137137020670089
2026-08-07 14:31:00+00:00,KXBTC15M-26AUG071045-45,2026-08-07 14:45:00+00:00,NO,14,0.6599999999999999,14,9.239999999999998,0.22,0.9186991869918699,0.6599999999999999,0.25869918699187,0.08130081300813008,0,no,1,4.540000000000002,935.6200000000009,940.1600000000009,0.009999999999999953,0.345,0.000904711569919785,-0.0009121403563073782
2026-08-07 14:46:00+00:00,KXBTC15M-26AUG071100-00,2026-08-07 15:00:00+00:00,YES,14,0.58,16,9.28,0.28,0.9047619047619048,0.58,0.3247619047619048,0.9047619047619048,0,no,0,-9.559999999999999,940.1600000000009,930.6000000000009,0.010000000000000009,0.575,0.0003966448915833269,0.0003513568429895919
2026-08-07 15:01:00+00:00,KXBTC15M-26AUG071115-15,2026-08-07 15:15:00+00:00,YES,14,0.56,16,8.96,0.28,0.8656126482213439,0.56,0.3056126482213438,0.8656126482213439,0,no,0,-9.24,930.6000000000009,921.3600000000009,0.010000000000000009,0.555,0.00039817169531674554,0.0001555759259039835
2026-08-07 15:16:00+00:00,KXBTC15M-26AUG071130-30,2026-08-07 15:30:00+00:00,NO,14,0.53,17,9.01,0.3,0.6209150326797386,0.53,0.09091503267973855,0.3790849673202614,1,yes,0,-9.31,921.3600000000009,912.050000000001,0.010000000000000009,0.475,0.0004863125206916009,-0.00022678364101136328
2026-08-07 15:31:00+00:00,KXBTC15M-26AUG071145-45,2026-08-07 15:45:00+00:00,NO,14,0.56,16,8.96,0.28,0.7445255474452555,0.56,0.1845255474452554,0.25547445255474455,1,yes,0,-9.24,912.050000000001,902.810000000001,0.010000000000000009,0.445,9.583536905009149e-05,-0.0002888840732993003
2026-08-07 15:46:00+00:00,KXBTC15M-26AUG071200-00,2026-08-07 16:00:00+00:00,NO,14,0.56,16,8.96,0.28,0.7445255474452555,0.56,0.1845255474452554,0.25547445255474455,0,no,1,6.759999999999999,902.810000000001,909.570000000001,0.010000000000000009,0.445,0.00014313473036462693,-0.0002833187724001762
2026-08-07 16:01:00+00:00,KXBTC15M-26AUG071215-15,2026-08-07 16:15:00+00:00,YES,14,0.59,15,8.85,0.26,0.8656126482213439,0.59,0.2756126482213439,0.8656126482213439,1,yes,1,5.890000000000001,909.570000000001,915.460000000001,0.010000000000000009,0.585,0.0002533997463244226,0.00022617064120078467
2026-08-07 16:16:00+00:00,KXBTC15M-26AUG071230-30,2026-08-07 16:30:00+00:00,NO,14,0.72,12,8.64,0.17,0.8623853211009174,0.72,0.1423853211009174,0.13761467889908258,0,no,1,3.1899999999999995,915.460000000001,918.650000000001,0.009999999999999953,0.28500000000000003,0.000482538799006153,-0.0007020441112590703
2026-08-07 16:31:00+00:00,KXBTC15M-26AUG071245-45,2026-08-07 16:45:00+00:00,NO,14,0.54,17,9.18,0.3,0.6,0.54,0.05999999999999994,0.4,1,yes,0,-9.48,918.650000000001,909.170000000001,0.009999999999999953,0.46499999999999997,0.0002103363026914002,-0.00011467156384104005
2026-08-07 16:46:00+00:00,KXBTC15M-26AUG071300-00,2026-08-07 17:00:00+00:00,NO,14,0.5700000000000001,15,8.55,0.26,0.7445255474452555,0.5700000000000001,0.1745255474452554,0.25547445255474455,0,no,1,6.1899999999999995,909.170000000001,915.360000000001,0.010000000000000009,0.435,0.00010591876253360807,-0.00028426459132457893
2026-08-07 17:01:00+00:00,KXBTC15M-26AUG071315-15,2026-08-07 17:15:00+00:00,NO,14,0.62,14,8.68,0.24,0.8623853211009174,0.62,0.24238532110091737,0.13761467889908258,0,no,1,5.08,915.360000000001,920.4400000000011,0.010000000000000009,0.385,0.00018129595162256817,-0.0004635410243069016
2026-08-07 17:16:00+00:00,KXBTC15M-26AUG071330-30,2026-08-07 17:30:00+00:00,NO,14,0.63,14,8.82,0.23,0.8623853211009174,0.63,0.23238532110091736,0.13761467889908258,0,no,1,4.949999999999999,920.4400000000011,925.3900000000011,0.010000000000000009,0.375,0.0003004254803204576,-0.0005794056405588055
2026-08-07 17:31:00+00:00,KXBTC15M-26AUG071345-45,2026-08-07 17:45:00+00:00,NO,14,0.56,16,8.96,0.28,0.8623853211009174,0.56,0.3023853211009173,0.13761467889908258,1,yes,0,-9.24,925.3900000000011,916.1500000000011,0.020000000000000018,0.45,0.00020911808686106248,-0.00035772200027484047
2026-08-07 17:46:00+00:00,KXBTC15M-26AUG071400-00,2026-08-07 18:00:00+00:00,YES,14,0.76,12,9.120000000000001,0.16,0.9629629629629629,0.76,0.2029629629629629,0.9629629629629629,1,yes,1,2.719999999999999,916.1500000000011,918.8700000000011,0.010000000000000009,0.755,0.00040190436814871124,0.0008627852676630354
2026-08-07 18:01:00+00:00,KXBTC15M-26AUG071415-15,2026-08-07 18:15:00+00:00,YES,14,0.79,11,8.690000000000001,0.13,0.975609756097561,0.79,0.18560975609756092,0.975609756097561,1,yes,1,2.179999999999999,918.8700000000011,921.0500000000011,0.010000000000000009,0.785,0.0004494277308579744,0.0011129153189193275
2026-08-07 18:16:00+00:00,KXBTC15M-26AUG071430-30,2026-08-07 18:30:00+00:00,NO,14,0.62,14,8.68,0.24,0.8095238095238095,0.62,0.18952380952380954,0.19047619047619047,0,no,1,5.08,921.0500000000011,926.1300000000011,0.010000000000000009,0.385,0.00025599036497309346,-0.0003335534395190187
2026-08-07 18:31:00+00:00,KXBTC15M-26AUG071445-45,2026-08-07 18:45:00+00:00,YES,14,0.56,16,8.96,0.28,0.7578947368421053,0.56,0.19789473684210523,0.7578947368421053,0,no,0,-9.24,926.1300000000011,916.8900000000011,0.010000000000000009,0.555,0.00027849439058367766,0.00013786612874699955
2026-08-07 18:46:00+00:00,KXBTC15M-26AUG071500-00,2026-08-07 19:00:00+00:00,YES,14,0.56,16,8.96,0.28,0.7417218543046358,0.56,0.18172185430463572,0.7417218543046358,0,no,0,-9.24,916.8900000000011,907.6500000000011,0.010000000000000009,0.555,0.0004796181644001198,2.040245385881434e-05
2026-08-07 19:01:00+00:00,KXBTC15M-26AUG071515-15,2026-08-07 19:15:00+00:00,YES,14,0.8,11,8.8,0.13,0.9629629629629629,0.8,0.16296296296296287,0.9629629629629629,1,yes,1,2.0699999999999994,907.6500000000011,909.7200000000012,0.010000000000000009,0.795,0.00029112614952775796,0.0009336183152472977
2026-08-07 19:16:00+00:00,KXBTC15M-26AUG071530-30,2026-08-07 19:30:00+00:00,YES,14,0.64,14,8.96,0.23,0.8656126482213439,0.64,0.22561264822134386,0.8656126482213439,1,yes,1,4.809999999999999,909.7200000000012,914.5300000000011,0.010000000000000009,0.635,0.00032858833351626885,0.00025759285419835187
2026-08-07 19:31:00+00:00,KXBTC15M-26AUG071545-45,2026-08-07 19:45:00+00:00,NO,14,0.54,16,8.64,0.28,0.6,0.54,0.05999999999999994,0.4,1,yes,0,-8.92,914.5300000000011,905.6100000000012,0.009999999999999953,0.46499999999999997,0.00012359768721705898,-0.00011648315177514856
2026-08-07 19:46:00+00:00,KXBTC15M-26AUG071600-00,2026-08-07 20:00:00+00:00,YES,14,0.59,15,8.85,0.26,0.8656126482213439,0.59,0.2756126482213439,0.8656126482213439,0,no,0,-9.11,905.6100000000012,896.5000000000011,0.010000000000000009,0.585,0.0003500515361842794,0.00020310521543098758
2026-08-07 20:01:00+00:00,KXBTC15M-26AUG071615-15,2026-08-07 20:15:00+00:00,NO,14,0.5700000000000001,15,8.55,0.26,0.7445255474452555,0.5700000000000001,0.1745255474452554,0.25547445255474455,1,yes,0,-8.81,896.5000000000011,887.6900000000012,0.010000000000000009,0.435,0.000208029169549832,-0.00025950744409042326
2026-08-07 20:18:00+00:00,KXBTC15M-26AUG071630-30,2026-08-07 20:30:00+00:00,NO,12,0.64,13,8.32,0.21,0.7445255474452555,0.64,0.10452554744525544,0.25547445255474455,0,no,1,4.47,887.6900000000012,892.1600000000012,0.010000000000000009,0.365,0.00010664077704827744,-0.00026867639690930645
2026-08-07 20:31:00+00:00,KXBTC15M-26AUG071645-45,2026-08-07 20:45:00+00:00,NO,14,0.61,14,8.54,0.24,0.7445255474452555,0.61,0.13452554744525547,0.25547445255474455,0,no,1,5.220000000000001,892.1600000000012,897.3800000000012,0.010000000000000009,0.395,6.540407445601701e-05,-0.00024066306601044918
2026-08-07 20:46:00+00:00,KXBTC15M-26AUG071700-00,2026-08-07 21:00:00+00:00,NO,14,0.55,16,8.8,0.28,0.6050420168067228,0.55,0.055042016806722716,0.3949579831932773,1,yes,0,-9.08,897.3800000000012,888.3000000000012,0.010000000000000009,0.455,2.1459000374189055e-05,-0.0001241422670380521
2026-08-07 21:01:00+00:00,KXBTC15M-26AUG071715-15,2026-08-07 21:15:00+00:00,YES,14,0.51,17,8.67,0.3,0.5851063829787234,0.51,0.07510638297872341,0.5851063829787234,1,yes,1,8.03,888.3000000000012,896.3300000000012,0.010000000000000009,0.505,7.033000659220138e-05,-2.694900186284155e-05
2026-08-07 21:16:00+00:00,KXBTC15M-26AUG071730-30,2026-08-07 21:30:00+00:00,NO,14,0.6699999999999999,13,8.709999999999999,0.21,0.7692307692307692,0.6699999999999999,0.09923076923076923,0.23076923076923078,1,yes,0,-8.92,896.3300000000012,887.4100000000012,0.010000000000000009,0.335,0.00036676851240272876,-0.000331252588872899
2026-08-07 21:31:00+00:00,KXBTC15M-26AUG071745-45,2026-08-07 21:45:00+00:00,NO,14,0.49,18,8.82,0.32,0.5728476821192052,0.49,0.08284768211920523,0.4271523178807947,1,yes,0,-9.14,887.4100000000012,878.2700000000012,0.010000000000000009,0.515,9.693683796123387e-05,-7.142109508240235e-05
2026-08-07 21:46:00+00:00,KXBTC15M-26AUG071800-00,2026-08-07 22:00:00+00:00,NO,14,0.49,17,8.33,0.3,0.5728476821192052,0.49,0.08284768211920523,0.4271523178807947,0,no,1,8.37,878.2700000000012,886.6400000000012,0.010000000000000009,0.515,0.0004236295991749322,-7.107746982670804e-05
2026-08-07 22:01:00+00:00,KXBTC15M-26AUG071815-15,2026-08-07 22:15:00+00:00,NO,14,0.63,14,8.82,0.23,0.8623853211009174,0.63,0.23238532110091736,0.13761467889908258,0,no,1,4.949999999999999,886.6400000000012,891.5900000000013,0.010000000000000009,0.375,0.0001661669151899608,-0.0005963723736159832
2026-08-07 22:16:00+00:00,KXBTC15M-26AUG071830-30,2026-08-07 22:30:00+00:00,YES,14,0.59,15,8.85,0.26,0.7045454545454546,0.59,0.11454545454545462,0.7045454545454546,0,no,0,-9.11,891.5900000000013,882.4800000000013,0.010000000000000009,0.585,4.610647262187666e-05,1.987752363663553e-05
2026-08-07 22:33:00+00:00,KXBTC15M-26AUG071845-45,2026-08-07 22:45:00+00:00,NO,12,0.73,12,8.76,0.17,0.8623853211009174,0.73,0.13238532110091739,0.13761467889908258,0,no,1,3.0700000000000003,882.4800000000013,885.5500000000013,0.010000000000000009,0.275,0.00023922537667052385,-0.0005421089022510373
2026-08-07 22:46:00+00:00,KXBTC15M-26AUG071900-00,2026-08-07 23:00:00+00:00,YES,14,0.66,13,8.58,0.21,0.7578947368421053,0.66,0.09789473684210526,0.7578947368421053,1,yes,1,4.21,885.5500000000013,889.7600000000014,0.020000000000000018,0.65,0.0001864415095100894,0.00011983652262470557
2026-08-07 23:01:00+00:00,KXBTC15M-26AUG071915-15,2026-08-07 23:15:00+00:00,YES,14,0.52,17,8.84,0.3,0.5851063829787234,0.52,0.0651063829787234,0.5851063829787234,1,yes,1,7.86,889.7600000000014,897.6200000000014,0.010000000000000009,0.515,8.724063570510558e-05,-2.8371029539897563e-05
2026-08-07 23:16:00+00:00,KXBTC15M-26AUG071930-30,2026-08-07 23:30:00+00:00,NO,14,0.55,16,8.8,0.28,0.6209150326797386,0.55,0.07091503267973853,0.3790849673202614,0,no,1,6.919999999999999,897.6200000000014,904.5400000000013,0.010000000000000009,0.455,5.612593982772225e-05,-0.00015633241080770244
2026-08-07 23:31:00+00:00,KXBTC15M-26AUG071945-45,2026-08-07 23:45:00+00:00,NO,14,0.52,17,8.84,0.3,0.5728476821192052,0.52,0.05284768211920521,0.4271523178807947,1,yes,0,-9.14,904.5400000000013,895.4000000000013,0.010000000000000009,0.485,2.4973060320078345e-05,-5.565914769656288e-05
2026-08-07 23:52:00+00:00,KXBTC15M-26AUG072000-00,2026-08-08 00:00:00+00:00,NO,8,0.18999999999999995,47,8.929999999999998,0.51,0.2421052631578947,0.18999999999999995,0.052105263157894766,0.7578947368421053,1,yes,0,-9.439999999999998,895.4000000000013,885.9600000000014,0.009999999999999898,0.815,9.761876936114409e-05,0.00015539239354245282
2026-08-08 00:03:00+00:00,KXBTC15M-26AUG072015-15,2026-08-08 00:15:00+00:00,YES,12,0.32,27,8.64,0.42,0.3790849673202614,0.32,0.05908496732026142,0.3790849673202614,0,no,0,-9.06,885.9600000000014,876.9000000000015,0.010000000000000009,0.315,0.00010041177626545862,-0.00018154044930807078
2026-08-08 00:24:00+00:00,KXBTC15M-26AUG072030-30,2026-08-08 00:30:00+00:00,YES,6,0.08,109,8.72,0.57,0.13761467889908258,0.08,0.057614678899082575,0.13761467889908258,0,no,0,-9.290000000000001,876.9000000000015,867.6100000000015,0.0010000000000000009,0.0795,0.00034579026961213113,-0.0006970241600103844
2026-08-08 00:31:00+00:00,KXBTC15M-26AUG072045-45,2026-08-08 00:45:00+00:00,NO,14,0.41000000000000003,21,8.610000000000001,0.36,0.5728476821192052,0.41000000000000003,0.1628476821192052,0.4271523178807947,1,yes,0,-8.97,867.6100000000015,858.6400000000015,0.010000000000000009,0.595,6.305886313215407e-05,-3.77778891411662e-05
2026-08-08 00:46:00+00:00,KXBTC15M-26AUG072100-00,2026-08-08 01:00:00+00:00,YES,14,0.64,13,8.32,0.21,0.7424242424242424,0.64,0.10242424242424242,0.7424242424242424,1,yes,1,4.47,858.6400000000015,863.1100000000015,0.010000000000000009,0.635,0.0003235798845094757,8.92578831359625e-05
2026-08-08 01:01:00+00:00,KXBTC15M-26AUG072115-15,2026-08-08 01:15:00+00:00,YES,14,0.59,14,8.26,0.24,0.7045454545454546,0.59,0.11454545454545462,0.7045454545454546,1,yes,1,5.5,863.1100000000015,868.6100000000015,0.010000000000000009,0.585,5.457837000742712e-05,-5.702421155606707e-06
2026-08-08 01:18:00+00:00,KXBTC15M-26AUG072130-30,2026-08-08 01:30:00+00:00,NO,12,0.64,13,8.32,0.21,0.7445255474452555,0.64,0.10452554744525544,0.25547445255474455,0,no,1,4.47,868.6100000000015,873.0800000000015,0.010000000000000009,0.365,0.0002146667250069794,-0.00028710828356681706
2026-08-08 01:35:00+00:00,KXBTC15M-26AUG072145-45,2026-08-08 01:45:00+00:00,NO,10,0.44999999999999996,19,8.549999999999999,0.33,0.6,0.44999999999999996,0.15000000000000002,0.4,1,yes,0,-8.879999999999999,873.0800000000015,864.2000000000015,0.010000000000000009,0.555,5.444576642392243e-05,-0.00011404752668675577
2026-08-08 01:48:00+00:00,KXBTC15M-26AUG072200-00,2026-08-08 02:00:00+00:00,NO,12,0.77,11,8.47,0.14,0.8623853211009174,0.77,0.09238532110091735,0.13761467889908258,0,no,1,2.3899999999999992,864.2000000000015,866.5900000000015,0.009999999999999981,0.235,7.37567559755814e-05,-0.00038335871852190895
2026-08-08 02:01:00+00:00,KXBTC15M-26AUG072215-15,2026-08-08 02:15:00+00:00,NO,14,0.6599999999999999,13,8.579999999999998,0.21,0.7692307692307692,0.6599999999999999,0.10923076923076924,0.23076923076923078,0,no,1,4.210000000000002,866.5900000000015,870.8000000000015,0.009999999999999953,0.345,0.00013458670143205102,-0.00030469737940219677
2026-08-08 02:16:00+00:00,KXBTC15M-26AUG072230-30,2026-08-08 02:30:00+00:00,NO,14,0.52,16,8.32,0.28,0.6050420168067228,0.52,0.08504201680672274,0.3949579831932773,1,yes,0,-8.6,870.8000000000015,862.2000000000015,0.010000000000000009,0.485,7.36130103987764e-05,-0.00012425841927865555
2026-08-08 02:31:00+00:00,KXBTC15M-26AUG072245-45,2026-08-08 02:45:00+00:00,YES,14,0.79,10,7.9,0.12,0.9047619047619048,0.79,0.11476190476190473,0.9047619047619048,0,no,0,-8.02,862.2000000000015,854.1800000000015,0.010000000000000009,0.785,0.00018811282513904898,0.00042730749127195544
2026-08-08 02:48:00+00:00,KXBTC15M-26AUG072300-00,2026-08-08 03:00:00+00:00,NO,12,0.53,16,8.48,0.28,0.6050420168067228,0.53,0.07504201680672273,0.3949579831932773,1,yes,0,-8.76,854.1800000000015,845.4200000000016,0.010000000000000009,0.475,2.237854446991386e-05,-0.00011573934943698294
2026-08-08 03:01:00+00:00,KXBTC15M-26AUG072315-15,2026-08-08 03:15:00+00:00,NO,14,0.52,16,8.32,0.28,0.5728476821192052,0.52,0.05284768211920521,0.4271523178807947,1,yes,0,-8.6,845.4200000000016,836.8200000000015,0.010000000000000009,0.485,6.488508802166353e-05,-3.7909994276552617e-05
2026-08-08 03:16:00+00:00,KXBTC15M-26AUG072330-30,2026-08-08 03:30:00+00:00,NO,14,0.53,15,7.95,0.27,0.6,0.53,0.06999999999999995,0.4,1,yes,0,-8.22,836.8200000000015,828.6000000000015,0.010000000000000009,0.475,5.1692995908096014e-05,-0.00010323235924614149
2026-08-08 03:31:00+00:00,KXBTC15M-26AUG072345-45,2026-08-08 03:45:00+00:00,YES,14,0.54,15,8.100000000000001,0.27,0.7417218543046358,0.54,0.20172185430463574,0.7417218543046358,0,no,0,-8.370000000000001,828.6000000000015,820.2300000000015,0.010000000000000009,0.535,0.0003131693777510111,2.6466330903307522e-05
2026-08-08 03:46:00+00:00,KXBTC15M-26AUG080000-00,2026-08-08 04:00:00+00:00,YES,14,0.49,16,7.84,0.28,0.7045454545454546,0.49,0.2145454545454546,0.7045454545454546,1,yes,1,7.88,820.2300000000015,828.1100000000015,0.010000000000000009,0.485,5.432033615769905e-05,-4.9247149590536665e-06
2026-08-08 04:01:00+00:00,KXBTC15M-26AUG080015-15,2026-08-08 04:15:00+00:00,NO,14,0.73,11,8.03,0.16,0.8623853211009174,0.73,0.13238532110091739,0.13761467889908258,0,no,1,2.8100000000000005,828.1100000000015,830.9200000000014,0.010000000000000009,0.275,0.0002089447388221629,-0.0003898852023487276
2026-08-08 04:18:00+00:00,KXBTC15M-26AUG080030-30,2026-08-08 04:30:00+00:00,YES,12,0.7,11,7.699999999999999,0.17,0.7578947368421053,0.7,0.05789473684210533,0.7578947368421053,1,yes,1,3.130000000000001,830.9200000000014,834.0500000000014,0.010000000000000009,0.695,0.00015663362212336285,0.0001310406506269679
2026-08-08 04:31:00+00:00,KXBTC15M-26AUG080045-45,2026-08-08 04:45:00+00:00,NO,14,0.49,17,8.33,0.3,0.5728476821192052,0.49,0.08284768211920523,0.4271523178807947,1,yes,0,-8.63,834.0500000000014,825.4200000000014,0.010000000000000009,0.515,9.480360891583191e-05,-6.234228748169812e-05
2026-08-08 04:46:00+00:00,KXBTC15M-26AUG080100-00,2026-08-08 05:00:00+00:00,YES,14,0.53,15,7.95,0.27,0.7045454545454546,0.53,0.17454545454545456,0.7045454545454546,0,no,0,-8.22,825.4200000000014,817.2000000000014,0.010000000000000009,0.525,0.0001629929758291072,-7.230773680477753e-06
2026-08-08 05:01:00+00:00,KXBTC15M-26AUG080115-15,2026-08-08 05:15:00+00:00,NO,14,0.5,16,8.0,0.29,0.6050420168067228,0.5,0.10504201680672276,0.3949579831932773,0,no,1,7.71,817.2000000000014,824.9100000000014,0.010000000000000009,0.505,0.00013055156818456064,-0.0001315898220581868
2026-08-08 05:18:00+00:00,KXBTC15M-26AUG080130-30,2026-08-08 05:30:00+00:00,YES,12,0.66,12,7.92,0.19,0.7424242424242424,0.66,0.0824242424242424,0.7424242424242424,1,yes,1,3.89,824.9100000000014,828.8000000000014,0.010000000000000009,0.655,0.00013854919678625834,0.00010175436219883593
2026-08-08 05:31:00+00:00,KXBTC15M-26AUG080145-45,2026-08-08 05:45:00+00:00,YES,14,0.5,16,8.0,0.29,0.5851063829787234,0.5,0.08510638297872342,0.5851063829787234,0,no,0,-8.29,828.8000000000014,820.5100000000015,0.010000000000000009,0.495,0.00010900428895983053,-3.677771793486606e-05
2026-08-08 05:48:00+00:00,KXBTC15M-26AUG080200-00,2026-08-08 06:00:00+00:00,NO,12,0.6799999999999999,12,8.16,0.19,0.7445255474452555,0.6799999999999999,0.06452554744525552,0.25547445255474455,0,no,1,3.65,820.5100000000015,824.1600000000014,0.010000000000000009,0.325,4.150787164400847e-05,-0.0002753161595965281
2026-08-08 06:16:00+00:00,KXBTC15M-26AUG080230-30,2026-08-08 06:30:00+00:00,NO,14,0.53,15,7.95,0.27,0.6209150326797386,0.53,0.09091503267973855,0.3790849673202614,0,no,1,6.779999999999999,824.1600000000014,830.9400000000014,0.010000000000000009,0.475,4.9779895415858585e-05,-0.00020616188465527596
2026-08-08 06:31:00+00:00,KXBTC15M-26AUG080245-45,2026-08-08 06:45:00+00:00,NO,14,0.48,17,8.16,0.3,0.5728476821192052,0.48,0.09284768211920524,0.4271523178807947,0,no,1,8.54,830.9400000000014,839.4800000000014,0.010000000000000009,0.525,6.320258510983803e-05,-5.851242626864206e-05
2026-08-08 06:46:00+00:00,KXBTC15M-26AUG080300-00,2026-08-08 07:00:00+00:00,YES,14,0.77,10,7.7,0.13,0.9047619047619048,0.77,0.13476190476190475,0.9047619047619048,1,yes,1,2.17,839.4800000000014,841.6500000000013,0.010000000000000009,0.765,0.00033169549520241414,0.00035755427333561407
2026-08-08 07:03:00+00:00,KXBTC15M-26AUG080315-15,2026-08-08 07:15:00+00:00,YES,12,0.57,14,7.9799999999999995,0.25,0.7045454545454546,0.57,0.13454545454545463,0.7045454545454546,0,no,0,-8.23,841.6500000000013,833.4200000000013,0.009999999999999898,0.565,4.610035397507889e-05,8.46505471518988e-06
2026-08-08 07:16:00+00:00,KXBTC15M-26AUG080330-30,2026-08-08 07:30:00+00:00,NO,14,0.53,15,7.95,0.27,0.6050420168067228,0.53,0.07504201680672273,0.3949579831932773,1,yes,0,-8.22,833.4200000000013,825.2000000000013,0.010000000000000009,0.475,9.137010893070761e-05,-0.00013115020577647574
2026-08-08 07:31:00+00:00,KXBTC15M-26AUG080345-45,2026-08-08 07:45:00+00:00,YES,14,0.51,16,8.16,0.28,0.5851063829787234,0.51,0.07510638297872341,0.5851063829787234,0,no,0,-8.44,825.2000000000013,816.7600000000012,0.010000000000000009,0.505,8.811920426734453e-06,-2.662878094061849e-05
2026-08-08 07:46:00+00:00,KXBTC15M-26AUG080400-00,2026-08-08 08:00:00+00:00,NO,14,0.55,14,7.700000000000001,0.25,0.6050420168067228,0.55,0.055042016806722716,0.3949579831932773,1,yes,0,-7.950000000000001,816.7600000000012,808.8100000000012,0.010000000000000009,0.455,9.461337249617046e-05,-0.0001380175504103187
2026-08-08 08:11:00+00:00,KXBTC15M-26AUG080415-15,2026-08-08 08:15:00+00:00,YES,4,0.24,33,7.92,0.43,0.3790849673202614,0.24,0.13908496732026143,0.3790849673202614,1,yes,1,24.65,808.8100000000012,833.4600000000012,0.009999999999999981,0.235,7.3711525300503995e-06,-0.0001338280917331236
2026-08-08 08:16:00+00:00,KXBTC15M-26AUG080430-30,2026-08-08 08:30:00+00:00,YES,14,0.48,17,8.16,0.3,0.7045454545454546,0.48,0.2245454545454546,0.7045454545454546,1,yes,1,8.54,833.4600000000012,842.0000000000011,0.010000000000000009,0.475,5.168798399304928e-05,-8.470018905026855e-06
2026-08-08 08:31:00+00:00,KXBTC15M-26AUG080445-45,2026-08-08 08:45:00+00:00,YES,14,0.57,14,7.9799999999999995,0.25,0.7045454545454546,0.57,0.13454545454545463,0.7045454545454546,1,yes,1,5.7700000000000005,842.0000000000011,847.7700000000011,0.009999999999999898,0.565,6.16167973589664e-05,-2.15565159500386e-06
2026-08-08 08:54:00+00:00,KXBTC15M-26AUG080500-00,2026-08-08 09:00:00+00:00,NO,6,0.88,9,7.92,0.07,0.999999,0.88,0.11999899999999997,1e-06,0,no,1,1.01,847.7700000000011,848.7800000000011,0.010000000000000009,0.125,6.884756852192807e-08,-0.00029056904900959246
2026-08-08 09:01:00+00:00,KXBTC15M-26AUG080515-15,2026-08-08 09:15:00+00:00,YES,14,0.64,13,8.32,0.21,0.7045454545454546,0.64,0.06454545454545457,0.7045454545454546,1,yes,1,4.47,848.7800000000011,853.2500000000011,0.010000000000000009,0.635,6.744063910633984e-05,1.2931657575210309e-05
2026-08-08 09:16:00+00:00,KXBTC15M-26AUG080530-30,2026-08-08 09:30:00+00:00,YES,14,0.68,12,8.16,0.19,0.7417218543046358,0.68,0.061721854304635726,0.7417218543046358,1,yes,1,3.65,853.2500000000011,856.9000000000011,0.010000000000000009,0.675,5.740987620996588e-05,5.756698819525674e-05
2026-08-08 09:31:00+00:00,KXBTC15M-26AUG080545-45,2026-08-08 09:45:00+00:00,YES,14,0.66,12,7.92,0.19,0.8656126482213439,0.66,0.20561264822134384,0.8656126482213439,0,no,0,-8.11,856.9000000000011,848.7900000000011,0.010000000000000009,0.655,0.00016412100100301878,0.000263927565349098
2026-08-08 09:46:00+00:00,KXBTC15M-26AUG080600-00,2026-08-08 10:00:00+00:00,NO,14,0.49,17,8.33,0.3,0.5728476821192052,0.49,0.08284768211920523,0.4271523178807947,0,no,1,8.37,848.7900000000011,857.1600000000011,0.010000000000000009,0.515,5.523648569948813e-05,-8.126181124268328e-05
2026-08-08 10:01:00+00:00,KXBTC15M-26AUG080615-15,2026-08-08 10:15:00+00:00,NO,14,0.49,17,8.33,0.3,0.5728476821192052,0.49,0.08284768211920523,0.4271523178807947,1,yes,0,-8.63,857.1600000000011,848.5300000000011,0.010000000000000009,0.515,7.649457178151904e-05,-3.8178656406873124e-05
2026-08-08 10:16:00+00:00,KXBTC15M-26AUG080630-30,2026-08-08 10:30:00+00:00,NO,14,0.4,21,8.4,0.36,0.5728476821192052,0.4,0.1728476821192052,0.4271523178807947,1,yes,0,-8.76,848.5300000000011,839.7700000000011,0.010000000000000009,0.605,0.00011635933608134442,-5.649312246269744e-05
2026-08-08 10:31:00+00:00,KXBTC15M-26AUG080645-45,2026-08-08 10:45:00+00:00,YES,14,0.52,16,8.32,0.28,0.7045454545454546,0.52,0.18454545454545457,0.7045454545454546,0,no,0,-8.6,839.7700000000011,831.1700000000011,0.010000000000000009,0.515,5.898917238737965e-05,2.4006762520345504e-05
2026-08-08 10:46:00+00:00,KXBTC15M-26AUG080700-00,2026-08-08 11:00:00+00:00,YES,14,0.53,15,7.95,0.27,0.7045454545454546,0.53,0.17454545454545456,0.7045454545454546,0,no,0,-8.22,831.1700000000011,822.9500000000011,0.010000000000000009,0.525,0.000133300422807021,-4.155337600342257e-06
2026-08-08 11:01:00+00:00,KXBTC15M-26AUG080715-15,2026-08-08 11:15:00+00:00,NO,14,0.51,16,8.16,0.28,0.5728476821192052,0.51,0.06284768211920522,0.4271523178807947,1,yes,0,-8.44,822.9500000000011,814.510000000001,0.010000000000000009,0.495,6.556293262657687e-05,-8.495941341057911e-05
2026-08-08 11:16:00+00:00,KXBTC15M-26AUG080730-30,2026-08-08 11:30:00+00:00,YES,14,0.44,18,7.92,0.32,0.5851063829787234,0.44,0.1451063829787234,0.5851063829787234,0,no,0,-8.24,814.510000000001,806.270000000001,0.010000000000000009,0.435,7.024529086018686e-05,-3.155008167621265e-05
2026-08-08 11:31:00+00:00,KXBTC15M-26AUG080745-45,2026-08-08 11:45:00+00:00,NO,14,0.51,15,7.65,0.27,0.5728476821192052,0.51,0.06284768211920522,0.4271523178807947,0,no,1,7.08,806.270000000001,813.350000000001,0.010000000000000009,0.495,3.434104020200583e-05,-7.437657646003348e-05
2026-08-08 11:52:00+00:00,KXBTC15M-26AUG080800-00,2026-08-08 12:00:00+00:00,YES,8,0.23,35,8.05,0.44,0.3790849673202614,0.23,0.1490849673202614,0.3790849673202614,0,no,0,-8.49,813.350000000001,804.860000000001,0.010000000000000009,0.225,5.160568733292474e-05,-0.00020143446596065928
2026-08-08 12:01:00+00:00,KXBTC15M-26AUG080815-15,2026-08-08 12:15:00+00:00,YES,14,0.32,25,8.0,0.39,0.3790849673202614,0.32,0.05908496732026142,0.3790849673202614,1,yes,1,16.61,804.860000000001,821.470000000001,0.010000000000000009,0.315,4.437384343095621e-05,-0.00017619126239198923
2026-08-08 12:22:00+00:00,KXBTC15M-26AUG080830-30,2026-08-08 12:30:00+00:00,YES,8,0.51,16,8.16,0.28,0.6666666666666666,0.51,0.15666666666666662,0.6666666666666666,0,no,0,-8.44,821.470000000001,813.030000000001,0.010000000000000009,0.505,0.00012330913245542932,-1.83224573895302e-05
2026-08-08 12:31:00+00:00,KXBTC15M-26AUG080845-45,2026-08-08 12:45:00+00:00,YES,14,0.68,11,7.48,0.17,0.8656126482213439,0.68,0.18561264822134382,0.8656126482213439,1,yes,1,3.3499999999999996,813.030000000001,816.380000000001,0.010000000000000009,0.675,0.00011609086944702869,0.0001754035012018207
2026-08-08 12:46:00+00:00,KXBTC15M-26AUG080900-00,2026-08-08 13:00:00+00:00,NO,14,0.5,16,8.0,0.29,0.5728476821192052,0.5,0.07284768211920523,0.4271523178807947,0,no,1,7.71,816.380000000001,824.090000000001,0.010000000000000009,0.505,0.00013005038375717002,-8.43534118568634e-05
2026-08-08 13:05:00+00:00,KXBTC15M-26AUG080915-15,2026-08-08 13:15:00+00:00,NO,10,0.52,15,7.800000000000001,0.27,0.6050420168067228,0.52,0.08504201680672274,0.3949579831932773,1,yes,0,-8.07,824.090000000001,816.020000000001,0.010000000000000009,0.485,6.917131511517899e-05,-0.00011976149298553729
2026-08-08 13:16:00+00:00,KXBTC15M-26AUG080930-30,2026-08-08 13:30:00+00:00,YES,14,0.52,15,7.800000000000001,0.27,0.6666666666666666,0.52,0.1466666666666666,0.6666666666666666,1,yes,1,6.93,816.020000000001,822.950000000001,0.010000000000000009,0.515,9.39164010154735e-05,-1.6470508553911856e-05
2026-08-08 13:31:00+00:00,KXBTC15M-26AUG080945-45,2026-08-08 13:45:00+00:00,YES,14,0.34,24,8.16,0.38,0.4271523178807947,0.34,0.0871523178807947,0.4271523178807947,0,no,0,-8.540000000000001,822.950000000001,814.410000000001,0.010000000000000009,0.335,6.728484338734575e-05,-7.679497480772568e-05
2026-08-08 13:50:00+00:00,KXBTC15M-26AUG081000-00,2026-08-08 14:00:00+00:00,YES,10,0.57,14,7.9799999999999995,0.25,0.7424242424242424,0.57,0.17242424242424248,0.7424242424242424,1,yes,1,5.7700000000000005,814.410000000001,820.180000000001,0.009999999999999898,0.565,0.00010523235842086344,8.896790305890079e-05
2026-08-08 14:01:00+00:00,KXBTC15M-26AUG081015-15,2026-08-08 14:15:00+00:00,YES,14,0.52,15,7.800000000000001,0.27,0.7045454545454546,0.52,0.18454545454545457,0.7045454545454546,1,yes,1,6.93,820.180000000001,827.1100000000009,0.010000000000000009,0.515,6.096704729618541e-05,9.234605143682018e-06
2026-08-08 14:18:00+00:00,KXBTC15M-26AUG081030-30,2026-08-08 14:30:00+00:00,YES,12,0.34,24,8.16,0.38,0.4271523178807947,0.34,0.0871523178807947,0.4271523178807947,1,yes,1,15.459999999999999,827.1100000000009,842.570000000001,0.010000000000000009,0.335,0.00011707679395662296,-8.797937222104757e-05
2026-08-08 14:31:00+00:00,KXBTC15M-26AUG081045-45,2026-08-08 14:45:00+00:00,YES,14,0.57,14,7.9799999999999995,0.25,0.7578947368421053,0.57,0.18789473684210534,0.7578947368421053,0,no,0,-8.23,842.570000000001,834.3400000000009,0.009999999999999898,0.565,0.00021615220648880988,0.00013505200193475453
2026-08-08 14:46:00+00:00,KXBTC15M-26AUG081100-00,2026-08-08 15:00:00+00:00,YES,14,0.68,12,8.16,0.19,0.7424242424242424,0.68,0.06242424242424238,0.7424242424242424,1,yes,1,3.65,834.3400000000009,837.9900000000009,0.010000000000000009,0.675,0.00012962799357407178,0.00011879291643834833
2026-08-08 15:01:00+00:00,KXBTC15M-26AUG081115-15,2026-08-08 15:15:00+00:00,YES,14,0.74,11,8.14,0.15,0.9047619047619048,0.74,0.16476190476190478,0.9047619047619048,0,no,0,-8.290000000000001,837.9900000000009,829.700000000001,0.010000000000000009,0.735,0.0003674457066730251,0.0003659801338240509
2026-08-08 15:16:00+00:00,KXBTC15M-26AUG081130-30,2026-08-08 15:30:00+00:00,NO,14,0.45999999999999996,18,8.28,0.32,0.5728476821192052,0.45999999999999996,0.11284768211920526,0.4271523178807947,0,no,1,9.4,829.700000000001,839.1000000000009,0.020000000000000018,0.55,0.00012023170905815326,-7.607940538179037e-05
2026-08-08 15:33:00+00:00,KXBTC15M-26AUG081145-45,2026-08-08 15:45:00+00:00,NO,12,0.55,15,8.25,0.26,0.6050420168067228,0.55,0.055042016806722716,0.3949579831932773,0,no,1,6.49,839.1000000000009,845.5900000000009,0.010000000000000009,0.455,5.0285771396759075e-05,-0.0001149926599938178
2026-08-08 15:48:00+00:00,KXBTC15M-26AUG081200-00,2026-08-08 16:00:00+00:00,NO,12,0.48,17,8.16,0.3,0.6209150326797386,0.48,0.1409150326797386,0.3790849673202614,1,yes,0,-8.46,845.5900000000009,837.1300000000009,0.010000000000000009,0.525,4.3637587456331304e-05,-0.0001436377695361868
2026-08-08 16:01:00+00:00,KXBTC15M-26AUG081215-15,2026-08-08 16:15:00+00:00,YES,14,0.7,11,7.699999999999999,0.17,0.7578947368421053,0.7,0.05789473684210533,0.7578947368421053,1,yes,1,3.130000000000001,837.1300000000009,840.2600000000009,0.010000000000000009,0.695,0.00020420342245277211,0.00013576298335382653
2026-08-08 16:16:00+00:00,KXBTC15M-26AUG081230-30,2026-08-08 16:30:00+00:00,NO,14,0.52,16,8.32,0.28,0.6050420168067228,0.52,0.08504201680672274,0.3949579831932773,0,no,1,7.3999999999999995,840.2600000000009,847.6600000000009,0.010000000000000009,0.485,6.46854668081753e-05,-0.00012192221362772315
2026-08-08 16:31:00+00:00,KXBTC15M-26AUG081245-45,2026-08-08 16:45:00+00:00,NO,14,0.77,11,8.47,0.14,0.8623853211009174,0.77,0.09238532110091735,0.13761467889908258,0,no,1,2.3899999999999992,847.6600000000009,850.0500000000009,0.009999999999999981,0.235,0.00014517840103321863,-0.0004645104627098995
2026-08-08 16:46:00+00:00,KXBTC15M-26AUG081300-00,2026-08-08 17:00:00+00:00,NO,14,0.5,17,8.5,0.3,0.5728476821192052,0.5,0.07284768211920523,0.4271523178807947,1,yes,0,-8.8,850.0500000000009,841.2500000000009,0.010000000000000009,0.505,6.171565737572588e-05,-8.520541734191589e-05
2026-08-08 17:01:00+00:00,KXBTC15M-26AUG081315-15,2026-08-08 17:15:00+00:00,YES,14,0.53,15,7.95,0.27,0.7045454545454546,0.53,0.17454545454545456,0.7045454545454546,1,yes,1,6.779999999999999,841.2500000000009,848.0300000000009,0.010000000000000009,0.525,3.2790199321153776e-05,1.2760665417888006e-05
2026-08-08 17:16:00+00:00,KXBTC15M-26AUG081330-30,2026-08-08 17:30:00+00:00,YES,14,0.5,16,8.0,0.29,0.5851063829787234,0.5,0.08510638297872342,0.5851063829787234,0,no,0,-8.29,848.0300000000009,839.7400000000009,0.010000000000000009,0.495,0.000174077238163816,-3.411056771507326e-05
2026-08-08 17:41:00+00:00,KXBTC15M-26AUG081345-45,2026-08-08 17:45:00+00:00,NO,4,0.17000000000000004,49,8.330000000000002,0.49,0.2954545454545454,0.17000000000000004,0.12545454545454537,0.7045454545454546,1,yes,0,-8.820000000000002,839.7400000000009,830.9200000000009,0.010000000000000009,0.835,0.00010303380342190541,2.6123683347201165e-05
2026-08-08 17:46:00+00:00,KXBTC15M-26AUG081400-00,2026-08-08 18:00:00+00:00,NO,14,0.47,17,7.989999999999999,0.3,0.5728476821192052,0.47,0.10284768211920525,0.4271523178807947,0,no,1,8.71,830.9200000000009,839.6300000000009,0.010000000000000009,0.535,3.096075953667514e-05,-6.268362422567897e-05
2026-08-08 18:03:00+00:00,KXBTC15M-26AUG081415-15,2026-08-08 18:15:00+00:00,YES,12,0.59,14,8.26,0.24,0.7045454545454546,0.59,0.11454545454545462,0.7045454545454546,0,no,0,-8.5,839.6300000000009,831.1300000000009,0.010000000000000009,0.585,7.716022176833613e-05,3.380431450628052e-05
2026-08-08 18:18:00+00:00,KXBTC15M-26AUG081430-30,2026-08-08 18:30:00+00:00,YES,12,0.29,28,8.12,0.41,0.3790849673202614,0.29,0.08908496732026144,0.3790849673202614,0,no,0,-8.53,831.1300000000009,822.6000000000009,0.009999999999999953,0.28500000000000003,0.00012651161095679782,-0.0002197935293398734
2026-08-08 18:31:00+00:00,KXBTC15M-26AUG081445-45,2026-08-08 18:45:00+00:00,NO,14,0.47,17,7.989999999999999,0.3,0.5728476821192052,0.47,0.10284768211920525,0.4271523178807947,1,yes,0,-8.29,822.6000000000009,814.310000000001,0.010000000000000009,0.535,0.0001669482084729656,-9.369363381761531e-05
2026-08-08 18:46:00+00:00,KXBTC15M-26AUG081500-00,2026-08-08 19:00:00+00:00,YES,14,0.56,14,7.840000000000001,0.25,0.7045454545454546,0.56,0.14454545454545453,0.7045454545454546,0,no,0,-8.09,814.310000000001,806.2200000000009,0.010000000000000009,0.555,1.9862926166908534e-05,-1.9996815890932496e-06
2026-08-08 19:01:00+00:00,KXBTC15M-26AUG081515-15,2026-08-08 19:15:00+00:00,NO,14,0.51,15,7.65,0.27,0.6,0.51,0.08999999999999997,0.4,0,no,1,7.08,806.2200000000009,813.300000000001,0.010000000000000009,0.495,4.9095078112601724e-05,-0.00010938030748330885
2026-08-08 19:16:00+00:00,KXBTC15M-26AUG081530-30,2026-08-08 19:30:00+00:00,NO,14,0.48,16,7.68,0.28,0.6209150326797386,0.48,0.1409150326797386,0.3790849673202614,0,no,1,8.040000000000001,813.300000000001,821.3400000000009,0.010000000000000009,0.525,6.311829581326821e-05,-0.00018866304380282806
2026-08-08 19:31:00+00:00,KXBTC15M-26AUG081545-45,2026-08-08 19:45:00+00:00,NO,14,0.62,13,8.06,0.22,0.7445255474452555,0.62,0.12452554744525546,0.25547445255474455,1,yes,0,-8.280000000000001,821.3400000000009,813.060000000001,0.010000000000000009,0.385,4.783324889823938e-05,-0.00023667852316300309
2026-08-08 20:03:00+00:00,KXBTC15M-26AUG081615-15,2026-08-08 20:15:00+00:00,NO,12,0.47,17,7.989999999999999,0.3,0.5728476821192052,0.47,0.10284768211920525,0.4271523178807947,1,yes,0,-8.29,813.060000000001,804.770000000001,0.010000000000000009,0.535,7.591736598564348e-05,-7.2582275931099e-05
2026-08-08 20:16:00+00:00,KXBTC15M-26AUG081630-30,2026-08-08 20:30:00+00:00,YES,14,0.64,12,7.68,0.2,0.7417218543046358,0.64,0.10172185430463576,0.7417218543046358,0,no,0,-7.88,804.770000000001,796.890000000001,0.010000000000000009,0.635,7.313713807835009e-05,7.411610395324786e-05
2026-08-08 20:31:00+00:00,KXBTC15M-26AUG081645-45,2026-08-08 20:45:00+00:00,NO,14,0.43000000000000005,18,7.740000000000001,0.31,0.5728476821192052,0.43000000000000005,0.14284768211920518,0.4271523178807947,1,yes,0,-8.05,796.890000000001,788.840000000001,0.010000000000000009,0.575,1.571131155446506e-05,-6.044299641005946e-05
2026-08-08 20:46:00+00:00,KXBTC15M-26AUG081700-00,2026-08-08 21:00:00+00:00,YES,14,0.5,15,7.5,0.27,0.7045454545454546,0.5,0.20454545454545459,0.7045454545454546,1,yes,1,7.23,788.840000000001,796.0700000000011,0.010000000000000009,0.495,8.034183248263706e-05,2.9525797242691e-05
2026-08-08 21:01:00+00:00,KXBTC15M-26AUG081715-15,2026-08-08 21:15:00+00:00,YES,14,0.51,15,7.65,0.27,0.5851063829787234,0.51,0.07510638297872341,0.5851063829787234,0,no,0,-7.92,796.0700000000011,788.1500000000011,0.010000000000000009,0.505,1.709883816023822e-05,-1.2301486680854623e-05
2026-08-08 21:16:00+00:00,KXBTC15M-26AUG081730-30,2026-08-08 21:30:00+00:00,NO,14,0.5,15,7.5,0.27,0.5728476821192052,0.5,0.07284768211920523,0.4271523178807947,0,no,1,7.23,788.1500000000011,795.3800000000011,0.010000000000000009,0.505,0.00013015298873968493,-4.99975001250208e-05
2026-08-08 21:31:00+00:00,KXBTC15M-26AUG081745-45,2026-08-08 21:45:00+00:00,NO,14,0.5700000000000001,13,7.410000000000001,0.23,0.6209150326797386,0.5700000000000001,0.050915032679738514,0.3790849673202614,1,yes,0,-7.6400000000000015,795.3800000000011,787.7400000000011,0.010000000000000009,0.435,0.00017968976817855198,-0.00019679069609290778
2026-08-08 21:46:00+00:00,KXBTC15M-26AUG081800-00,2026-08-08 22:00:00+00:00,NO,14,0.5700000000000001,13,7.410000000000001,0.23,0.7445255474452555,0.5700000000000001,0.1745255474452554,0.25547445255474455,0,no,1,5.3599999999999985,787.7400000000011,793.1000000000012,0.010000000000000009,0.435,0.00023126569929956924,-0.0002632025458193521
2026-08-08 22:01:00+00:00,KXBTC15M-26AUG081815-15,2026-08-08 22:15:00+00:00,YES,14,0.61,13,7.93,0.22,0.7417218543046358,0.61,0.1317218543046358,0.7417218543046358,0,no,0,-8.15,793.1000000000012,784.9500000000012,0.010000000000000009,0.605,0.00013093080045373432,3.478749152630023e-05
2026-08-08 22:16:00+00:00,KXBTC15M-26AUG081830-30,2026-08-08 22:30:00+00:00,YES,14,0.52,15,7.800000000000001,0.27,0.5851063829787234,0.52,0.0651063829787234,0.5851063829787234,0,no,0,-8.07,784.9500000000012,776.8800000000011,0.010000000000000009,0.515,3.411110899976971e-05,-2.7404232599059775e-05
2026-08-08 22:40:00+00:00,KXBTC15M-26AUG081845-45,2026-08-08 22:45:00+00:00,YES,5,0.13,59,7.67,0.47,0.25547445255474455,0.13,0.12547445255474454,0.25547445255474455,0,no,0,-8.14,776.8800000000011,768.7400000000011,0.010000000000000009,0.125,6.0525930617714984e-05,-0.00024696710841554115
2026-08-08 22:46:00+00:00,KXBTC15M-26AUG081900-00,2026-08-08 23:00:00+00:00,NO,14,0.51,15,7.65,0.27,0.5728476821192052,0.51,0.06284768211920522,0.4271523178807947,0,no,1,7.08,768.7400000000011,775.8200000000012,0.010000000000000009,0.495,2.6776303516310073e-05,-8.271033608109324e-05
2026-08-08 23:03:00+00:00,KXBTC15M-26AUG081915-15,2026-08-08 23:15:00+00:00,NO,12,0.52,14,7.28,0.25,0.5728476821192052,0.52,0.05284768211920521,0.4271523178807947,0,no,1,6.47,775.8200000000012,782.2900000000012,0.010000000000000009,0.485,5.7861423471914314e-05,-7.334446443429954e-05
2026-08-08 23:18:00+00:00,KXBTC15M-26AUG081930-30,2026-08-08 23:30:00+00:00,YES,12,0.79,9,7.11,0.11,0.8656126482213439,0.79,0.07561264822134384,0.8656126482213439,0,no,0,-7.220000000000001,782.2900000000012,775.0700000000012,0.010000000000000009,0.785,0.0001189145168684237,0.00026752661473739003
2026-08-08 23:31:00+00:00,KXBTC15M-26AUG081945-45,2026-08-08 23:45:00+00:00,NO,14,0.53,14,7.42,0.25,0.6,0.53,0.06999999999999995,0.4,1,yes,0,-7.67,775.0700000000012,767.4000000000012,0.010000000000000009,0.475,0.00011238506118394562,-0.00011604355285599333
2026-08-08 23:46:00+00:00,KXBTC15M-26AUG082000-00,2026-08-09 00:00:00+00:00,NO,14,0.53,14,7.42,0.25,0.6050420168067228,0.53,0.07504201680672273,0.3949579831932773,0,no,1,6.33,767.4000000000012,773.7300000000013,0.010000000000000009,0.475,4.472572970735033e-05,-0.00012215771500678763
2026-08-09 00:01:00+00:00,KXBTC15M-26AUG082015-15,2026-08-09 00:15:00+00:00,YES,14,0.49,15,7.35,0.27,0.7045454545454546,0.49,0.2145454545454546,0.7045454545454546,1,yes,1,7.380000000000001,773.7300000000013,781.1100000000013,0.010000000000000009,0.485,0.0001244547010537238,1.8796268478560307e-05
2026-08-09 00:16:00+00:00,KXBTC15M-26AUG082030-30,2026-08-09 00:30:00+00:00,NO,14,0.52,15,7.800000000000001,0.27,0.6050420168067228,0.52,0.08504201680672274,0.3949579831932773,1,yes,0,-8.07,781.1100000000013,773.0400000000012,0.010000000000000009,0.485,5.7004593821562376e-05,-0.00013418306699042315
2026-08-09 00:31:00+00:00,KXBTC15M-26AUG082045-45,2026-08-09 00:45:00+00:00,YES,14,0.55,14,7.700000000000001,0.25,0.7045454545454546,0.55,0.15454545454545454,0.7045454545454546,1,yes,1,6.049999999999999,773.0400000000012,779.0900000000012,0.010000000000000009,0.545,2.801642841474316e-05,-5.083508958336758e-06
2026-08-09 00:46:00+00:00,KXBTC15M-26AUG082100-00,2026-08-09 01:00:00+00:00,YES,14,0.67,11,7.37,0.18,0.7578947368421053,0.67,0.08789473684210525,0.7578947368421053,1,yes,1,3.4499999999999997,779.0900000000012,782.5400000000012,0.010000000000000009,0.665,0.00011527906307341522,0.00013324238962608703
2026-08-09 01:05:00+00:00,KXBTC15M-26AUG082115-15,2026-08-09 01:15:00+00:00,YES,10,0.79,9,7.11,0.11,0.8656126482213439,0.79,0.07561264822134384,0.8656126482213439,1,yes,1,1.7799999999999996,782.5400000000012,784.3200000000012,0.010000000000000009,0.785,0.00019664894637920247,0.0002746301503551152
2026-08-09 01:16:00+00:00,KXBTC15M-26AUG082130-30,2026-08-09 01:30:00+00:00,YES,14,0.5,15,7.5,0.27,0.5851063829787234,0.5,0.08510638297872342,0.5851063829787234,0,no,0,-7.77,784.3200000000012,776.5500000000012,0.010000000000000009,0.495,4.769867991771667e-05,-3.372819968572305e-05
2026-08-09 01:31:00+00:00,KXBTC15M-26AUG082145-45,2026-08-09 01:45:00+00:00,YES,14,0.62,12,7.4399999999999995,0.2,0.7424242424242424,0.62,0.12242424242424244,0.7424242424242424,1,yes,1,4.36,776.5500000000012,780.9100000000012,0.010000000000000009,0.615,0.00024779256436612625,0.00010290562597559116
2026-08-09 01:46:00+00:00,KXBTC15M-26AUG082200-00,2026-08-09 02:00:00+00:00,YES,14,0.6,13,7.8,0.22,0.7417218543046358,0.6,0.1417218543046358,0.7417218543046358,0,no,0,-8.02,780.9100000000012,772.8900000000012,0.010000000000000009,0.595,5.785250817622727e-05,7.712032699025428e-05
2026-08-09 02:11:00+00:00,KXBTC15M-26AUG082215-15,2026-08-09 02:15:00+00:00,YES,4,0.19,40,7.6,0.44,0.3790849673202614,0.19,0.18908496732026142,0.3790849673202614,0,no,0,-8.04,772.8900000000012,764.8500000000013,0.010000000000000009,0.185,0.0003714434284462783,-0.00023883920443712459
2026-08-09 02:16:00+00:00,KXBTC15M-26AUG082230-30,2026-08-09 02:30:00+00:00,NO,14,0.69,11,7.59,0.17,0.7445255474452555,0.69,0.05452554744525551,0.25547445255474455,0,no,1,3.24,764.8500000000013,768.0900000000013,0.010000000000000009,0.315,0.00015061905873669701,-0.0002856391558043736
2026-08-09 02:35:00+00:00,KXBTC15M-26AUG082245-45,2026-08-09 02:45:00+00:00,NO,10,0.51,15,7.65,0.27,0.5728476821192052,0.51,0.06284768211920522,0.4271523178807947,0,no,1,7.08,768.0900000000013,775.1700000000013,0.010000000000000009,0.495,5.8684433238031675e-05,-6.019284862657237e-05
2026-08-09 02:46:00+00:00,KXBTC15M-26AUG082300-00,2026-08-09 03:00:00+00:00,YES,14,0.67,11,7.37,0.18,0.7417218543046358,0.67,0.07172185430463573,0.7417218543046358,1,yes,1,3.4499999999999997,775.1700000000013,778.6200000000014,0.010000000000000009,0.665,0.0003084707820959216,4.541056713169844e-05
2026-08-09 03:05:00+00:00,KXBTC15M-26AUG082315-15,2026-08-09 03:15:00+00:00,YES,10,0.32,24,7.68,0.37,0.3949579831932773,0.32,0.07495798319327729,0.3949579831932773,0,no,0,-8.049999999999999,778.6200000000014,770.5700000000014,0.010000000000000009,0.315,7.757117619497959e-05,-0.00014234624906828142
2026-08-09 03:16:00+00:00,KXBTC15M-26AUG082330-30,2026-08-09 03:30:00+00:00,NO,14,0.76,10,7.6,0.13,0.8623853211009174,0.76,0.10238532110091736,0.13761467889908258,1,yes,0,-7.7299999999999995,770.5700000000014,762.8400000000014,0.010000000000000009,0.245,0.0002521718647805846,-0.0005217029831798836
2026-08-09 03:33:00+00:00,KXBTC15M-26AUG082345-45,2026-08-09 03:45:00+00:00,YES,12,0.76,10,7.6,0.13,0.8656126482213439,0.76,0.10561264822134386,0.8656126482213439,1,yes,1,2.2700000000000005,762.8400000000014,765.1100000000014,0.010000000000000009,0.755,0.00013990838426531087,0.00019310760341872957
2026-08-09 03:46:00+00:00,KXBTC15M-26AUG090000-00,2026-08-09 04:00:00+00:00,YES,14,0.6,12,7.199999999999999,0.21,0.7417218543046358,0.6,0.1417218543046358,0.7417218543046358,0,no,0,-7.409999999999999,765.1100000000014,757.7000000000014,0.010000000000000009,0.595,9.080648734429511e-05,7.073652944034059e-05
2026-08-09 04:01:00+00:00,KXBTC15M-26AUG090015-15,2026-08-09 04:15:00+00:00,YES,14,0.52,14,7.28,0.25,0.5851063829787234,0.52,0.0651063829787234,0.5851063829787234,1,yes,1,6.47,757.7000000000014,764.1700000000014,0.010000000000000009,0.515,3.975955205175311e-05,-2.7804913313556057e-05
2026-08-09 04:16:00+00:00,KXBTC15M-26AUG090030-30,2026-08-09 04:30:00+00:00,YES,14,0.62,12,7.4399999999999995,0.2,0.7424242424242424,0.62,0.12242424242424244,0.7424242424242424,1,yes,1,4.36,764.1700000000014,768.5300000000015,0.010000000000000009,0.615,9.987444265474217e-05,9.572820600722842e-05
2026-08-09 04:31:00+00:00,KXBTC15M-26AUG090045-45,2026-08-09 04:45:00+00:00,YES,14,0.46,16,7.36,0.28,0.7417218543046358,0.46,0.28172185430463575,0.7417218543046358,0,no,0,-7.640000000000001,768.5300000000015,760.8900000000015,0.010000000000000009,0.455,0.00013414600206955985,3.5664158493320386e-05
2026-08-09 04:46:00+00:00,KXBTC15M-26AUG090100-00,2026-08-09 05:00:00+00:00,NO,14,0.52,14,7.28,0.25,0.6,0.52,0.07999999999999996,0.4,0,no,1,6.47,760.8900000000015,767.3600000000015,0.010000000000000009,0.485,5.2676323438792874e-05,-0.00010747879455741405
2026-08-09 05:01:00+00:00,KXBTC15M-26AUG090115-15,2026-08-09 05:15:00+00:00,NO,14,0.49,15,7.35,0.27,0.5728476821192052,0.49,0.08284768211920523,0.4271523178807947,0,no,1,7.380000000000001,767.3600000000015,774.7400000000015,0.010000000000000009,0.515,4.13819383261587e-05,-8.89745268709552e-05
2026-08-09 05:16:00+00:00,KXBTC15M-26AUG090130-30,2026-08-09 05:30:00+00:00,NO,14,0.49,15,7.35,0.27,0.5728476821192052,0.49,0.08284768211920523,0.4271523178807947,0,no,1,7.380000000000001,774.7400000000015,782.1200000000015,0.010000000000000009,0.515,2.7447661868349763e-05,-3.8000241903923815e-05
2026-08-09 05:31:00+00:00,KXBTC15M-26AUG090145-45,2026-08-09 05:45:00+00:00,NO,14,0.49,15,7.35,0.27,0.5728476821192052,0.49,0.08284768211920523,0.4271523178807947,1,yes,0,-7.619999999999999,782.1200000000015,774.5000000000015,0.010000000000000009,0.515,1.5476169875060035e-05,-6.53448772859333e-05
2026-08-09 05:46:00+00:00,KXBTC15M-26AUG090200-00,2026-08-09 06:00:00+00:00,NO,14,0.51,15,7.65,0.27,0.5728476821192052,0.51,0.06284768211920522,0.4271523178807947,1,yes,0,-7.92,774.5000000000015,766.5800000000015,0.010000000000000009,0.495,5.549653471846523e-05,-4.6652404213087806e-05
2026-08-09 06:01:00+00:00,KXBTC15M-26AUG090215-15,2026-08-09 06:15:00+00:00,YES,14,0.6,12,7.199999999999999,0.21,0.7424242424242424,0.6,0.14242424242424245,0.7424242424242424,1,yes,1,4.590000000000001,766.5800000000015,771.1700000000016,0.010000000000000009,0.595,0.00013784563040650835,8.664555665838236e-05
2026-08-09 06:16:00+00:00,KXBTC15M-26AUG090230-30,2026-08-09 06:30:00+00:00,YES,14,0.54,14,7.5600000000000005,0.25,0.7424242424242424,0.54,0.2024242424242424,0.7424242424242424,1,yes,1,6.1899999999999995,771.1700000000016,777.3600000000016,0.010000000000000009,0.535,7.409512919959863e-05,9.51248954359496e-05
2026-08-09 06:31:00+00:00,KXBTC15M-26AUG090245-45,2026-08-09 06:45:00+00:00,YES,14,0.53,14,7.42,0.25,0.7417218543046358,0.53,0.21172185430463575,0.7417218543046358,1,yes,1,6.33,777.3600000000016,783.6900000000016,0.010000000000000009,0.525,2.7043211727961595e-05,4.5844348711687744e-05
2026-08-09 06:46:00+00:00,KXBTC15M-26AUG090300-00,2026-08-09 07:00:00+00:00,YES,14,0.56,13,7.280000000000001,0.23,0.7424242424242424,0.56,0.18242424242424238,0.7424242424242424,1,yes,1,5.489999999999998,783.6900000000016,789.1800000000017,0.010000000000000009,0.555,5.709149878941896e-05,0.0001026195768834004
2026-08-09 07:09:00+00:00,KXBTC15M-26AUG090315-15,2026-08-09 07:15:00+00:00,NO,6,0.43000000000000005,18,7.740000000000001,0.31,0.5728476821192052,0.43000000000000005,0.14284768211920518,0.4271523178807947,1,yes,0,-8.05,789.1800000000017,781.1300000000017,0.010000000000000009,0.575,7.918815669757954e-05,-7.931671581262734e-05
2026-08-09 07:16:00+00:00,KXBTC15M-26AUG090330-30,2026-08-09 07:30:00+00:00,NO,14,0.52,15,7.800000000000001,0.27,0.6,0.52,0.07999999999999996,0.4,0,no,1,6.93,781.1300000000017,788.0600000000017,0.010000000000000009,0.485,0.00010215339535002595,-0.00010632067952642821
2026-08-09 07:31:00+00:00,KXBTC15M-26AUG090345-45,2026-08-09 07:45:00+00:00,NO,14,0.54,14,7.5600000000000005,0.25,0.6209150326797386,0.54,0.08091503267973854,0.3790849673202614,0,no,1,6.1899999999999995,788.0600000000017,794.2500000000017,0.009999999999999953,0.46499999999999997,4.377989545952612e-05,-0.00018042348122870866
2026-08-09 07:52:00+00:00,KXBTC15M-26AUG090400-00,2026-08-09 08:00:00+00:00,NO,8,0.73,10,7.3,0.14,0.8095238095238095,0.73,0.07952380952380955,0.19047619047619047,0,no,1,2.56,794.2500000000017,796.8100000000017,0.010000000000000009,0.275,1.3136477519729653e-05,-0.00030592571314880246
2026-08-09 08:16:00+00:00,KXBTC15M-26AUG090430-30,2026-08-09 08:30:00+00:00,YES,14,0.63,12,7.5600000000000005,0.2,0.7424242424242424,0.63,0.11242424242424243,0.7424242424242424,0,no,0,-7.760000000000001,796.8100000000017,789.0500000000017,0.010000000000000009,0.625,9.805907852148588e-05,8.78702110733709e-05
2026-08-09 08:31:00+00:00,KXBTC15M-26AUG090445-45,2026-08-09 08:45:00+00:00,YES,14,0.65,12,7.800000000000001,0.2,0.7417218543046358,0.65,0.09172185430463575,0.7417218543046358,0,no,0,-8.0,789.0500000000017,781.0500000000017,0.010000000000000009,0.645,9.223930224578924e-05,4.349502583478326e-05
2026-08-09 08:46:00+00:00,KXBTC15M-26AUG090500-00,2026-08-09 09:00:00+00:00,NO,14,0.44999999999999996,17,7.6499999999999995,0.3,0.5728476821192052,0.44999999999999996,0.12284768211920527,0.4271523178807947,1,yes,0,-7.949999999999999,781.0500000000017,773.1000000000016,0.010000000000000009,0.555,0.00019110945420870674,-9.651977489422148e-05
2026-08-09 09:01:00+00:00,KXBTC15M-26AUG090515-15,2026-08-09 09:15:00+00:00,YES,14,0.5,15,7.5,0.27,0.5851063829787234,0.5,0.08510638297872342,0.5851063829787234,1,yes,1,7.23,773.1000000000016,780.3300000000016,0.010000000000000009,0.495,5.030695098647981e-05,-2.9488064050009477e-05
2026-08-09 09:18:00+00:00,KXBTC15M-26AUG090530-30,2026-08-09 09:30:00+00:00,YES,12,0.6,13,7.8,0.22,0.7045454545454546,0.6,0.10454545454545461,0.7045454545454546,0,no,0,-8.02,780.3300000000016,772.3100000000017,0.010000000000000009,0.595,1.4170407559241496e-05,8.33623300455777e-06
2026-08-09 09:31:00+00:00,KXBTC15M-26AUG090545-45,2026-08-09 09:45:00+00:00,YES,14,0.47,16,7.52,0.28,0.5851063829787234,0.47,0.11510638297872344,0.5851063829787234,1,yes,1,8.200000000000001,772.3100000000017,780.5100000000017,0.009999999999999953,0.46499999999999997,0.00011386414442807384,-3.520469445339458e-05
2026-08-09 09:46:00+00:00,KXBTC15M-26AUG090600-00,2026-08-09 10:00:00+00:00,YES,14,0.54,14,7.5600000000000005,0.25,0.6666666666666666,0.54,0.1266666666666666,0.6666666666666666,1,yes,1,6.1899999999999995,780.5100000000017,786.7000000000018,0.010000000000000009,0.535,4.591473640274928e-05,-1.1734151677211813e-05
2026-08-09 10:01:00+00:00,KXBTC15M-26AUG090615-15,2026-08-09 10:15:00+00:00,YES,14,0.69,11,7.59,0.17,0.8656126482213439,0.69,0.17561264822134393,0.8656126482213439,1,yes,1,3.24,786.7000000000018,789.9400000000018,0.009999999999999898,0.685,0.00023030919197133688,0.0002462396003883871
2026-08-09 10:16:00+00:00,KXBTC15M-26AUG090630-30,2026-08-09 10:30:00+00:00,YES,14,0.51,15,7.65,0.27,0.7045454545454546,0.51,0.19454545454545458,0.7045454545454546,1,yes,1,7.08,789.9400000000018,797.0200000000018,0.010000000000000009,0.505,0.00021242441178727397,7.858284619688405e-06
2026-08-09 10:31:00+00:00,KXBTC15M-26AUG090645-45,2026-08-09 10:45:00+00:00,YES,14,0.59,13,7.67,0.23,0.7578947368421053,0.59,0.16789473684210532,0.7578947368421053,0,no,0,-7.9,797.0200000000018,789.1200000000018,0.010000000000000009,0.585,0.00014957653170547542,0.0001454294706351167
2026-08-09 11:01:00+00:00,KXBTC15M-26AUG090715-15,2026-08-09 11:15:00+00:00,YES,14,0.62,12,7.4399999999999995,0.2,0.7424242424242424,0.62,0.12242424242424244,0.7424242424242424,1,yes,1,4.36,789.1200000000018,793.4800000000018,0.010000000000000009,0.615,0.00013719579294438992,9.35147303418038e-05
2026-08-09 11:16:00+00:00,KXBTC15M-26AUG090730-30,2026-08-09 11:30:00+00:00,YES,14,0.49,16,7.84,0.28,0.7424242424242424,0.49,0.25242424242424244,0.7424242424242424,0,no,0,-8.12,793.4800000000018,785.3600000000018,0.010000000000000009,0.485,4.2463438664294975e-05,0.00011659824541965236
2026-08-09 11:31:00+00:00,KXBTC15M-26AUG090745-45,2026-08-09 11:45:00+00:00,YES,14,0.54,14,7.5600000000000005,0.25,0.7417218543046358,0.54,0.20172185430463574,0.7417218543046358,1,yes,1,6.1899999999999995,785.3600000000018,791.5500000000019,0.010000000000000009,0.535,5.8732281985220365e-06,8.61027006520132e-05
2026-08-09 11:46:00+00:00,KXBTC15M-26AUG090800-00,2026-08-09 12:00:00+00:00,YES,14,0.56,14,7.840000000000001,0.25,0.7424242424242424,0.56,0.18242424242424238,0.7424242424242424,0,no,0,-8.09,791.5500000000019,783.4600000000019,0.010000000000000009,0.555,3.6744562381422124e-05,0.00010610102449848391
2026-08-09 12:01:00+00:00,KXBTC15M-26AUG090815-15,2026-08-09 12:15:00+00:00,NO,14,0.51,15,7.65,0.27,0.5728476821192052,0.51,0.06284768211920522,0.4271523178807947,0,no,1,7.08,783.4600000000019,790.5400000000019,0.010000000000000009,0.495,8.842408520167664e-05,-5.577383187327367e-05
2026-08-09 12:16:00+00:00,KXBTC15M-26AUG090830-30,2026-08-09 12:30:00+00:00,YES,14,0.48,16,7.68,0.28,0.5851063829787234,0.48,0.10510638297872343,0.5851063829787234,1,yes,1,8.040000000000001,790.5400000000019,798.5800000000019,0.010000000000000009,0.475,3.6317053863867866e-05,-2.75836265442031e-05
2026-08-09 12:31:00+00:00,KXBTC15M-26AUG090845-45,2026-08-09 12:45:00+00:00,NO,14,0.5700000000000001,14,7.98,0.25,0.8623853211009174,0.5700000000000001,0.2923853211009173,0.13761467889908258,0,no,1,5.77,798.5800000000019,804.3500000000018,0.010000000000000009,0.435,6.891908996142249e-08,-6.425880549809637e-05
2026-08-09 12:46:00+00:00,KXBTC15M-26AUG090900-00,2026-08-09 13:00:00+00:00,YES,14,0.55,14,7.700000000000001,0.25,0.7045454545454546,0.55,0.15454545454545454,0.7045454545454546,1,yes,1,6.049999999999999,804.3500000000018,810.4000000000018,0.010000000000000009,0.545,1.2893420145937447e-07,1.5410607152599454e-06
2026-08-09 13:01:00+00:00,KXBTC15M-26AUG090915-15,2026-08-09 13:15:00+00:00,YES,14,0.74,10,7.4,0.14,0.8656126482213439,0.74,0.12561264822134388,0.8656126482213439,1,yes,1,2.4599999999999995,810.4000000000018,812.8600000000018,0.010000000000000009,0.735,0.0001022865306932543,0.00023510528664894004
2026-08-09 13:16:00+00:00,KXBTC15M-26AUG090930-30,2026-08-09 13:30:00+00:00,YES,14,0.65,12,7.800000000000001,0.2,0.7578947368421053,0.65,0.10789473684210527,0.7578947368421053,1,yes,1,3.999999999999999,812.8600000000018,816.8600000000018,0.010000000000000009,0.645,7.235699357293521e-05,0.00016345502678083434
2026-08-09 13:31:00+00:00,KXBTC15M-26AUG090945-45,2026-08-09 13:45:00+00:00,YES,14,0.67,12,8.040000000000001,0.19,0.8656126482213439,0.67,0.19561264822134383,0.8656126482213439,1,yes,1,3.769999999999999,816.8600000000018,820.6300000000018,0.010000000000000009,0.665,0.00018174144677771006,0.00030740684411578734
2026-08-09 13:46:00+00:00,KXBTC15M-26AUG091000-00,2026-08-09 14:00:00+00:00,YES,14,0.48,17,8.16,0.3,0.7424242424242424,0.48,0.26242424242424245,0.7424242424242424,0,no,0,-8.46,820.6300000000018,812.1700000000018,0.010000000000000009,0.475,0.0001649665483721313,0.00010648609244068297
2026-08-09 14:01:00+00:00,KXBTC15M-26AUG091015-15,2026-08-09 14:15:00+00:00,YES,14,0.54,15,8.100000000000001,0.27,0.7417218543046358,0.54,0.20172185430463574,0.7417218543046358,1,yes,1,6.629999999999999,812.1700000000018,818.8000000000018,0.010000000000000009,0.535,6.010224967835042e-05,8.393244527593602e-05
2026-08-09 14:16:00+00:00,KXBTC15M-26AUG091030-30,2026-08-09 14:30:00+00:00,NO,14,0.71,11,7.81,0.16,0.8623853211009174,0.71,0.1523853211009174,0.13761467889908258,0,no,1,3.0300000000000002,818.8000000000018,821.8300000000017,0.010000000000000009,0.295,0.0002472060820025748,-0.000352970683184628
2026-08-09 14:31:00+00:00,KXBTC15M-26AUG091045-45,2026-08-09 14:45:00+00:00,YES,14,0.69,11,7.59,0.17,0.8656126482213439,0.69,0.17561264822134393,0.8656126482213439,0,no,0,-7.76,821.8300000000017,814.0700000000018,0.009999999999999898,0.685,0.0001423962573223738,0.0002998136641958471
2026-08-09 14:46:00+00:00,KXBTC15M-26AUG091100-00,2026-08-09 15:00:00+00:00,YES,14,0.53,15,7.95,0.27,0.7417218543046358,0.53,0.21172185430463575,0.7417218543046358,1,yes,1,6.779999999999999,814.0700000000018,820.8500000000017,0.010000000000000009,0.525,0.00012941317639413383,5.221148661926911e-05
2026-08-09 15:01:00+00:00,KXBTC15M-26AUG091115-15,2026-08-09 15:15:00+00:00,NO,14,0.69,11,7.59,0.17,0.7445255474452555,0.69,0.05452554744525551,0.25547445255474455,0,no,1,3.24,820.8500000000017,824.0900000000017,0.010000000000000009,0.315,0.00039042437394113473,-0.00026494509595520466
2026-08-09 15:22:00+00:00,KXBTC15M-26AUG091130-30,2026-08-09 15:30:00+00:00,YES,8,0.25,32,8.0,0.43,0.3170731707317073,0.25,0.06707317073170732,0.3170731707317073,0,no,0,-8.43,824.0900000000017,815.6600000000018,0.010000000000000009,0.245,3.273579180191329e-05,-0.00021965103708421196
2026-08-09 15:31:00+00:00,KXBTC15M-26AUG091145-45,2026-08-09 15:45:00+00:00,NO,14,0.49,16,7.84,0.28,0.5728476821192052,0.49,0.08284768211920523,0.4271523178807947,0,no,1,7.88,815.6600000000018,823.5400000000018,0.010000000000000009,0.515,5.735526032867544e-05,-5.7376104815931583e-05
2026-08-09 15:48:00+00:00,KXBTC15M-26AUG091200-00,2026-08-09 16:00:00+00:00,YES,12,0.52,15,7.800000000000001,0.27,0.5851063829787234,0.52,0.0651063829787234,0.5851063829787234,1,yes,1,6.93,823.5400000000018,830.4700000000017,0.010000000000000009,0.515,7.664873307596735e-06,-1.871777416828646e-05
2026-08-09 16:01:00+00:00,KXBTC15M-26AUG091215-15,2026-08-09 16:15:00+00:00,YES,14,0.59,14,8.26,0.24,0.7045454545454546,0.59,0.11454545454545462,0.7045454545454546,1,yes,1,5.5,830.4700000000017,835.9700000000017,0.010000000000000009,0.585,0.00010753297948437764,-1.1199307790699109e-05
2026-08-09 16:16:00+00:00,KXBTC15M-26AUG091230-30,2026-08-09 16:30:00+00:00,YES,14,0.45,18,8.1,0.32,0.7045454545454546,0.45,0.2545454545454546,0.7045454545454546,0,no,0,-8.42,835.9700000000017,827.5500000000018,0.010000000000000009,0.445,0.0002011455401117497,-9.357371038909434e-06
2026-08-09 16:33:00+00:00,KXBTC15M-26AUG091245-45,2026-08-09 16:45:00+00:00,YES,12,0.83,9,7.47,0.09,0.9047619047619048,0.83,0.07476190476190481,0.9047619047619048,1,yes,1,1.4400000000000002,827.5500000000018,828.9900000000018,0.010000000000000009,0.825,0.00023443997561366922,0.0004533472239045544
2026-08-09 16:46:00+00:00,KXBTC15M-26AUG091300-00,2026-08-09 17:00:00+00:00,YES,14,0.54,15,8.100000000000001,0.27,0.7578947368421053,0.54,0.21789473684210525,0.7578947368421053,0,no,0,-8.370000000000001,828.9900000000018,820.6200000000018,0.010000000000000009,0.535,0.0001266256166642891,0.0001266902838215067
2026-08-09 17:07:00+00:00,KXBTC15M-26AUG091315-15,2026-08-09 17:15:00+00:00,YES,8,0.34,24,8.16,0.38,0.3949579831932773,0.34,0.05495798319327727,0.3949579831932773,0,no,0,-8.540000000000001,820.6200000000018,812.0800000000019,0.010000000000000009,0.335,0.00011691435615082958,-0.00014957479337973645
2026-08-09 17:16:00+00:00,KXBTC15M-26AUG091330-30,2026-08-09 17:30:00+00:00,YES,14,0.49,16,7.84,0.28,0.7045454545454546,0.49,0.2145454545454546,0.7045454545454546,1,yes,1,7.88,812.0800000000019,819.9600000000019,0.010000000000000009,0.485,4.689286817903359e-05,-1.5342929824413432e-06
2026-08-09 17:31:00+00:00,KXBTC15M-26AUG091345-45,2026-08-09 17:45:00+00:00,YES,14,0.48,17,8.16,0.3,0.7045454545454546,0.48,0.2245454545454546,0.7045454545454546,0,no,0,-8.46,819.9600000000019,811.5000000000018,0.010000000000000009,0.475,1.0847611034382509e-07,1.0125056723486736e-05
2026-08-09 17:46:00+00:00,KXBTC15M-26AUG091400-00,2026-08-09 18:00:00+00:00,YES,14,0.47,17,7.989999999999999,0.3,0.5851063829787234,0.47,0.11510638297872344,0.5851063829787234,0,no,0,-8.29,811.5000000000018,803.2100000000019,0.009999999999999953,0.46499999999999997,1.7821408155968107e-05,-2.5159969077925837e-05
2026-08-09 18:05:00+00:00,KXBTC15M-26AUG091415-15,2026-08-09 18:15:00+00:00,YES,10,0.65,12,7.800000000000001,0.2,0.7424242424242424,0.65,0.09242424242424241,0.7424242424242424,1,yes,1,3.999999999999999,803.2100000000019,807.2100000000019,0.010000000000000009,0.645,7.896914928795051e-05,9.040790542691468e-05
2026-08-09 18:18:00+00:00,KXBTC15M-26AUG091430-30,2026-08-09 18:30:00+00:00,YES,12,0.24,33,7.92,0.43,0.3170731707317073,0.24,0.07707317073170733,0.3170731707317073,1,yes,1,24.65,807.2100000000019,831.8600000000018,0.009999999999999981,0.235,0.0001093397402210846,-0.0002317607725399462
2026-08-09 18:33:00+00:00,KXBTC15M-26AUG091445-45,2026-08-09 18:45:00+00:00,YES,12,0.62,13,8.06,0.22,0.7578947368421053,0.62,0.1378947368421053,0.7578947368421053,1,yes,1,4.72,831.8600000000018,836.5800000000019,0.010000000000000009,0.615,2.8651156936859806e-05,0.0001483939311024418
2026-08-09 18:46:00+00:00,KXBTC15M-26AUG091500-00,2026-08-09 19:00:00+00:00,YES,14,0.49,17,8.33,0.3,0.7417218543046358,0.49,0.2517218543046358,0.7417218543046358,0,no,0,-8.63,836.5800000000019,827.9500000000019,0.010000000000000009,0.485,3.1439052900968845e-06,8.13318910477534e-05
2026-08-09 19:03:00+00:00,KXBTC15M-26AUG091515-15,2026-08-09 19:15:00+00:00,YES,12,0.5,16,8.0,0.29,0.5851063829787234,0.5,0.08510638297872342,0.5851063829787234,0,no,0,-8.29,827.9500000000019,819.6600000000019,0.010000000000000009,0.495,4.782643387423462e-05,-2.2103687785435255e-05
2026-08-09 19:16:00+00:00,KXBTC15M-26AUG091530-30,2026-08-09 19:30:00+00:00,YES,14,0.6,13,7.8,0.22,0.7424242424242424,0.6,0.14242424242424245,0.7424242424242424,1,yes,1,4.98,819.6600000000019,824.6400000000019,0.010000000000000009,0.595,0.00011566300806283052,0.00010546189778293247
2026-08-09 19:31:00+00:00,KXBTC15M-26AUG091545-45,2026-08-09 19:45:00+00:00,YES,14,0.51,16,8.16,0.28,0.7045454545454546,0.51,0.19454545454545458,0.7045454545454546,0,no,0,-8.44,824.6400000000019,816.2000000000019,0.010000000000000009,0.505,5.1246745890460586e-05,1.9183509916365082e-05
2026-08-09 19:46:00+00:00,KXBTC15M-26AUG091600-00,2026-08-09 20:00:00+00:00,YES,14,0.51,16,8.16,0.28,0.5851063829787234,0.51,0.07510638297872341,0.5851063829787234,0,no,0,-8.44,816.2000000000019,807.7600000000018,0.010000000000000009,0.505,7.3590843858278705e-06,-1.795816300576014e-05
2026-08-09 20:03:00+00:00,KXBTC15M-26AUG091615-15,2026-08-09 20:15:00+00:00,NO,12,0.51,15,7.65,0.27,0.5728476821192052,0.51,0.06284768211920522,0.4271523178807947,0,no,1,7.08,807.7600000000018,814.8400000000019,0.010000000000000009,0.495,7.683688848801342e-05,-5.757288381658121e-05
2026-08-09 20:16:00+00:00,KXBTC15M-26AUG091630-30,2026-08-09 20:30:00+00:00,YES,14,0.7,11,7.699999999999999,0.17,0.8656126482213439,0.7,0.16561264822134392,0.8656126482213439,1,yes,1,3.130000000000001,814.8400000000019,817.9700000000018,0.010000000000000009,0.695,0.0002553646278846051,0.00020341900763809484
2026-08-09 20:31:00+00:00,KXBTC15M-26AUG091645-45,2026-08-09 20:45:00+00:00,YES,14,0.58,14,8.12,0.24,0.7417218543046358,0.58,0.16172185430463581,0.7417218543046358,1,yes,1,5.640000000000001,817.9700000000018,823.6100000000018,0.010000000000000009,0.575,0.00012894999868149522,7.05279516561852e-05
2026-08-09 20:48:00+00:00,KXBTC15M-26AUG091700-00,2026-08-09 21:00:00+00:00,NO,12,0.52,15,7.800000000000001,0.27,0.5728476821192052,0.52,0.05284768211920521,0.4271523178807947,0,no,1,6.93,823.6100000000018,830.5400000000018,0.010000000000000009,0.485,4.561685980584521e-05,-4.086271326564361e-05
2026-08-09 21:01:00+00:00,KXBTC15M-26AUG091715-15,2026-08-09 21:15:00+00:00,YES,14,0.51,16,8.16,0.28,0.7417218543046358,0.51,0.23172185430463577,0.7417218543046358,0,no,0,-8.44,830.5400000000018,822.1000000000017,0.010000000000000009,0.505,1.859725362991176e-05,4.393752759535019e-05
2026-08-09 21:16:00+00:00,KXBTC15M-26AUG091730-30,2026-08-09 21:30:00+00:00,YES,14,0.48,17,8.16,0.3,0.5851063829787234,0.48,0.10510638297872343,0.5851063829787234,1,yes,1,8.54,822.1000000000017,830.6400000000017,0.010000000000000009,0.475,4.97887686460165e-05,-1.9358636095034853e-05
2026-08-09 21:31:00+00:00,KXBTC15M-26AUG091745-45,2026-08-09 21:45:00+00:00,YES,14,0.56,14,7.840000000000001,0.25,0.7417218543046358,0.56,0.18172185430463572,0.7417218543046358,1,yes,1,5.909999999999999,830.6400000000017,836.5500000000017,0.010000000000000009,0.555,5.9358404521759876e-05,4.67038812614895e-05
2026-08-09 21:50:00+00:00,KXBTC15M-26AUG091800-00,2026-08-09 22:00:00+00:00,NO,10,0.75,11,8.25,0.15,0.8623853211009174,0.75,0.11238532110091737,0.13761467889908258,0,no,1,2.6,836.5500000000017,839.1500000000017,0.010000000000000009,0.255,8.772148566795233e-05,-0.0003508887135041938
2026-08-09 22:01:00+00:00,KXBTC15M-26AUG091815-15,2026-08-09 22:15:00+00:00,YES,14,0.62,13,8.06,0.22,0.8656126482213439,0.62,0.24561264822134388,0.8656126482213439,1,yes,1,4.72,839.1500000000017,843.8700000000017,0.010000000000000009,0.615,0.00024144831646892418,0.00025891062319338687
2026-08-09 22:16:00+00:00,KXBTC15M-26AUG091830-30,2026-08-09 22:30:00+00:00,NO,14,0.63,13,8.19,0.22,0.7445255474452555,0.63,0.11452554744525545,0.25547445255474455,0,no,1,4.590000000000001,843.8700000000017,848.4600000000017,0.020000000000000018,0.38,0.0010839704245208283,-0.0003631279955763622
2026-08-09 22:31:00+00:00,KXBTC15M-26AUG091845-45,2026-08-09 22:45:00+00:00,YES,14,0.54,15,8.100000000000001,0.27,0.7045454545454546,0.54,0.16454545454545455,0.7045454545454546,0,no,0,-8.370000000000001,848.4600000000017,840.0900000000017,0.010000000000000009,0.535,5.904047363184629e-05,3.2983002708153464e-05
2026-08-09 22:46:00+00:00,KXBTC15M-26AUG091900-00,2026-08-09 23:00:00+00:00,NO,14,0.65,12,7.800000000000001,0.2,0.8623853211009174,0.65,0.21238532110091735,0.13761467889908258,1,yes,0,-8.0,840.0900000000017,832.0900000000017,0.010000000000000009,0.355,0.00028548817393631563,-0.00045195267561526364
2026-08-09 23:01:00+00:00,KXBTC15M-26AUG091915-15,2026-08-09 23:15:00+00:00,NO,14,0.6699999999999999,12,8.04,0.19,0.8623853211009174,0.6699999999999999,0.19238532110091744,0.13761467889908258,0,no,1,3.770000000000001,832.0900000000017,835.8600000000017,0.010000000000000009,0.335,0.00010974810795271168,-0.0004301060718152616
2026-08-09 23:18:00+00:00,KXBTC15M-26AUG091930-30,2026-08-09 23:30:00+00:00,YES,12,0.6,13,7.8,0.22,0.8656126482213439,0.6,0.2656126482213439,0.8656126482213439,0,no,0,-8.02,835.8600000000017,827.8400000000017,0.010000000000000009,0.595,0.0003250978940031462,0.0001583258876058924
2026-08-09 23:31:00+00:00,KXBTC15M-26AUG091945-45,2026-08-09 23:45:00+00:00,NO,14,0.6699999999999999,12,8.04,0.19,0.8623853211009174,0.6699999999999999,0.19238532110091744,0.13761467889908258,0,no,1,3.770000000000001,827.8400000000017,831.6100000000017,0.010000000000000009,0.335,0.00024066170565826422,-0.0006640350859614674
2026-08-09 23:46:00+00:00,KXBTC15M-26AUG092000-00,2026-08-10 00:00:00+00:00,YES,14,0.69,12,8.28,0.18,0.9047619047619048,0.69,0.21476190476190482,0.9047619047619048,0,no,0,-8.459999999999999,831.6100000000017,823.1500000000017,0.009999999999999898,0.685,0.00037607720363373986,0.00037267256960271666
2026-08-10 00:01:00+00:00,KXBTC15M-26AUG092015-15,2026-08-10 00:15:00+00:00,NO,14,0.64,12,7.68,0.2,0.8623853211009174,0.64,0.22238532110091735,0.13761467889908258,1,yes,0,-7.88,823.1500000000017,815.2700000000017,0.010000000000000009,0.365,0.0003258423555884443,-0.0005419793455757604
2026-08-10 00:16:00+00:00,KXBTC15M-26AUG092030-30,2026-08-10 00:30:00+00:00,NO,14,0.6,13,7.8,0.22,0.8623853211009174,0.6,0.2623853211009174,0.13761467889908258,0,no,1,4.98,815.2700000000017,820.2500000000017,0.009999999999999953,0.405,0.0005517334682434497,-0.00045787791939422284
2026-08-10 00:31:00+00:00,KXBTC15M-26AUG092045-45,2026-08-10 00:45:00+00:00,YES,14,0.6,13,7.8,0.22,0.7578947368421053,0.6,0.1578947368421053,0.7578947368421053,0,no,0,-8.02,820.2500000000017,812.2300000000017,0.010000000000000009,0.595,0.0003685090585117897,0.00013068567340224213
2026-08-10 00:46:00+00:00,KXBTC15M-26AUG092100-00,2026-08-10 01:00:00+00:00,YES,14,0.61,13,7.93,0.22,0.8656126482213439,0.61,0.2556126482213439,0.8656126482213439,1,yes,1,4.8500000000000005,812.2300000000017,817.0800000000017,0.010000000000000009,0.605,0.00039515767938188954,0.0002633049243885299
2026-08-10 01:01:00+00:00,KXBTC15M-26AUG092115-15,2026-08-10 01:15:00+00:00,YES,14,0.62,13,8.06,0.22,0.9047619047619048,0.62,0.28476190476190477,0.9047619047619048,1,yes,1,4.72,817.0800000000017,821.8000000000018,0.010000000000000009,0.615,0.00025285792076011875,0.00036016539879613063
2026-08-10 01:16:00+00:00,KXBTC15M-26AUG092130-30,2026-08-10 01:30:00+00:00,YES,14,0.68,12,8.16,0.19,0.9047619047619048,0.68,0.22476190476190472,0.9047619047619048,1,yes,1,3.65,821.8000000000018,825.4500000000018,0.010000000000000009,0.675,0.0003115951403727811,0.000454201898748785
2026-08-10 01:31:00+00:00,KXBTC15M-26AUG092145-45,2026-08-10 01:45:00+00:00,NO,14,0.6599999999999999,12,7.919999999999999,0.19,0.8623853211009174,0.6599999999999999,0.20238532110091745,0.13761467889908258,0,no,1,3.890000000000001,825.4500000000018,829.3400000000017,0.009999999999999953,0.345,0.00032233575069176215,-0.00042663120641062147
2026-08-10 01:46:00+00:00,KXBTC15M-26AUG092200-00,2026-08-10 02:00:00+00:00,YES,14,0.67,12,8.040000000000001,0.19,0.9047619047619048,0.67,0.23476190476190473,0.9047619047619048,1,yes,1,3.769999999999999,829.3400000000017,833.1100000000017,0.010000000000000009,0.665,0.0003105604894562887,0.00037879237171623004
2026-08-10 02:01:00+00:00,KXBTC15M-26AUG092215-15,2026-08-10 02:15:00+00:00,NO,14,0.5800000000000001,14,8.120000000000001,0.24,0.7445255474452555,0.5800000000000001,0.16452554744525538,0.25547445255474455,0,no,1,5.639999999999999,833.1100000000017,838.7500000000017,0.010000000000000009,0.425,0.00016844806061733623,-0.00026922775839499646
2026-08-10 02:16:00+00:00,KXBTC15M-26AUG092230-30,2026-08-10 02:30:00+00:00,NO,14,0.73,11,8.03,0.16,0.8623853211009174,0.73,0.13238532110091739,0.13761467889908258,0,no,1,2.8100000000000005,838.7500000000017,841.5600000000017,0.010000000000000009,0.275,0.00030439600239080215,-0.0006627530626969191
2026-08-10 02:31:00+00:00,KXBTC15M-26AUG092245-45,2026-08-10 02:45:00+00:00,YES,14,0.64,13,8.32,0.21,0.8656126482213439,0.64,0.22561264822134386,0.8656126482213439,1,yes,1,4.47,841.5600000000017,846.0300000000017,0.010000000000000009,0.635,0.0001988983271907254,0.0002806816033851245
2026-08-10 02:46:00+00:00,KXBTC15M-26AUG092300-00,2026-08-10 03:00:00+00:00,NO,14,0.77,10,7.7,0.13,0.9186991869918699,0.77,0.1486991869918699,0.08130081300813008,0,no,1,2.17,846.0300000000017,848.2000000000016,0.009999999999999981,0.235,0.0008275070828872306,-0.0007493199407360152
2026-08-10 03:01:00+00:00,KXBTC15M-26AUG092315-15,2026-08-10 03:15:00+00:00,NO,14,0.69,12,8.28,0.18,0.8623853211009174,0.69,0.17238532110091742,0.13761467889908258,0,no,1,3.5400000000000005,848.2000000000016,851.7400000000016,0.010000000000000009,0.315,0.0002845591167705507,-0.00041107359078162986
2026-08-10 03:16:00+00:00,KXBTC15M-26AUG092330-30,2026-08-10 03:30:00+00:00,NO,14,0.69,12,8.28,0.18,0.8623853211009174,0.69,0.17238532110091742,0.13761467889908258,1,yes,0,-8.459999999999999,851.7400000000016,843.2800000000016,0.010000000000000009,0.315,0.00017377301949721003,-0.000526442978201036
2026-08-10 03:31:00+00:00,KXBTC15M-26AUG092345-45,2026-08-10 03:45:00+00:00,NO,14,0.73,11,8.03,0.16,0.8623853211009174,0.73,0.13238532110091739,0.13761467889908258,0,no,1,2.8100000000000005,843.2800000000016,846.0900000000015,0.010000000000000009,0.275,0.0004582997644693471,-0.0006647902211542878
2026-08-10 03:46:00+00:00,KXBTC15M-26AUG100000-00,2026-08-10 04:00:00+00:00,YES,14,0.7,12,8.399999999999999,0.18,0.8656126482213439,0.7,0.16561264822134392,0.8656126482213439,0,no,0,-8.579999999999998,846.0900000000015,837.5100000000015,0.010000000000000009,0.695,0.00029865518373202606,0.0002964597989891793
2026-08-10 04:01:00+00:00,KXBTC15M-26AUG100015-15,2026-08-10 04:15:00+00:00,YES,14,0.67,12,8.040000000000001,0.19,0.8656126482213439,0.67,0.19561264822134383,0.8656126482213439,1,yes,1,3.769999999999999,837.5100000000015,841.2800000000015,0.010000000000000009,0.665,0.00018689082561611285,0.00026141483191022274
2026-08-10 04:16:00+00:00,KXBTC15M-26AUG100030-30,2026-08-10 04:30:00+00:00,YES,14,0.63,13,8.19,0.22,0.8656126482213439,0.63,0.23561264822134387,0.8656126482213439,0,no,0,-8.41,841.2800000000015,832.8700000000015,0.010000000000000009,0.625,0.00012454150224257236,0.00020240869422227803
2026-08-10 04:31:00+00:00,KXBTC15M-26AUG100045-45,2026-08-10 04:45:00+00:00,NO,14,0.64,13,8.32,0.21,0.8623853211009174,0.64,0.22238532110091735,0.13761467889908258,0,no,1,4.47,832.8700000000015,837.3400000000015,0.010000000000000009,0.365,0.000436989790644892,-0.00042482066674842667
2026-08-10 04:46:00+00:00,KXBTC15M-26AUG100100-00,2026-08-10 05:00:00+00:00,YES,14,0.66,12,7.92,0.19,0.8656126482213439,0.66,0.20561264822134384,0.8656126482213439,0,no,0,-8.11,837.3400000000015,829.2300000000015,0.010000000000000009,0.655,0.0001688886494822418,0.00033330141439891214
2026-08-10 05:01:00+00:00,KXBTC15M-26AUG100115-15,2026-08-10 05:15:00+00:00,YES,14,0.57,14,7.9799999999999995,0.25,0.7417218543046358,0.57,0.17172185430463582,0.7417218543046358,0,no,0,-8.23,829.2300000000015,821.0000000000015,0.009999999999999898,0.565,0.0002599990575028042,4.0184101691265184e-05
2026-08-10 05:16:00+00:00,KXBTC15M-26AUG100130-30,2026-08-10 05:30:00+00:00,YES,14,0.75,10,7.5,0.14,0.9196428571428571,0.75,0.1696428571428571,0.9196428571428571,1,yes,1,2.36,821.0000000000015,823.3600000000015,0.010000000000000009,0.745,0.0004055083851736444,0.00045673505578602835
2026-08-10 05:31:00+00:00,KXBTC15M-26AUG100145-45,2026-08-10 05:45:00+00:00,NO,14,0.54,15,8.100000000000001,0.27,0.6050420168067228,0.54,0.06504201680672272,0.3949579831932773,1,yes,0,-8.370000000000001,823.3600000000015,814.9900000000015,0.009999999999999953,0.46499999999999997,9.325369173449173e-05,-0.00012909477787770296
2026-08-10 05:46:00+00:00,KXBTC15M-26AUG100200-00,2026-08-10 06:00:00+00:00,NO,14,0.5,16,8.0,0.29,0.5728476821192052,0.5,0.07284768211920523,0.4271523178807947,1,yes,0,-8.29,814.9900000000015,806.7000000000015,0.010000000000000009,0.505,6.512823958537941e-05,-8.795842949305133e-05
2026-08-10 06:01:00+00:00,KXBTC15M-26AUG100215-15,2026-08-10 06:15:00+00:00,YES,14,0.62,13,8.06,0.22,0.8656126482213439,0.62,0.24561264822134388,0.8656126482213439,1,yes,1,4.72,806.7000000000015,811.4200000000016,0.010000000000000009,0.615,0.00022009481089146663,0.00029683419874126926
2026-08-10 06:16:00+00:00,KXBTC15M-26AUG100230-30,2026-08-10 06:30:00+00:00,YES,14,0.58,13,7.539999999999999,0.23,0.7578947368421053,0.58,0.17789473684210533,0.7578947368421053,0,no,0,-7.77,811.4200000000016,803.6500000000016,0.010000000000000009,0.575,0.00023319331512339477,0.00014779735892411772
2026-08-10 06:33:00+00:00,KXBTC15M-26AUG100245-45,2026-08-10 06:45:00+00:00,YES,12,0.7,11,7.699999999999999,0.17,0.8656126482213439,0.7,0.16561264822134392,0.8656126482213439,1,yes,1,3.130000000000001,803.6500000000016,806.7800000000016,0.010000000000000009,0.695,9.092227240570232e-05,0.0003095907719836699
2026-08-10 06:46:00+00:00,KXBTC15M-26AUG100300-00,2026-08-10 07:00:00+00:00,YES,14,0.57,14,7.9799999999999995,0.25,0.7578947368421053,0.57,0.18789473684210534,0.7578947368421053,1,yes,1,5.7700000000000005,806.7800000000016,812.5500000000015,0.009999999999999898,0.565,0.00012867858225285033,0.00016399732511018783
2026-08-10 07:01:00+00:00,KXBTC15M-26AUG100315-15,2026-08-10 07:15:00+00:00,NO,14,0.5700000000000001,14,7.98,0.25,0.6829268292682926,0.5700000000000001,0.11292682926829256,0.3170731707317073,0,no,1,5.77,812.5500000000015,818.3200000000015,0.010000000000000009,0.435,0.00030535923914204026,-0.00024139140766132883
2026-08-10 07:16:00+00:00,KXBTC15M-26AUG100330-30,2026-08-10 07:30:00+00:00,NO,14,0.71,11,7.81,0.16,0.8623853211009174,0.71,0.1523853211009174,0.13761467889908258,1,yes,0,-7.97,818.3200000000015,810.3500000000015,0.010000000000000009,0.295,0.00014620135319252234,-0.0003905475531895686
2026-08-10 07:33:00+00:00,KXBTC15M-26AUG100345-45,2026-08-10 07:45:00+00:00,NO,12,0.45999999999999996,17,7.819999999999999,0.3,0.5728476821192052,0.45999999999999996,0.11284768211920526,0.4271523178807947,1,yes,0,-8.12,810.3500000000015,802.2300000000015,0.010000000000000009,0.545,0.00017268973522820532,-5.2548768474380836e-05
2026-08-10 07:46:00+00:00,KXBTC15M-26AUG100400-00,2026-08-10 08:00:00+00:00,NO,14,0.49,16,7.84,0.28,0.5728476821192052,0.49,0.08284768211920523,0.4271523178807947,0,no,1,7.88,802.2300000000015,810.1100000000015,0.010000000000000009,0.515,5.0961677613791394e-05,-8.36359904354822e-05
2026-08-10 08:01:00+00:00,KXBTC15M-26AUG100415-15,2026-08-10 08:15:00+00:00,YES,14,0.74,10,7.4,0.14,0.8656126482213439,0.74,0.12561264822134388,0.8656126482213439,1,yes,1,2.4599999999999995,810.1100000000015,812.5700000000015,0.010000000000000009,0.735,0.0002132978526473205,0.0002707164040021137
2026-08-10 08:16:00+00:00,KXBTC15M-26AUG100430-30,2026-08-10 08:30:00+00:00,NO,14,0.8,10,8.0,0.12,0.8623853211009174,0.8,0.062385321100917324,0.13761467889908258,1,yes,0,-8.12,812.5700000000015,804.4500000000015,0.009999999999999981,0.20500000000000002,0.00025119693982368044,-0.0006306429936606683
2026-08-10 08:31:00+00:00,KXBTC15M-26AUG100445-45,2026-08-10 08:45:00+00:00,YES,14,0.63,12,7.5600000000000005,0.2,0.7424242424242424,0.63,0.11242424242424243,0.7424242424242424,0,no,0,-7.760000000000001,804.4500000000015,796.6900000000015,0.010000000000000009,0.625,0.0003406091674539539,6.866685447870502e-05
2026-08-10 08:46:00+00:00,KXBTC15M-26AUG100500-00,2026-08-10 09:00:00+00:00,NO,14,0.63,12,7.5600000000000005,0.2,0.8623853211009174,0.63,0.23238532110091736,0.13761467889908258,1,yes,0,-7.760000000000001,796.6900000000015,788.9300000000015,0.010000000000000009,0.375,0.00033067359358621005,-0.0003801994927298269
2026-08-10 09:01:00+00:00,KXBTC15M-26AUG100515-15,2026-08-10 09:15:00+00:00,NO,14,0.64,12,7.68,0.2,0.8623853211009174,0.64,0.22238532110091735,0.13761467889908258,0,no,1,4.12,788.9300000000015,793.0500000000015,0.010000000000000009,0.365,0.00022280910302512646,-0.00040843276388424776
2026-08-10 09:16:00+00:00,KXBTC15M-26AUG100530-30,2026-08-10 09:30:00+00:00,NO,14,0.43999999999999995,18,7.919999999999999,0.32,0.6,0.43999999999999995,0.16000000000000003,0.4,0,no,1,9.760000000000002,793.0500000000015,802.8100000000015,0.009999999999999898,0.565,0.00019444823694705026,-0.00011783668418618998
2026-08-10 09:31:00+00:00,KXBTC15M-26AUG100545-45,2026-08-10 09:45:00+00:00,NO,14,0.76,10,7.6,0.13,0.8640668647320617,0.76,0.10406686473206173,0.13593313526793832,0,no,1,2.2700000000000005,802.8100000000015,805.0800000000015,0.010000000000000009,0.245,0.00019435035305546475,-0.0006936400562468359
2026-08-10 09:46:00+00:00,KXBTC15M-26AUG100600-00,2026-08-10 10:00:00+00:00,NO,14,0.6599999999999999,12,7.919999999999999,0.19,0.8623853211009174,0.6599999999999999,0.20238532110091745,0.13761467889908258,0,no,1,3.890000000000001,805.0800000000015,808.9700000000015,0.009999999999999953,0.345,0.00014493133033611407,-0.000493330880267151
2026-08-10 10:01:00+00:00,KXBTC15M-26AUG100615-15,2026-08-10 10:15:00+00:00,YES,14,0.64,12,7.68,0.2,0.7045454545454546,0.64,0.06454545454545457,0.7045454545454546,1,yes,1,4.12,808.9700000000015,813.0900000000015,0.010000000000000009,0.635,0.00017586860950058724,3.3886102954738817e-06
2026-08-10 10:16:00+00:00,KXBTC15M-26AUG100630-30,2026-08-10 10:30:00+00:00,NO,14,0.53,15,7.95,0.27,0.6829268292682926,0.53,0.1529268292682926,0.3170731707317073,0,no,1,6.779999999999999,813.0900000000015,819.8700000000015,0.010000000000000009,0.475,6.914503421073918e-05,-0.00021662998214344587
2026-08-10 10:31:00+00:00,KXBTC15M-26AUG100645-45,2026-08-10 10:45:00+00:00,YES,14,0.7,11,7.699999999999999,0.17,0.7578947368421053,0.7,0.05789473684210533,0.7578947368421053,0,no,0,-7.869999999999999,819.8700000000015,812.0000000000015,0.010000000000000009,0.695,0.00022763418339715152,0.00015083982380681427
2026-08-10 10:46:00+00:00,KXBTC15M-26AUG100700-00,2026-08-10 11:00:00+00:00,NO,14,0.52,15,7.800000000000001,0.27,0.6209150326797386,0.52,0.10091503267973856,0.3790849673202614,1,yes,0,-8.07,812.0000000000015,803.9300000000014,0.010000000000000009,0.485,7.816771595652299e-05,-0.00021243521880365268
2026-08-10 11:01:00+00:00,KXBTC15M-26AUG100715-15,2026-08-10 11:15:00+00:00,NO,14,0.62,12,7.4399999999999995,0.2,0.7692307692307692,0.62,0.14923076923076917,0.23076923076923078,0,no,1,4.36,803.9300000000014,808.2900000000014,0.010000000000000009,0.385,0.00022243687358150432,-0.00031384884583973705
2026-08-10 11:16:00+00:00,KXBTC15M-26AUG100730-30,2026-08-10 11:30:00+00:00,YES,14,0.72,11,7.92,0.16,0.8656126482213439,0.72,0.1456126482213439,0.8656126482213439,1,yes,1,2.92,808.2900000000014,811.2100000000014,0.010000000000000009,0.715,0.00032926696180232256,0.0001990505305089485
2026-08-10 11:31:00+00:00,KXBTC15M-26AUG100745-45,2026-08-10 11:45:00+00:00,NO,14,0.52,15,7.800000000000001,0.27,0.5728476821192052,0.52,0.05284768211920521,0.4271523178807947,0,no,1,6.93,811.2100000000014,818.1400000000014,0.010000000000000009,0.485,0.00015893917228728609,-7.488775294606231e-05
2026-08-10 11:46:00+00:00,KXBTC15M-26AUG100800-00,2026-08-10 12:00:00+00:00,NO,14,0.53,15,7.95,0.27,0.6209150326797386,0.53,0.09091503267973855,0.3790849673202614,1,yes,0,-8.22,818.1400000000014,809.9200000000013,0.010000000000000009,0.475,7.08984019384926e-05,-0.00017211349215962013
2026-08-10 12:01:00+00:00,KXBTC15M-26AUG100815-15,2026-08-10 12:15:00+00:00,NO,14,0.7,11,7.699999999999999,0.17,0.8623853211009174,0.7,0.1623853211009174,0.13761467889908258,1,yes,0,-7.869999999999999,809.9200000000013,802.0500000000013,0.010000000000000009,0.305,0.00021170548472187797,-0.00047526516046692
2026-08-10 12:16:00+00:00,KXBTC15M-26AUG100830-30,2026-08-10 12:30:00+00:00,NO,14,0.65,12,7.800000000000001,0.2,0.8623853211009174,0.65,0.21238532110091735,0.13761467889908258,0,no,1,3.999999999999999,802.0500000000013,806.0500000000013,0.010000000000000009,0.355,0.00041016144556564805,-0.0004417423979590218
2026-08-10 12:31:00+00:00,KXBTC15M-26AUG100845-45,2026-08-10 12:45:00+00:00,YES,14,0.56,14,7.840000000000001,0.25,0.7045454545454546,0.56,0.14454545454545453,0.7045454545454546,0,no,0,-8.09,806.0500000000013,797.9600000000013,0.010000000000000009,0.555,0.0002025180714122571,-1.4614678613966703e-05
2026-08-10 12:46:00+00:00,KXBTC15M-26AUG100900-00,2026-08-10 13:00:00+00:00,NO,14,0.55,14,7.700000000000001,0.25,0.7445255474452555,0.55,0.1945255474452554,0.25547445255474455,0,no,1,6.049999999999999,797.9600000000013,804.0100000000012,0.010000000000000009,0.455,0.0002623162833149397,-0.00026290144997531684
2026-08-10 13:01:00+00:00,KXBTC15M-26AUG100915-15,2026-08-10 13:15:00+00:00,YES,14,0.58,13,7.539999999999999,0.23,0.7045454545454546,0.58,0.12454545454545463,0.7045454545454546,1,yes,1,5.23,804.0100000000012,809.2400000000013,0.010000000000000009,0.575,0.0001756449153282559,1.9589230797256718e-05
2026-08-10 13:16:00+00:00,KXBTC15M-26AUG100930-30,2026-08-10 13:30:00+00:00,NO,14,0.47,17,7.989999999999999,0.3,0.5728476821192052,0.47,0.10284768211920525,0.4271523178807947,1,yes,0,-8.29,809.2400000000013,800.9500000000013,0.010000000000000009,0.535,0.00016104338798969005,-7.064211056417857e-05
2026-08-10 13:31:00+00:00,KXBTC15M-26AUG100945-45,2026-08-10 13:45:00+00:00,NO,14,0.71,11,7.81,0.16,0.9186991869918699,0.71,0.20869918699186996,0.08130081300813008,0,no,1,3.0300000000000002,800.9500000000013,803.9800000000013,0.010000000000000009,0.295,0.000469979069590963,-0.0009505363509639819
2026-08-10 13:46:00+00:00,KXBTC15M-26AUG101000-00,2026-08-10 14:00:00+00:00,YES,14,0.55,14,7.700000000000001,0.25,0.7045454545454546,0.55,0.15454545454545454,0.7045454545454546,0,no,0,-7.950000000000001,803.9800000000013,796.0300000000012,0.010000000000000009,0.545,0.0002968918139636166,-2.306747220148786e-05
2026-08-10 14:01:00+00:00,KXBTC15M-26AUG101015-15,2026-08-10 14:15:00+00:00,YES,14,0.79,10,7.9,0.12,0.999999,0.79,0.20999899999999994,0.999999,1,yes,1,1.9799999999999995,796.0300000000012,798.0100000000012,0.010000000000000009,0.785,0.0007809664954720023,0.001445052207587727
2026-08-10 14:16:00+00:00,KXBTC15M-26AUG101030-30,2026-08-10 14:30:00+00:00,YES,14,0.54,14,7.5600000000000005,0.25,0.7045454545454546,0.54,0.16454545454545455,0.7045454545454546,1,yes,1,6.1899999999999995,798.0100000000012,804.2000000000013,0.010000000000000009,0.535,0.0003802048252837618,1.3914996686681391e-05
2026-08-10 14:31:00+00:00,KXBTC15M-26AUG101045-45,2026-08-10 14:45:00+00:00,YES,14,0.52,15,7.800000000000001,0.27,0.7045454545454546,0.52,0.18454545454545457,0.7045454545454546,1,yes,1,6.93,804.2000000000013,811.1300000000012,0.010000000000000009,0.515,0.0005006469556291097,-1.0811413578837303e-06
2026-08-10 14:46:00+00:00,KXBTC15M-26AUG101100-00,2026-08-10 15:00:00+00:00,YES,14,0.6,13,7.8,0.22,0.8656126482213439,0.6,0.2656126482213439,0.8656126482213439,0,no,0,-8.02,811.1300000000012,803.1100000000013,0.010000000000000009,0.595,0.0005604418173566948,0.0003085370297686296
2026-08-10 15:01:00+00:00,KXBTC15M-26AUG101115-15,2026-08-10 15:15:00+00:00,NO,14,0.6,13,7.8,0.22,0.9186991869918699,0.6,0.31869918699186994,0.08130081300813008,0,no,1,4.98,803.1100000000013,808.0900000000013,0.009999999999999953,0.405,0.00027209016918560433,-0.0007083962373708452
2026-08-10 15:16:00+00:00,KXBTC15M-26AUG101130-30,2026-08-10 15:30:00+00:00,YES,14,0.72,11,7.92,0.16,0.9196428571428571,0.72,0.19964285714285712,0.9196428571428571,0,no,0,-8.08,808.0900000000013,800.0100000000012,0.010000000000000009,0.715,0.0008894236834982948,0.0005740410693528819
2026-08-10 15:46:00+00:00,KXBTC15M-26AUG101200-00,2026-08-10 16:00:00+00:00,NO,14,0.6,13,7.8,0.22,0.8623853211009174,0.6,0.2623853211009174,0.13761467889908258,0,no,1,4.98,800.0100000000012,804.9900000000013,0.009999999999999953,0.405,0.0002812241861776418,-0.0005562067446600594
2026-08-10 16:01:00+00:00,KXBTC15M-26AUG101215-15,2026-08-10 16:15:00+00:00,NO,14,0.62,12,7.4399999999999995,0.2,0.8623853211009174,0.62,0.24238532110091737,0.13761467889908258,0,no,1,4.36,804.9900000000013,809.3500000000013,0.010000000000000009,0.385,0.0004416595588989629,-0.0005929145697119997
2026-08-10 16:16:00+00:00,KXBTC15M-26AUG101230-30,2026-08-10 16:30:00+00:00,NO,14,0.6699999999999999,12,8.04,0.19,0.9186991869918699,0.6699999999999999,0.24869918699187,0.08130081300813008,0,no,1,3.770000000000001,809.3500000000013,813.1200000000013,0.010000000000000009,0.335,0.00041517952756329313,-0.0008415278405460302
2026-08-10 16:31:00+00:00,KXBTC15M-26AUG101245-45,2026-08-10 16:45:00+00:00,NO,14,0.52,15,7.800000000000001,0.27,0.7445255474452555,0.52,0.22452554744525544,0.25547445255474455,0,no,1,6.93,813.1200000000013,820.0500000000012,0.010000000000000009,0.485,9.407930809342842e-05,-0.0002893791755316233
2026-08-10 16:46:00+00:00,KXBTC15M-26AUG101300-00,2026-08-10 17:00:00+00:00,NO,14,0.69,11,7.59,0.17,0.926829268292683,0.69,0.23682926829268303,0.07317073170731707,0,no,1,3.24,820.0500000000012,823.2900000000012,0.010000000000000009,0.315,0.0003721419790994574,-0.0011509889840390919
2026-08-10 17:01:00+00:00,KXBTC15M-26AUG101315-15,2026-08-10 17:15:00+00:00,YES,14,0.58,14,8.12,0.24,0.7424242424242424,0.58,0.16242424242424247,0.7424242424242424,1,yes,1,5.640000000000001,823.2900000000012,828.9300000000012,0.010000000000000009,0.575,0.0002234632215685615,0.0001068429460391318
2026-08-10 17:16:00+00:00,KXBTC15M-26AUG101330-30,2026-08-10 17:30:00+00:00,NO,14,0.75,11,8.25,0.15,0.9186991869918699,0.75,0.16869918699186992,0.08130081300813008,0,no,1,2.6,828.9300000000012,831.5300000000012,0.010000000000000009,0.255,0.00034360715135713023,-0.0009737000884869618
2026-08-10 17:31:00+00:00,KXBTC15M-26AUG101345-45,2026-08-10 17:45:00+00:00,NO,14,0.55,15,8.25,0.26,0.8623853211009174,0.55,0.3123853211009173,0.13761467889908258,1,yes,0,-8.51,831.5300000000012,823.0200000000012,0.010000000000000009,0.455,0.00038885863047474024,-0.00036210210841125523
2026-08-10 17:46:00+00:00,KXBTC15M-26AUG101400-00,2026-08-10 18:00:00+00:00,NO,14,0.77,10,7.7,0.13,0.9186991869918699,0.77,0.1486991869918699,0.08130081300813008,0,no,1,2.17,823.0200000000012,825.1900000000012,0.009999999999999981,0.235,0.0004212895891435897,-0.0010089779790203313
2026-08-10 18:01:00+00:00,KXBTC15M-26AUG101415-15,2026-08-10 18:15:00+00:00,YES,14,0.72,11,7.92,0.16,0.9196428571428571,0.72,0.19964285714285712,0.9196428571428571,1,yes,1,2.92,825.1900000000012,828.1100000000012,0.010000000000000009,0.715,0.0002686859424794155,0.0006935060283363992
2026-08-10 18:16:00+00:00,KXBTC15M-26AUG101430-30,2026-08-10 18:30:00+00:00,NO,14,0.76,10,7.6,0.13,0.9186991869918699,0.76,0.1586991869918699,0.08130081300813008,0,no,1,2.2700000000000005,828.1100000000012,830.3800000000011,0.010000000000000009,0.245,0.0003359288221735662,-0.0010108663041279442
2026-08-10 18:31:00+00:00,KXBTC15M-26AUG101445-45,2026-08-10 18:45:00+00:00,NO,14,0.5900000000000001,14,8.260000000000002,0.24,0.8623853211009174,0.5900000000000001,0.2723853211009173,0.13761467889908258,0,no,1,5.499999999999998,830.3800000000011,835.8800000000011,0.010000000000000009,0.415,0.00039796603904212536,-0.00043244560598609816
2026-08-10 18:46:00+00:00,KXBTC15M-26AUG101500-00,2026-08-10 19:00:00+00:00,YES,14,0.54,15,8.100000000000001,0.27,0.7417218543046358,0.54,0.20172185430463574,0.7417218543046358,1,yes,1,6.629999999999999,835.8800000000011,842.5100000000011,0.010000000000000009,0.535,0.0003836300491127225,2.2254977788183083e-05
2026-08-10 19:01:00+00:00,KXBTC15M-26AUG101515-15,2026-08-10 19:15:00+00:00,YES,14,0.67,12,8.040000000000001,0.19,0.9047619047619048,0.67,0.23476190476190473,0.9047619047619048,1,yes,1,3.769999999999999,842.5100000000011,846.2800000000011,0.010000000000000009,0.665,0.0003427325148334018,0.00038448016213976643
2026-08-10 19:16:00+00:00,KXBTC15M-26AUG101530-30,2026-08-10 19:30:00+00:00,NO,14,0.52,16,8.32,0.28,0.6050420168067228,0.52,0.08504201680672274,0.3949579831932773,1,yes,0,-8.6,846.2800000000011,837.6800000000011,0.010000000000000009,0.485,0.00020357605174983496,-0.0001518879912186799
2026-08-10 19:31:00+00:00,KXBTC15M-26AUG101545-45,2026-08-10 19:45:00+00:00,YES,14,0.79,10,7.9,0.12,0.9629629629629629,0.79,0.17296296296296287,0.9629629629629629,1,yes,1,1.9799999999999995,837.6800000000011,839.6600000000011,0.010000000000000009,0.785,0.0003775465323998679,0.0009126644109351822
2026-08-10 19:46:00+00:00,KXBTC15M-26AUG101600-00,2026-08-10 20:00:00+00:00,YES,14,0.56,14,7.840000000000001,0.25,0.7424242424242424,0.56,0.18242424242424238,0.7424242424242424,1,yes,1,5.909999999999999,839.6600000000011,845.5700000000011,0.010000000000000009,0.555,0.0004384814701016538,6.206085496729408e-05
2026-08-10 20:01:00+00:00,KXBTC15M-26AUG101615-15,2026-08-10 20:15:00+00:00,NO,14,0.52,16,8.32,0.28,0.5728476821192052,0.52,0.05284768211920521,0.4271523178807947,1,yes,0,-8.6,845.5700000000011,836.970000000001,0.010000000000000009,0.485,0.00025769512508187764,-8.535222879524351e-05
2026-08-10 20:16:00+00:00,KXBTC15M-26AUG101630-30,2026-08-10 20:30:00+00:00,YES,14,0.67,12,8.040000000000001,0.19,0.9047619047619048,0.67,0.23476190476190473,0.9047619047619048,1,yes,1,3.769999999999999,836.970000000001,840.740000000001,0.010000000000000009,0.665,0.00026748219500616246,0.0004265163445313913
2026-08-10 20:31:00+00:00,KXBTC15M-26AUG101645-45,2026-08-10 20:45:00+00:00,NO,14,0.62,13,8.06,0.22,0.7445255474452555,0.62,0.12452554744525546,0.25547445255474455,1,yes,0,-8.280000000000001,840.740000000001,832.4600000000011,0.010000000000000009,0.385,0.00014651983832840662,-0.0002536807515943762
2026-08-10 20:46:00+00:00,KXBTC15M-26AUG101700-00,2026-08-10 21:00:00+00:00,NO,14,0.75,11,8.25,0.15,0.8623853211009174,0.75,0.11238532110091737,0.13761467889908258,0,no,1,2.6,832.4600000000011,835.0600000000011,0.010000000000000009,0.255,0.0003771885690027785,-0.0005416301992910988
2026-08-10 21:01:00+00:00,KXBTC15M-26AUG101715-15,2026-08-10 21:15:00+00:00,NO,14,0.7,11,7.699999999999999,0.17,0.8623853211009174,0.7,0.1623853211009174,0.13761467889908258,0,no,1,3.130000000000001,835.0600000000011,838.1900000000011,0.010000000000000009,0.305,0.00019399532318244622,-0.00048485930110064857
2026-08-10 21:16:00+00:00,KXBTC15M-26AUG101730-30,2026-08-10 21:30:00+00:00,YES,14,0.54,15,8.100000000000001,0.27,0.7045454545454546,0.54,0.16454545454545455,0.7045454545454546,1,yes,1,6.629999999999999,838.1900000000011,844.8200000000011,0.010000000000000009,0.535,0.00013878929871644703,3.0910931088756755e-05
2026-08-10 21:31:00+00:00,KXBTC15M-26AUG101745-45,2026-08-10 21:45:00+00:00,YES,14,0.54,15,8.100000000000001,0.27,0.7045454545454546,0.54,0.16454545454545455,0.7045454545454546,0,no,0,-8.370000000000001,844.8200000000011,836.4500000000011,0.010000000000000009,0.535,0.00012208784971095955,-1.3269199907961493e-05
2026-08-10 21:46:00+00:00,KXBTC15M-26AUG101800-00,2026-08-10 22:00:00+00:00,NO,14,0.5700000000000001,14,7.98,0.25,0.7445255474452555,0.5700000000000001,0.1745255474452554,0.25547445255474455,0,no,1,5.77,836.4500000000011,842.220000000001,0.010000000000000009,0.435,0.000143291839407976,-0.00030085416012537447
2026-08-10 22:01:00+00:00,KXBTC15M-26AUG101815-15,2026-08-10 22:15:00+00:00,NO,14,0.38,22,8.36,0.37,0.5728476821192052,0.38,0.19284768211920522,0.4271523178807947,1,yes,0,-8.729999999999999,842.220000000001,833.490000000001,0.010000000000000009,0.625,0.00022147188010340727,-5.146277864587212e-05
2026-08-10 22:16:00+00:00,KXBTC15M-26AUG101830-30,2026-08-10 22:30:00+00:00,NO,14,0.49,17,8.33,0.3,0.5728476821192052,0.49,0.08284768211920523,0.4271523178807947,0,no,1,8.37,833.490000000001,841.860000000001,0.010000000000000009,0.515,0.00017438176618543756,-8.126883151204911e-05
2026-08-10 22:31:00+00:00,KXBTC15M-26AUG101845-45,2026-08-10 22:45:00+00:00,NO,14,0.5,16,8.0,0.29,0.6,0.5,0.09999999999999998,0.4,0,no,1,7.71,841.860000000001,849.5700000000011,0.010000000000000009,0.505,8.341174967468903e-05,-0.0001044506287833924
2026-08-10 22:46:00+00:00,KXBTC15M-26AUG101900-00,2026-08-10 23:00:00+00:00,YES,14,0.56,15,8.4,0.26,0.7045454545454546,0.56,0.14454545454545453,0.7045454545454546,1,yes,1,6.34,849.5700000000011,855.9100000000011,0.010000000000000009,0.555,0.00011680647530259449,4.3800863753773456e-06
2026-08-10 23:01:00+00:00,KXBTC15M-26AUG101915-15,2026-08-10 23:15:00+00:00,YES,14,0.63,13,8.19,0.22,0.7424242424242424,0.63,0.11242424242424243,0.7424242424242424,0,no,0,-8.41,855.9100000000011,847.5000000000011,0.010000000000000009,0.625,9.446922332166999e-05,8.740254186601071e-05
2026-08-10 23:16:00+00:00,KXBTC15M-26AUG101930-30,2026-08-10 23:30:00+00:00,YES,14,0.71,11,7.81,0.16,0.8656126482213439,0.71,0.1556126482213439,0.8656126482213439,1,yes,1,3.0300000000000002,847.5000000000011,850.5300000000011,0.010000000000000009,0.705,0.0001573743568211497,0.0001902169067165005
2026-08-10 23:31:00+00:00,KXBTC15M-26AUG101945-45,2026-08-10 23:45:00+00:00,NO,14,0.6699999999999999,12,8.04,0.19,0.8623853211009174,0.6699999999999999,0.19238532110091744,0.13761467889908258,0,no,1,3.770000000000001,850.5300000000011,854.3000000000011,0.010000000000000009,0.335,0.00021622645789525654,-0.00044793183428393224
2026-08-10 23:46:00+00:00,KXBTC15M-26AUG102000-00,2026-08-11 00:00:00+00:00,NO,14,0.51,16,8.16,0.28,0.6050420168067228,0.51,0.09504201680672275,0.3949579831932773,1,yes,0,-8.44,854.3000000000011,845.860000000001,0.010000000000000009,0.495,0.00019509099480742635,-0.0001318928898310645
2026-08-11 00:01:00+00:00,KXBTC15M-26AUG102015-15,2026-08-11 00:15:00+00:00,NO,14,0.69,12,8.28,0.18,0.8623853211009174,0.69,0.17238532110091742,0.13761467889908258,0,no,1,3.5400000000000005,845.860000000001,849.400000000001,0.010000000000000009,0.315,0.0002325059193554089,-0.0005203515987278751
2026-08-11 00:16:00+00:00,KXBTC15M-26AUG102030-30,2026-08-11 00:30:00+00:00,NO,14,0.5800000000000001,14,8.120000000000001,0.24,0.7692307692307692,0.5800000000000001,0.1892307692307691,0.23076923076923078,0,no,1,5.639999999999999,849.400000000001,855.040000000001,0.010000000000000009,0.425,0.0002732757921054417,-0.00032026685253716547
2026-08-11 00:31:00+00:00,KXBTC15M-26AUG102045-45,2026-08-11 00:45:00+00:00,YES,14,0.65,13,8.450000000000001,0.21,0.8656126482213439,0.65,0.21561264822134385,0.8656126482213439,0,no,0,-8.660000000000002,855.040000000001,846.380000000001,0.010000000000000009,0.645,0.00018405037634310206,0.0002753673141815405
2026-08-11 00:46:00+00:00,KXBTC15M-26AUG102100-00,2026-08-11 01:00:00+00:00,YES,14,0.71,11,7.81,0.16,0.8656126482213439,0.71,0.1556126482213439,0.8656126482213439,1,yes,1,3.0300000000000002,846.380000000001,849.410000000001,0.010000000000000009,0.705,0.0002714155244731034,0.0003113674790280463
2026-08-11 01:01:00+00:00,KXBTC15M-26AUG102115-15,2026-08-11 01:15:00+00:00,NO,14,0.49,17,8.33,0.3,0.5728476821192052,0.49,0.08284768211920523,0.4271523178807947,1,yes,0,-8.63,849.410000000001,840.780000000001,0.010000000000000009,0.515,0.00010290061775148317,-6.720601315646224e-05
2026-08-11 01:16:00+00:00,KXBTC15M-26AUG102130-30,2026-08-11 01:30:00+00:00,NO,14,0.69,12,8.28,0.18,0.8623853211009174,0.69,0.17238532110091742,0.13761467889908258,1,yes,0,-8.459999999999999,840.780000000001,832.320000000001,0.010000000000000009,0.315,0.00024632103526193083,-0.0005785428563080952
2026-08-11 01:31:00+00:00,KXBTC15M-26AUG102145-45,2026-08-11 01:45:00+00:00,NO,14,0.63,13,8.19,0.22,0.8623853211009174,0.63,0.23238532110091736,0.13761467889908258,0,no,1,4.590000000000001,832.320000000001,836.910000000001,0.010000000000000009,0.375,0.00016462589792975104,-0.000348995154841214
2026-08-11 01:46:00+00:00,KXBTC15M-26AUG102200-00,2026-08-11 02:00:00+00:00,NO,14,0.49,17,8.33,0.3,0.6209150326797386,0.49,0.13091503267973859,0.3790849673202614,1,yes,0,-8.63,836.910000000001,828.280000000001,0.010000000000000009,0.515,0.000360411578505769,-0.00017626720794927664
2026-08-11 02:01:00+00:00,KXBTC15M-26AUG102215-15,2026-08-11 02:15:00+00:00,NO,14,0.65,12,7.800000000000001,0.2,0.7445255474452555,0.65,0.09452554744525543,0.25547445255474455,0,no,1,3.999999999999999,828.280000000001,832.280000000001,0.010000000000000009,0.355,0.00023253961352300996,-0.0002849535614742882
2026-08-11 02:16:00+00:00,KXBTC15M-26AUG102230-30,2026-08-11 02:30:00+00:00,YES,14,0.62,13,8.06,0.22,0.7424242424242424,0.62,0.12242424242424244,0.7424242424242424,1,yes,1,4.72,832.280000000001,837.000000000001,0.010000000000000009,0.615,0.0002529888679506226,7.407550951121777e-05
2026-08-11 02:31:00+00:00,KXBTC15M-26AUG102245-45,2026-08-11 02:45:00+00:00,NO,14,0.49,17,8.33,0.3,0.6050420168067228,0.49,0.11504201680672277,0.3949579831932773,0,no,1,8.37,837.000000000001,845.370000000001,0.010000000000000009,0.515,6.509830579616308e-05,-0.00013407310015456364
2026-08-11 02:46:00+00:00,KXBTC15M-26AUG102300-00,2026-08-11 03:00:00+00:00,YES,14,0.67,12,8.040000000000001,0.19,0.7578947368421053,0.67,0.08789473684210525,0.7578947368421053,1,yes,1,3.769999999999999,845.370000000001,849.140000000001,0.010000000000000009,0.665,9.827630451815262e-05,0.00014706902835670554
2026-08-11 03:01:00+00:00,KXBTC15M-26AUG102315-15,2026-08-11 03:15:00+00:00,YES,14,0.61,13,7.93,0.22,0.7045454545454546,0.61,0.0945454545454546,0.7045454545454546,1,yes,1,4.8500000000000005,849.140000000001,853.990000000001,0.010000000000000009,0.605,9.045800183074798e-05,2.7037278468089454e-05
2026-08-11 03:16:00+00:00,KXBTC15M-26AUG102330-30,2026-08-11 03:30:00+00:00,NO,14,0.45999999999999996,18,8.28,0.32,0.5728476821192052,0.45999999999999996,0.11284768211920526,0.4271523178807947,1,yes,0,-8.6,853.990000000001,845.390000000001,0.010000000000000009,0.545,0.00015728249796407735,-4.3409765229651676e-05
2026-08-11 03:37:00+00:00,KXBTC15M-26AUG102345-45,2026-08-11 03:45:00+00:00,NO,8,0.55,15,8.25,0.26,0.6209150326797386,0.55,0.07091503267973853,0.3790849673202614,0,no,1,6.49,845.390000000001,851.880000000001,0.010000000000000009,0.455,2.4344906723530855e-05,-0.0001613548564691758
2026-08-11 03:46:00+00:00,KXBTC15M-26AUG110000-00,2026-08-11 04:00:00+00:00,NO,14,0.51,16,8.16,0.28,0.5728476821192052,0.51,0.06284768211920522,0.4271523178807947,1,yes,0,-8.44,851.880000000001,843.440000000001,0.010000000000000009,0.495,6.909853809313745e-05,-9.22371728291349e-05
2026-08-11 04:01:00+00:00,KXBTC15M-26AUG110015-15,2026-08-11 04:15:00+00:00,NO,14,0.5,16,8.0,0.29,0.6,0.5,0.09999999999999998,0.4,0,no,1,7.71,843.440000000001,851.150000000001,0.010000000000000009,0.505,0.00018840596465176068,-0.00011797957174353169
2026-08-11 04:16:00+00:00,KXBTC15M-26AUG110030-30,2026-08-11 04:30:00+00:00,NO,14,0.55,15,8.25,0.26,0.6050420168067228,0.55,0.055042016806722716,0.3949579831932773,0,no,1,6.49,851.150000000001,857.640000000001,0.010000000000000009,0.455,0.00010258568649123478,-0.00014500331681432943
2026-08-11 04:31:00+00:00,KXBTC15M-26AUG110045-45,2026-08-11 04:45:00+00:00,NO,14,0.47,18,8.459999999999999,0.32,0.6050420168067228,0.47,0.1350420168067228,0.3949579831932773,0,no,1,9.22,857.640000000001,866.860000000001,0.010000000000000009,0.535,5.961568209271569e-05,-0.00011834199431237646
2026-08-11 04:46:00+00:00,KXBTC15M-26AUG110100-00,2026-08-11 05:00:00+00:00,NO,14,0.32999999999999996,26,8.579999999999998,0.41,0.4148936170212766,0.32999999999999996,0.08489361702127662,0.5851063829787234,0,no,1,17.01,866.860000000001,883.870000000001,0.010000000000000009,0.675,5.236408259155519e-05,-2.01432796164136e-05
2026-08-11 05:01:00+00:00,KXBTC15M-26AUG110115-15,2026-08-11 05:15:00+00:00,NO,14,0.79,11,8.690000000000001,0.13,0.9186991869918699,0.79,0.12869918699186988,0.08130081300813008,1,yes,0,-8.820000000000002,883.870000000001,875.050000000001,0.010000000000000009,0.215,0.0002099760892335204,-0.0007216411216337537
2026-08-11 05:16:00+00:00,KXBTC15M-26AUG110130-30,2026-08-11 05:30:00+00:00,NO,14,0.41000000000000003,21,8.610000000000001,0.36,0.5728476821192052,0.41000000000000003,0.1628476821192052,0.4271523178807947,0,no,1,12.03,875.050000000001,887.080000000001,0.010000000000000009,0.595,0.00013921903307762684,-7.43872739001894e-05
2026-08-11 05:31:00+00:00,KXBTC15M-26AUG110145-45,2026-08-11 05:45:00+00:00,NO,14,0.49,18,8.82,0.32,0.6209150326797386,0.49,0.13091503267973859,0.3790849673202614,1,yes,0,-9.14,887.080000000001,877.940000000001,0.020000000000000018,0.52,5.2362327140161116e-05,-0.0002038505379745592
2026-08-11 05:46:00+00:00,KXBTC15M-26AUG110200-00,2026-08-11 06:00:00+00:00,NO,14,0.5,17,8.5,0.3,0.5728476821192052,0.5,0.07284768211920523,0.4271523178807947,0,no,1,8.2,877.940000000001,886.140000000001,0.010000000000000009,0.505,3.256253293922217e-05,-8.174609662381371e-05
2026-08-11 06:01:00+00:00,KXBTC15M-26AUG110215-15,2026-08-11 06:15:00+00:00,NO,14,0.5900000000000001,15,8.850000000000001,0.26,0.7445255474452555,0.5900000000000001,0.15452554744525537,0.25547445255474455,1,yes,0,-9.110000000000001,886.140000000001,877.030000000001,0.010000000000000009,0.415,8.409081261675159e-05,-0.00028790686392798914
2026-08-11 06:16:00+00:00,KXBTC15M-26AUG110230-30,2026-08-11 06:30:00+00:00,NO,14,0.63,13,8.19,0.22,0.7445255474452555,0.63,0.11452554744525545,0.25547445255474455,0,no,1,4.590000000000001,877.030000000001,881.620000000001,0.010000000000000009,0.375,0.0001099486420676277,-0.0002538568578710487
2026-08-11 06:31:00+00:00,KXBTC15M-26AUG110245-45,2026-08-11 06:45:00+00:00,NO,14,0.71,12,8.52,0.18,0.8623853211009174,0.71,0.1523853211009174,0.13761467889908258,0,no,1,3.3000000000000003,881.620000000001,884.920000000001,0.010000000000000009,0.295,0.00017035566110569893,-0.0006008023638864879
2026-08-11 06:46:00+00:00,KXBTC15M-26AUG110300-00,2026-08-11 07:00:00+00:00,NO,14,0.42000000000000004,21,8.82,0.36,0.5728476821192052,0.42000000000000004,0.15284768211920519,0.4271523178807947,1,yes,0,-9.18,884.920000000001,875.740000000001,0.010000000000000009,0.585,0.00020980719061925988,-7.858760232049011e-05
2026-08-11 07:01:00+00:00,KXBTC15M-26AUG110315-15,2026-08-11 07:15:00+00:00,YES,14,0.69,12,8.28,0.18,0.8656126482213439,0.69,0.17561264822134393,0.8656126482213439,1,yes,1,3.5400000000000005,875.740000000001,879.280000000001,0.009999999999999898,0.685,0.0001793286437611804,0.00019200588880652347
2026-08-11 07:16:00+00:00,KXBTC15M-26AUG110330-30,2026-08-11 07:30:00+00:00,NO,14,0.61,14,8.54,0.24,0.7445255474452555,0.61,0.13452554744525547,0.25547445255474455,0,no,1,5.220000000000001,879.280000000001,884.500000000001,0.010000000000000009,0.395,6.74375555147942e-05,-0.0002794594197070843
2026-08-11 07:31:00+00:00,KXBTC15M-26AUG110345-45,2026-08-11 07:45:00+00:00,YES,14,0.84,10,8.4,0.1,0.9196428571428571,0.84,0.07964285714285713,0.9196428571428571,1,yes,1,1.4999999999999996,884.500000000001,886.000000000001,0.010000000000000009,0.835,0.0004844881302126881,0.0006870400320233561
2026-08-11 07:46:00+00:00,KXBTC15M-26AUG110400-00,2026-08-11 08:00:00+00:00,YES,14,0.52,17,8.84,0.3,0.7045454545454546,0.52,0.18454545454545457,0.7045454545454546,0,no,0,-9.14,886.000000000001,876.860000000001,0.010000000000000009,0.515,6.641311516090146e-05,4.842706547991682e-06
2026-08-11 08:01:00+00:00,KXBTC15M-26AUG110415-15,2026-08-11 08:15:00+00:00,YES,14,0.57,15,8.549999999999999,0.26,0.7045454545454546,0.57,0.13454545454545463,0.7045454545454546,0,no,0,-8.809999999999999,876.860000000001,868.0500000000011,0.009999999999999898,0.565,9.800265848621617e-05,1.5311330118672473e-05
2026-08-11 08:16:00+00:00,KXBTC15M-26AUG110430-30,2026-08-11 08:30:00+00:00,YES,14,0.63,13,8.19,0.22,0.7424242424242424,0.63,0.11242424242424243,0.7424242424242424,1,yes,1,4.590000000000001,868.0500000000011,872.6400000000011,0.010000000000000009,0.625,0.0002565635745870732,9.282868700233315e-05
2026-08-11 08:31:00+00:00,KXBTC15M-26AUG110445-45,2026-08-11 08:45:00+00:00,NO,14,0.53,16,8.48,0.28,0.6,0.53,0.06999999999999995,0.4,1,yes,0,-8.76,872.6400000000011,863.8800000000011,0.010000000000000009,0.475,0.00013004857023736236,-0.00011906417433993344
2026-08-11 08:46:00+00:00,KXBTC15M-26AUG110500-00,2026-08-11 09:00:00+00:00,NO,14,0.5,17,8.5,0.3,0.5728476821192052,0.5,0.07284768211920523,0.4271523178807947,1,yes,0,-8.8,863.8800000000011,855.0800000000012,0.010000000000000009,0.505,0.0001734844296370763,-9.58559475571219e-05
2026-08-11 09:01:00+00:00,KXBTC15M-26AUG110515-15,2026-08-11 09:15:00+00:00,NO,14,0.52,16,8.32,0.28,0.6,0.52,0.07999999999999996,0.4,0,no,1,7.3999999999999995,855.0800000000012,862.4800000000012,0.010000000000000009,0.485,9.540284691399001e-05,-0.00011486411933636642
2026-08-11 09:16:00+00:00,KXBTC15M-26AUG110530-30,2026-08-11 09:30:00+00:00,NO,14,0.5,17,8.5,0.3,0.6209150326797386,0.5,0.12091503267973858,0.3790849673202614,1,yes,0,-8.8,862.4800000000012,853.6800000000012,0.010000000000000009,0.505,4.796757191197378e-05,-0.0001574710984350025
2026-08-11 09:31:00+00:00,KXBTC15M-26AUG110545-45,2026-08-11 09:45:00+00:00,YES,14,0.76,11,8.36,0.15,0.9196428571428571,0.76,0.1596428571428571,0.9196428571428571,1,yes,1,2.4900000000000007,853.6800000000012,856.1700000000012,0.010000000000000009,0.755,0.00028483101231836176,0.0005058506524289186
2026-08-11 09:46:00+00:00,KXBTC15M-26AUG110600-00,2026-08-11 10:00:00+00:00,YES,14,0.56,15,8.4,0.26,0.7045454545454546,0.56,0.14454545454545453,0.7045454545454546,1,yes,1,6.34,856.1700000000012,862.5100000000012,0.010000000000000009,0.555,0.0003309896937758465,1.526757991721084e-05
2026-08-11 10:01:00+00:00,KXBTC15M-26AUG110615-15,2026-08-11 10:15:00+00:00,NO,14,0.6799999999999999,12,8.16,0.19,0.7692307692307692,0.6799999999999999,0.08923076923076922,0.23076923076923078,0,no,1,3.65,862.5100000000012,866.1600000000012,0.010000000000000009,0.325,0.00027614245812671923,-0.00032317169040907423
2026-08-11 10:16:00+00:00,KXBTC15M-26AUG110630-30,2026-08-11 10:30:00+00:00,NO,14,0.69,12,8.28,0.18,0.7445255474452555,0.69,0.05452554744525551,0.25547445255474455,1,yes,0,-8.459999999999999,866.1600000000012,857.7000000000012,0.010000000000000009,0.315,0.00012539091601634287,-0.0002794787363261664
2026-08-11 10:31:00+00:00,KXBTC15M-26AUG110645-45,2026-08-11 10:45:00+00:00,NO,14,0.51,16,8.16,0.28,0.6,0.51,0.08999999999999997,0.4,0,no,1,7.56,857.7000000000012,865.2600000000011,0.010000000000000009,0.495,0.00013858801212731658,-0.00010942717442530281
2026-08-11 10:46:00+00:00,KXBTC15M-26AUG110700-00,2026-08-11 11:00:00+00:00,NO,14,0.5,17,8.5,0.3,0.5728476821192052,0.5,0.07284768211920523,0.4271523178807947,0,no,1,8.2,865.2600000000011,873.4600000000012,0.010000000000000009,0.505,5.311641611246338e-05,-6.539923978055029e-05
2026-08-11 11:01:00+00:00,KXBTC15M-26AUG110715-15,2026-08-11 11:15:00+00:00,YES,14,0.86,10,8.6,0.09,0.9196428571428571,0.86,0.05964285714285711,0.9196428571428571,1,yes,1,1.3100000000000003,873.4600000000012,874.7700000000011,0.010000000000000009,0.855,0.00035613427475386774,0.000686379335759435
2026-08-11 11:16:00+00:00,KXBTC15M-26AUG110730-30,2026-08-11 11:30:00+00:00,NO,14,0.54,16,8.64,0.28,0.6050420168067228,0.54,0.06504201680672272,0.3949579831932773,0,no,1,7.079999999999999,874.7700000000011,881.8500000000012,0.009999999999999953,0.46499999999999997,8.860550382346902e-05,-0.00014197589706455016
2026-08-11 11:31:00+00:00,KXBTC15M-26AUG110745-45,2026-08-11 11:45:00+00:00,NO,14,0.44999999999999996,19,8.549999999999999,0.33,0.5728476821192052,0.44999999999999996,0.12284768211920527,0.4271523178807947,1,yes,0,-8.879999999999999,881.8500000000012,872.9700000000012,0.010000000000000009,0.555,0.00013351101967696094,-6.268770339479257e-05
2026-08-11 11:46:00+00:00,KXBTC15M-26AUG110800-00,2026-08-11 12:00:00+00:00,YES,14,0.51,17,8.67,0.3,0.5851063829787234,0.51,0.07510638297872341,0.5851063829787234,1,yes,1,8.03,872.9700000000012,881.0000000000011,0.010000000000000009,0.505,8.187699805015039e-05,-2.7375663159912023e-05
2026-08-11 12:01:00+00:00,KXBTC15M-26AUG110815-15,2026-08-11 12:15:00+00:00,YES,14,0.56,15,8.4,0.26,0.7045454545454546,0.56,0.14454545454545453,0.7045454545454546,1,yes,1,6.34,881.0000000000011,887.3400000000012,0.010000000000000009,0.555,0.00015764594830920705,2.6890352953889973e-05
2026-08-11 12:16:00+00:00,KXBTC15M-26AUG110830-30,2026-08-11 12:30:00+00:00,NO,14,0.65,13,8.450000000000001,0.21,0.8623853211009174,0.65,0.21238532110091735,0.13761467889908258,0,no,1,4.339999999999999,887.3400000000012,891.6800000000012,0.010000000000000009,0.355,0.0002650228353881259,-0.00045698943925975843
2026-08-11 12:31:00+00:00,KXBTC15M-26AUG110845-45,2026-08-11 12:45:00+00:00,NO,14,0.51,17,8.67,0.3,0.7445255474452555,0.51,0.23452554744525544,0.25547445255474455,1,yes,0,-8.97,891.6800000000012,882.7100000000012,0.010000000000000009,0.495,9.158344202587275e-05,-0.00026464838948780933
2026-08-11 12:46:00+00:00,KXBTC15M-26AUG110900-00,2026-08-11 13:00:00+00:00,NO,14,0.47,18,8.459999999999999,0.32,0.6,0.47,0.13,0.4,1,yes,0,-8.78,882.7100000000012,873.9300000000012,0.010000000000000009,0.535,9.634138177461152e-05,-0.00010812102460766582
2026-08-11 13:01:00+00:00,KXBTC15M-26AUG110915-15,2026-08-11 13:15:00+00:00,NO,14,0.49,17,8.33,0.3,0.6050420168067228,0.49,0.11504201680672277,0.3949579831932773,0,no,1,8.37,873.9300000000012,882.3000000000012,0.010000000000000009,0.515,7.474997684797496e-05,-0.00012476466614863568
2026-08-11 13:16:00+00:00,KXBTC15M-26AUG110930-30,2026-08-11 13:30:00+00:00,NO,14,0.62,14,8.68,0.24,0.8623853211009174,0.62,0.24238532110091737,0.13761467889908258,0,no,1,5.08,882.3000000000012,887.3800000000012,0.010000000000000009,0.385,0.00037651725751225516,-0.00042026253571880723
2026-08-11 13:31:00+00:00,KXBTC15M-26AUG110945-45,2026-08-11 13:45:00+00:00,YES,14,0.62,14,8.68,0.24,0.8656126482213439,0.62,0.24561264822134388,0.8656126482213439,0,no,0,-8.92,887.3800000000012,878.4600000000013,0.010000000000000009,0.615,0.00024555298708564945,0.00021125656025677841
2026-08-11 13:46:00+00:00,KXBTC15M-26AUG111000-00,2026-08-11 14:00:00+00:00,NO,14,0.62,14,8.68,0.24,0.9186991869918699,0.62,0.2986991869918699,0.08130081300813008,1,yes,0,-8.92,878.4600000000013,869.5400000000013,0.010000000000000009,0.385,0.00036863970128332626,-0.0008400064493534476
2026-08-11 14:01:00+00:00,KXBTC15M-26AUG111015-15,2026-08-11 14:15:00+00:00,NO,14,0.51,17,8.67,0.3,0.5728476821192052,0.51,0.06284768211920522,0.4271523178807947,1,yes,0,-8.97,869.5400000000013,860.5700000000013,0.010000000000000009,0.495,0.0004069683318139591,-0.00010180813111759779
2026-08-11 14:16:00+00:00,KXBTC15M-26AUG111030-30,2026-08-11 14:30:00+00:00,YES,14,0.59,14,8.26,0.24,0.8656126482213439,0.59,0.2756126482213439,0.8656126482213439,0,no,0,-8.5,860.5700000000013,852.0700000000013,0.010000000000000009,0.585,0.0002962715761835525,0.0003257161469494285
2026-08-11 14:31:00+00:00,KXBTC15M-26AUG111045-45,2026-08-11 14:45:00+00:00,NO,14,0.72,11,7.92,0.16,0.926829268292683,0.72,0.206829268292683,0.07317073170731707,0,no,1,2.92,852.0700000000013,854.9900000000013,0.009999999999999953,0.28500000000000003,0.0008487554370442104,-0.001293891575074646
2026-08-11 14:46:00+00:00,KXBTC15M-26AUG111100-00,2026-08-11 15:00:00+00:00,YES,14,0.67,12,8.040000000000001,0.19,0.9047619047619048,0.67,0.23476190476190473,0.9047619047619048,0,no,0,-8.23,854.9900000000013,846.7600000000012,0.010000000000000009,0.665,0.0002575337604646372,0.00042098825192371514
2026-08-11 15:01:00+00:00,KXBTC15M-26AUG111115-15,2026-08-11 15:15:00+00:00,YES,14,0.56,15,8.4,0.26,0.7578947368421053,0.56,0.19789473684210523,0.7578947368421053,1,yes,1,6.34,846.7600000000012,853.1000000000013,0.020000000000000018,0.55,0.00048126590996270125,0.00013591564692005953
2026-08-11 15:16:00+00:00,KXBTC15M-26AUG111130-30,2026-08-11 15:30:00+00:00,NO,14,0.5900000000000001,14,8.260000000000002,0.24,0.8623853211009174,0.5900000000000001,0.2723853211009173,0.13761467889908258,1,yes,0,-8.500000000000002,853.1000000000013,844.6000000000013,0.020000000000000018,0.42,0.00042962043928841947,-0.0004684815909170581
2026-08-11 15:31:00+00:00,KXBTC15M-26AUG111145-45,2026-08-11 15:45:00+00:00,NO,14,0.6599999999999999,12,7.919999999999999,0.19,0.8623853211009174,0.6599999999999999,0.20238532110091745,0.13761467889908258,0,no,1,3.890000000000001,844.6000000000013,848.4900000000013,0.009999999999999953,0.345,0.0002998583466088867,-0.0006132157154353779
2026-08-11 15:46:00+00:00,KXBTC15M-26AUG111200-00,2026-08-11 16:00:00+00:00,YES,14,0.6,14,8.4,0.24,0.7578947368421053,0.6,0.1578947368421053,0.7578947368421053,1,yes,1,5.359999999999999,848.4900000000013,853.8500000000013,0.010000000000000009,0.595,0.0005887490783215339,0.00011135099787495939
2026-08-11 16:01:00+00:00,KXBTC15M-26AUG111215-15,2026-08-11 16:15:00+00:00,NO,14,0.6699999999999999,12,8.04,0.19,0.9186991869918699,0.6699999999999999,0.24869918699187,0.08130081300813008,0,no,1,3.770000000000001,853.8500000000013,857.6200000000013,0.010000000000000009,0.335,0.0006790571458875858,-0.0008583659927223763
2026-08-11 16:16:00+00:00,KXBTC15M-26AUG111230-30,2026-08-11 16:30:00+00:00,NO,14,0.51,16,8.16,0.28,0.5728476821192052,0.51,0.06284768211920522,0.4271523178807947,1,yes,0,-8.44,857.6200000000013,849.1800000000012,0.010000000000000009,0.495,0.00044755700930923146,-9.727072204779308e-05
2026-08-11 16:31:00+00:00,KXBTC15M-26AUG111245-45,2026-08-11 16:45:00+00:00,YES,14,0.57,14,7.9799999999999995,0.25,0.7424242424242424,0.57,0.17242424242424248,0.7424242424242424,0,no,0,-8.23,849.1800000000012,840.9500000000012,0.009999999999999898,0.565,0.00022509289191136893,8.420237529382923e-05
2026-08-11 16:46:00+00:00,KXBTC15M-26AUG111300-00,2026-08-11 17:00:00+00:00,NO,14,0.64,13,8.32,0.21,0.8623853211009174,0.64,0.22238532110091735,0.13761467889908258,0,no,1,4.47,840.9500000000012,845.4200000000012,0.010000000000000009,0.365,0.0001421516789718438,-0.0006184522900465339
2026-08-11 17:01:00+00:00,KXBTC15M-26AUG111315-15,2026-08-11 17:15:00+00:00,YES,14,0.69,12,8.28,0.18,0.8656126482213439,0.69,0.17561264822134393,0.8656126482213439,1,yes,1,3.5400000000000005,845.4200000000012,848.9600000000012,0.009999999999999898,0.685,0.00022217728433868882,0.00033507696289136746
2026-08-11 17:16:00+00:00,KXBTC15M-26AUG111330-30,2026-08-11 17:30:00+00:00,NO,14,0.63,13,8.19,0.22,0.8623853211009174,0.63,0.23238532110091736,0.13761467889908258,1,yes,0,-8.41,848.9600000000012,840.5500000000012,0.010000000000000009,0.375,0.00043576383462988667,-0.0003827857663579737
2026-08-11 17:31:00+00:00,KXBTC15M-26AUG111345-45,2026-08-11 17:45:00+00:00,NO,14,0.55,15,8.25,0.26,0.6209150326797386,0.55,0.07091503267973853,0.3790849673202614,0,no,1,6.49,840.5500000000012,847.0400000000012,0.010000000000000009,0.455,0.0003609407197199621,-0.000207224579480636
2026-08-11 17:46:00+00:00,KXBTC15M-26AUG111400-00,2026-08-11 18:00:00+00:00,YES,14,0.51,16,8.16,0.28,0.5851063829787234,0.51,0.07510638297872341,0.5851063829787234,1,yes,1,7.56,847.0400000000012,854.6000000000012,0.010000000000000009,0.505,0.000395045854564036,-6.078375454954266e-05
2026-08-11 18:01:00+00:00,KXBTC15M-26AUG111415-15,2026-08-11 18:15:00+00:00,NO,14,0.5,17,8.5,0.3,0.5728476821192052,0.5,0.07284768211920523,0.4271523178807947,0,no,1,8.2,854.6000000000012,862.8000000000012,0.010000000000000009,0.505,0.0002100990727130259,-7.238895023586878e-05
2026-08-11 18:16:00+00:00,KXBTC15M-26AUG111430-30,2026-08-11 18:30:00+00:00,NO,14,0.52,16,8.32,0.28,0.5728476821192052,0.52,0.05284768211920521,0.4271523178807947,0,no,1,7.3999999999999995,862.8000000000012,870.2000000000012,0.010000000000000009,0.485,9.672758503259162e-05,-9.869843990351068e-05
2026-08-11 18:31:00+00:00,KXBTC15M-26AUG111445-45,2026-08-11 18:45:00+00:00,NO,14,0.55,15,8.25,0.26,0.6209150326797386,0.55,0.07091503267973853,0.3790849673202614,0,no,1,6.49,870.2000000000012,876.6900000000012,0.010000000000000009,0.455,0.00034564256374466484,-0.00023440892929349477
2026-08-11 18:46:00+00:00,KXBTC15M-26AUG111500-00,2026-08-11 19:00:00+00:00,NO,14,0.49,17,8.33,0.3,0.6050420168067228,0.49,0.11504201680672277,0.3949579831932773,1,yes,0,-8.63,876.6900000000012,868.0600000000012,0.010000000000000009,0.515,0.000250083869791336,-0.00013246708082381708
2026-08-11 19:01:00+00:00,KXBTC15M-26AUG111515-15,2026-08-11 19:15:00+00:00,NO,14,0.5700000000000001,15,8.55,0.26,0.8623853211009174,0.5700000000000001,0.2923853211009173,0.13761467889908258,0,no,1,6.1899999999999995,868.0600000000012,874.2500000000013,0.010000000000000009,0.435,0.00017356839775827855,-0.00033959686850615345
2026-08-11 19:16:00+00:00,KXBTC15M-26AUG111530-30,2026-08-11 19:30:00+00:00,NO,14,0.48,18,8.64,0.32,0.5728476821192052,0.48,0.09284768211920524,0.4271523178807947,1,yes,0,-8.96,874.2500000000013,865.2900000000012,0.010000000000000009,0.525,0.0003798119333404882,-9.41262975587831e-05
2026-08-11 19:31:00+00:00,KXBTC15M-26AUG111545-45,2026-08-11 19:45:00+00:00,YES,14,0.71,12,8.52,0.18,0.9196428571428571,0.71,0.20964285714285713,0.9196428571428571,1,yes,1,3.3000000000000003,865.2900000000012,868.5900000000012,0.010000000000000009,0.705,0.0003355343286541087,0.0005356407282248732
2026-08-11 19:46:00+00:00,KXBTC15M-26AUG111600-00,2026-08-11 20:00:00+00:00,YES,14,0.57,15,8.549999999999999,0.26,0.8656126482213439,0.57,0.2956126482213439,0.8656126482213439,1,yes,1,6.190000000000001,868.5900000000012,874.7800000000012,0.009999999999999898,0.565,0.0004569621006557213,0.00015666762749844132
2026-08-11 20:01:00+00:00,KXBTC15M-26AUG111615-15,2026-08-11 20:15:00+00:00,YES,14,0.72,12,8.64,0.17,0.975609756097561,0.72,0.255609756097561,0.975609756097561,1,yes,1,3.1899999999999995,874.7800000000012,877.9700000000013,0.010000000000000009,0.715,0.00047334414008990837,0.0010405519068410474
2026-08-11 20:16:00+00:00,KXBTC15M-26AUG111630-30,2026-08-11 20:30:00+00:00,NO,14,0.5700000000000001,15,8.55,0.26,0.6209150326797386,0.5700000000000001,0.050915032679738514,0.3790849673202614,0,no,1,6.1899999999999995,877.9700000000013,884.1600000000013,0.010000000000000009,0.435,0.00018527812441866733,-0.00021047217759007086
2026-08-11 20:31:00+00:00,KXBTC15M-26AUG111645-45,2026-08-11 20:45:00+00:00,YES,14,0.71,12,8.52,0.18,0.9196428571428571,0.71,0.20964285714285713,0.9196428571428571,1,yes,1,3.3000000000000003,884.1600000000013,887.4600000000013,0.010000000000000009,0.705,0.0002264551002181224,0.00047648347336481933
2026-08-11 20:46:00+00:00,KXBTC15M-26AUG111700-00,2026-08-11 21:00:00+00:00,YES,14,0.62,14,8.68,0.24,0.8656126482213439,0.62,0.24561264822134388,0.8656126482213439,1,yes,1,5.08,887.4600000000013,892.5400000000013,0.010000000000000009,0.615,0.0004618239277312282,0.0001498024431159095
2026-08-11 21:01:00+00:00,KXBTC15M-26AUG111715-15,2026-08-11 21:15:00+00:00,YES,14,0.55,16,8.8,0.28,0.7045454545454546,0.55,0.15454545454545454,0.7045454545454546,0,no,0,-9.08,892.5400000000013,883.4600000000013,0.010000000000000009,0.545,0.00015387319792046236,-1.3348111524869033e-05
2026-08-11 21:16:00+00:00,KXBTC15M-26AUG111730-30,2026-08-11 21:30:00+00:00,NO,14,0.55,16,8.8,0.28,0.6209150326797386,0.55,0.07091503267973853,0.3790849673202614,0,no,1,6.919999999999999,883.4600000000013,890.3800000000012,0.010000000000000009,0.455,0.00021432738689633354,-0.0002145141599759759
2026-08-11 21:31:00+00:00,KXBTC15M-26AUG111745-45,2026-08-11 21:45:00+00:00,NO,14,0.49,18,8.82,0.32,0.6050420168067228,0.49,0.11504201680672277,0.3949579831932773,0,no,1,8.86,890.3800000000012,899.2400000000013,0.010000000000000009,0.515,0.00011341160151214919,-0.0001213576207870215
2026-08-11 21:46:00+00:00,KXBTC15M-26AUG111800-00,2026-08-11 22:00:00+00:00,YES,14,0.51,17,8.67,0.3,0.7045454545454546,0.51,0.19454545454545458,0.7045454545454546,1,yes,1,8.03,899.2400000000013,907.2700000000012,0.010000000000000009,0.505,0.00022711449960495072,1.430603919239104e-05
2026-08-11 22:01:00+00:00,KXBTC15M-26AUG111815-15,2026-08-11 22:15:00+00:00,YES,14,0.86,10,8.6,0.09,0.975609756097561,0.86,0.11560975609756097,0.975609756097561,1,yes,1,1.3100000000000003,907.2700000000012,908.5800000000012,0.010000000000000009,0.855,0.0005836017505325986,0.0012195503397340879
2026-08-11 22:16:00+00:00,KXBTC15M-26AUG111830-30,2026-08-11 22:30:00+00:00,YES,14,0.53,17,9.01,0.3,0.7045454545454546,0.53,0.17454545454545456,0.7045454545454546,0,no,0,-9.31,908.5800000000012,899.2700000000012,0.010000000000000009,0.525,6.991527870770185e-05,-6.752861446468472e-06
2026-08-11 22:31:00+00:00,KXBTC15M-26AUG111845-45,2026-08-11 22:45:00+00:00,YES,14,0.51,17,8.67,0.3,0.6666666666666666,0.51,0.15666666666666662,0.6666666666666666,0,no,0,-8.97,899.2700000000012,890.3000000000012,0.010000000000000009,0.505,7.403125312211213e-05,-1.1938469755223835e-05
2026-08-11 22:46:00+00:00,KXBTC15M-26AUG111900-00,2026-08-11 23:00:00+00:00,NO,14,0.63,14,8.82,0.23,0.8623853211009174,0.63,0.23238532110091736,0.13761467889908258,1,yes,0,-9.05,890.3000000000012,881.2500000000013,0.010000000000000009,0.375,0.0001057085362926767,-0.00034403905943991564
2026-08-11 23:01:00+00:00,KXBTC15M-26AUG111915-15,2026-08-11 23:15:00+00:00,NO,14,0.6599999999999999,13,8.579999999999998,0.21,0.7445255474452555,0.6599999999999999,0.08452554744525553,0.25547445255474455,0,no,1,4.210000000000002,881.2500000000013,885.4600000000013,0.009999999999999953,0.345,0.00019959765479047822,-0.0002779435884561199
2026-08-11 23:16:00+00:00,KXBTC15M-26AUG111930-30,2026-08-11 23:30:00+00:00,NO,14,0.5,17,8.5,0.3,0.5728476821192052,0.5,0.07284768211920523,0.4271523178807947,1,yes,0,-8.8,885.4600000000013,876.6600000000013,0.010000000000000009,0.505,0.00012364960095839246,-0.0001020164303129345
2026-08-11 23:31:00+00:00,KXBTC15M-26AUG111945-45,2026-08-11 23:45:00+00:00,NO,14,0.5,17,8.5,0.3,0.5728476821192052,0.5,0.07284768211920523,0.4271523178807947,1,yes,0,-8.8,876.6600000000013,867.8600000000014,0.010000000000000009,0.505,0.00031373640025344823,-9.411674347892252e-05
2026-08-11 23:46:00+00:00,KXBTC15M-26AUG112000-00,2026-08-12 00:00:00+00:00,YES,14,0.51,17,8.67,0.3,0.7045454545454546,0.51,0.19454545454545458,0.7045454545454546,0,no,0,-8.97,867.8600000000014,858.8900000000014,0.010000000000000009,0.505,0.00020899314923196677,1.462693069598231e-05
2026-08-12 00:01:00+00:00,KXBTC15M-26AUG112015-15,2026-08-12 00:15:00+00:00,NO,14,0.69,12,8.28,0.18,0.8623853211009174,0.69,0.17238532110091742,0.13761467889908258,1,yes,0,-8.459999999999999,858.8900000000014,850.4300000000013,0.010000000000000009,0.315,8.374017785907428e-05,-0.00044488319022950584
2026-08-12 00:18:00+00:00,KXBTC15M-26AUG112030-30,2026-08-12 00:30:00+00:00,NO,12,0.69,12,8.28,0.18,0.8623853211009174,0.69,0.17238532110091742,0.13761467889908258,1,yes,0,-8.459999999999999,850.4300000000013,841.9700000000013,0.010000000000000009,0.315,0.00024876495163129,-0.00045447385288244213
2026-08-12 00:31:00+00:00,KXBTC15M-26AUG112045-45,2026-08-12 00:45:00+00:00,YES,14,0.57,14,7.9799999999999995,0.25,0.8656126482213439,0.57,0.2956126482213439,0.8656126482213439,1,yes,1,5.7700000000000005,841.9700000000013,847.7400000000013,0.009999999999999898,0.565,0.0003386875503430453,0.00023940672404365593
2026-08-12 00:46:00+00:00,KXBTC15M-26AUG112100-00,2026-08-12 01:00:00+00:00,YES,14,0.63,13,8.19,0.22,0.8656126482213439,0.63,0.23561264822134387,0.8656126482213439,1,yes,1,4.590000000000001,847.7400000000013,852.3300000000013,0.010000000000000009,0.625,0.00014488850375028568,0.0002997293010840174
2026-08-12 01:01:00+00:00,KXBTC15M-26AUG112115-15,2026-08-12 01:15:00+00:00,YES,14,0.64,13,8.32,0.21,0.8656126482213439,0.64,0.22561264822134386,0.8656126482213439,1,yes,1,4.47,852.3300000000013,856.8000000000013,0.010000000000000009,0.635,0.00010623262706111306,0.00022690214660436858
2026-08-12 01:16:00+00:00,KXBTC15M-26AUG112130-30,2026-08-12 01:30:00+00:00,NO,14,0.71,12,8.52,0.18,0.8623853211009174,0.71,0.1523853211009174,0.13761467889908258,0,no,1,3.3000000000000003,856.8000000000013,860.1000000000013,0.010000000000000009,0.295,0.00026522091588667676,-0.00042808279635986324
2026-08-12 01:31:00+00:00,KXBTC15M-26AUG112145-45,2026-08-12 01:45:00+00:00,NO,14,0.73,11,8.03,0.16,0.8623853211009174,0.73,0.13238532110091739,0.13761467889908258,1,yes,0,-8.19,860.1000000000013,851.9100000000012,0.010000000000000009,0.275,0.00015459878439706777,-0.0005047060899422418
2026-08-12 01:46:00+00:00,KXBTC15M-26AUG112200-00,2026-08-12 02:00:00+00:00,NO,14,0.72,11,7.92,0.16,0.8623853211009174,0.72,0.1423853211009174,0.13761467889908258,1,yes,0,-8.08,851.9100000000012,843.8300000000012,0.009999999999999953,0.28500000000000003,0.0003632724583644005,-0.000404486459035569
2026-08-12 02:01:00+00:00,KXBTC15M-26AUG112215-15,2026-08-12 02:15:00+00:00,YES,14,0.61,13,7.93,0.22,0.8656126482213439,0.61,0.2556126482213439,0.8656126482213439,1,yes,1,4.8500000000000005,843.8300000000012,848.6800000000012,0.010000000000000009,0.605,0.00023793768390060864,0.00023588001674368364
2026-08-12 02:28:00+00:00,KXBTC15M-26AUG112230-30,2026-08-12 02:30:00+00:00,YES,2,0.28,30,8.4,0.43,0.3790849673202614,0.28,0.0990849673202614,0.3790849673202614,1,yes,1,21.17,848.6800000000012,869.8500000000012,0.010000000000000009,0.275,0.00035019168839229035,-0.00020406084210355946
2026-08-12 02:31:00+00:00,KXBTC15M-26AUG112245-45,2026-08-12 02:45:00+00:00,NO,14,0.65,13,8.450000000000001,0.21,0.7445255474452555,0.65,0.09452554744525543,0.25547445255474455,0,no,1,4.339999999999999,869.8500000000012,874.1900000000012,0.010000000000000009,0.355,0.00044806524982922213,-0.00032105671375182165
2026-08-12 02:46:00+00:00,KXBTC15M-26AUG112300-00,2026-08-12 03:00:00+00:00,NO,14,0.49,17,8.33,0.3,0.5728476821192052,0.49,0.08284768211920523,0.4271523178807947,0,no,1,8.37,874.1900000000012,882.5600000000012,0.010000000000000009,0.515,8.300793534714774e-05,-7.078450418906979e-05
2026-08-12 03:01:00+00:00,KXBTC15M-26AUG112315-15,2026-08-12 03:15:00+00:00,YES,14,0.83,10,8.299999999999999,0.1,0.9629629629629629,0.83,0.13296296296296295,0.9629629629629629,0,no,0,-8.399999999999999,882.5600000000012,874.1600000000012,0.010000000000000009,0.825,0.00039171861555334077,0.0008226738265515454
2026-08-12 03:16:00+00:00,KXBTC15M-26AUG112330-30,2026-08-12 03:30:00+00:00,YES,14,0.66,13,8.58,0.21,0.8656126482213439,0.66,0.20561264822134384,0.8656126482213439,1,yes,1,4.21,874.1600000000012,878.3700000000013,0.010000000000000009,0.655,0.00022645689109394344,0.0003022313596767745
2026-08-12 03:33:00+00:00,KXBTC15M-26AUG112345-45,2026-08-12 03:45:00+00:00,YES,12,0.75,11,8.25,0.15,0.9196428571428571,0.75,0.1696428571428571,0.9196428571428571,1,yes,1,2.6,878.3700000000013,880.9700000000013,0.010000000000000009,0.745,0.00024560241916873275,0.0004950135975665404
2026-08-12 03:46:00+00:00,KXBTC15M-26AUG120000-00,2026-08-12 04:00:00+00:00,NO,14,0.61,14,8.54,0.24,0.7445255474452555,0.61,0.13452554744525547,0.25547445255474455,1,yes,0,-8.78,880.9700000000013,872.1900000000013,0.010000000000000009,0.395,6.926505186575123e-05,-0.00025282958971972747
2026-08-12 04:01:00+00:00,KXBTC15M-26AUG120015-15,2026-08-12 04:15:00+00:00,YES,14,0.52,16,8.32,0.28,0.7045454545454546,0.52,0.18454545454545457,0.7045454545454546,0,no,0,-8.6,872.1900000000013,863.5900000000013,0.010000000000000009,0.515,0.00042228404952334374,-1.6621727891297233e-05
2026-08-12 04:16:00+00:00,KXBTC15M-26AUG120030-30,2026-08-12 04:30:00+00:00,NO,14,0.52,16,8.32,0.28,0.5728476821192052,0.52,0.05284768211920521,0.4271523178807947,1,yes,0,-8.6,863.5900000000013,854.9900000000013,0.010000000000000009,0.485,0.0002854146944285635,-7.375135812337508e-05
2026-08-12 04:31:00+00:00,KXBTC15M-26AUG120045-45,2026-08-12 04:45:00+00:00,NO,14,0.77,11,8.47,0.14,0.9186991869918699,0.77,0.1486991869918699,0.08130081300813008,0,no,1,2.3899999999999992,854.9900000000013,857.3800000000012,0.009999999999999981,0.235,0.0002633724849401122,-0.0010099910529756118
2026-08-12 04:46:00+00:00,KXBTC15M-26AUG120100-00,2026-08-12 05:00:00+00:00,NO,14,0.49,17,8.33,0.3,0.5728476821192052,0.49,0.08284768211920523,0.4271523178807947,1,yes,0,-8.63,857.3800000000012,848.7500000000013,0.010000000000000009,0.515,0.00021902247431451383,-6.717740327943922e-05
2026-08-12 05:01:00+00:00,KXBTC15M-26AUG120115-15,2026-08-12 05:15:00+00:00,NO,14,0.55,15,8.25,0.26,0.6209150326797386,0.55,0.07091503267973853,0.3790849673202614,1,yes,0,-8.51,848.7500000000013,840.2400000000013,0.010000000000000009,0.455,0.0002107419578418871,-0.00019978154288469163
2026-08-12 05:18:00+00:00,KXBTC15M-26AUG120130-30,2026-08-12 05:30:00+00:00,YES,12,0.53,15,7.95,0.27,0.7424242424242424,0.53,0.2124242424242424,0.7424242424242424,1,yes,1,6.779999999999999,840.2400000000013,847.0200000000012,0.010000000000000009,0.525,0.00010692133268843091,0.00011966630196935668
2026-08-12 05:31:00+00:00,KXBTC15M-26AUG120145-45,2026-08-12 05:45:00+00:00,YES,14,0.61,13,7.93,0.22,0.7578947368421053,0.61,0.1478947368421053,0.7578947368421053,1,yes,1,4.8500000000000005,847.0200000000012,851.8700000000013,0.010000000000000009,0.605,6.938191429635013e-05,0.00017481338866720542
2026-08-12 05:48:00+00:00,KXBTC15M-26AUG120200-00,2026-08-12 06:00:00+00:00,YES,12,0.53,16,8.48,0.28,0.7417218543046358,0.53,0.21172185430463575,0.7417218543046358,1,yes,1,7.239999999999999,851.8700000000013,859.1100000000013,0.010000000000000009,0.525,9.125608887851437e-05,4.922179403088478e-05
2026-08-12 06:01:00+00:00,KXBTC15M-26AUG120215-15,2026-08-12 06:15:00+00:00,NO,14,0.8,10,8.0,0.12,0.9186991869918699,0.8,0.11869918699186988,0.08130081300813008,0,no,1,1.88,859.1100000000013,860.9900000000013,0.009999999999999981,0.20500000000000002,0.00047888293341395786,-0.0010074495146623619
2026-08-12 06:16:00+00:00,KXBTC15M-26AUG120230-30,2026-08-12 06:30:00+00:00,NO,14,0.55,15,8.25,0.26,0.6829268292682926,0.55,0.13292682926829258,0.3170731707317073,0,no,1,6.49,860.9900000000013,867.4800000000013,0.010000000000000009,0.455,0.00011738598414033008,-0.000226715187592319
2026-08-12 06:31:00+00:00,KXBTC15M-26AUG120245-45,2026-08-12 06:45:00+00:00,NO,14,0.61,14,8.54,0.24,0.8623853211009174,0.61,0.2523853211009174,0.13761467889908258,1,yes,0,-8.78,867.4800000000013,858.7000000000013,0.010000000000000009,0.395,0.00018350174485165952,-0.00048629870693606136
2026-08-12 06:46:00+00:00,KXBTC15M-26AUG120300-00,2026-08-12 07:00:00+00:00,YES,14,0.71,12,8.52,0.18,0.9047619047619048,0.71,0.1947619047619048,0.9047619047619048,1,yes,1,3.3000000000000003,858.7000000000013,862.0000000000013,0.010000000000000009,0.705,0.0001955086016197191,0.0003606079034621512
2026-08-12 07:01:00+00:00,KXBTC15M-26AUG120315-15,2026-08-12 07:15:00+00:00,YES,14,0.56,15,8.4,0.26,0.7417218543046358,0.56,0.18172185430463572,0.7417218543046358,1,yes,1,6.34,862.0000000000013,868.3400000000013,0.010000000000000009,0.555,0.00026167274067575484,3.12689735102456e-05
2026-08-12 07:16:00+00:00,KXBTC15M-26AUG120330-30,2026-08-12 07:30:00+00:00,NO,14,0.52,16,8.32,0.28,0.6,0.52,0.07999999999999996,0.4,0,no,1,7.3999999999999995,868.3400000000013,875.7400000000013,0.010000000000000009,0.485,0.00014085884278076529,-0.00010910346776338287
2026-08-12 07:33:00+00:00,KXBTC15M-26AUG120345-45,2026-08-12 07:45:00+00:00,YES,12,0.73,11,8.03,0.16,0.9047619047619048,0.73,0.17476190476190478,0.9047619047619048,0,no,0,-8.19,875.7400000000013,867.5500000000012,0.010000000000000009,0.725,0.000194485450051909,0.0004557517933643229
2026-08-12 07:46:00+00:00,KXBTC15M-26AUG120400-00,2026-08-12 08:00:00+00:00,NO,14,0.69,12,8.28,0.18,0.9186991869918699,0.69,0.22869918699186997,0.08130081300813008,1,yes,0,-8.459999999999999,867.5500000000012,859.0900000000012,0.010000000000000009,0.315,0.0003065094487826652,-0.0008239038017275879
2026-08-12 08:01:00+00:00,KXBTC15M-26AUG120415-15,2026-08-12 08:15:00+00:00,NO,14,0.69,12,8.28,0.18,0.8623853211009174,0.69,0.17238532110091742,0.13761467889908258,0,no,1,3.5400000000000005,859.0900000000012,862.6300000000011,0.010000000000000009,0.315,0.000386731927375223,-0.00038833635825819
2026-08-12 08:16:00+00:00,KXBTC15M-26AUG120430-30,2026-08-12 08:30:00+00:00,YES,14,0.64,13,8.32,0.21,0.8656126482213439,0.64,0.22561264822134386,0.8656126482213439,1,yes,1,4.47,862.6300000000011,867.1000000000012,0.010000000000000009,0.635,0.00014827382902214155,0.00017528879888883964
2026-08-12 08:31:00+00:00,KXBTC15M-26AUG120445-45,2026-08-12 08:45:00+00:00,NO,14,0.5800000000000001,14,8.120000000000001,0.24,0.8623853211009174,0.5800000000000001,0.2823853211009173,0.13761467889908258,0,no,1,5.639999999999999,867.1000000000012,872.7400000000011,0.010000000000000009,0.425,0.00022704058205028768,-0.0003875525219144693
2026-08-12 08:46:00+00:00,KXBTC15M-26AUG120500-00,2026-08-12 09:00:00+00:00,YES,14,0.57,15,8.549999999999999,0.26,0.7045454545454546,0.57,0.13454545454545463,0.7045454545454546,1,yes,1,6.190000000000001,872.7400000000011,878.9300000000012,0.009999999999999898,0.565,4.569609199005201e-05,6.1207213410963135e-06
2026-08-12 09:05:00+00:00,KXBTC15M-26AUG120515-15,2026-08-12 09:15:00+00:00,YES,10,0.65,13,8.450000000000001,0.21,0.7578947368421053,0.65,0.10789473684210527,0.7578947368421053,1,yes,1,4.339999999999999,878.9300000000012,883.2700000000012,0.010000000000000009,0.645,0.00023857763950930444,0.000136190082443699
2026-08-12 09:16:00+00:00,KXBTC15M-26AUG120530-30,2026-08-12 09:30:00+00:00,YES,14,0.6,14,8.4,0.24,0.7417218543046358,0.6,0.1417218543046358,0.7417218543046358,1,yes,1,5.359999999999999,883.2700000000012,888.6300000000012,0.010000000000000009,0.595,8.321235267752382e-05,4.5615289116174296e-05
2026-08-12 09:31:00+00:00,KXBTC15M-26AUG120545-45,2026-08-12 09:45:00+00:00,YES,14,0.73,12,8.76,0.17,0.9196428571428571,0.73,0.1896428571428571,0.9196428571428571,1,yes,1,3.0700000000000003,888.6300000000012,891.7000000000013,0.010000000000000009,0.725,0.00036305924123123355,0.0007100762447889153
2026-08-12 09:46:00+00:00,KXBTC15M-26AUG120600-00,2026-08-12 10:00:00+00:00,YES,14,0.55,16,8.8,0.28,0.7578947368421053,0.55,0.20789473684210524,0.7578947368421053,1,yes,1,6.919999999999999,891.7000000000013,898.6200000000013,0.010000000000000009,0.545,0.00034912759475573253,0.0001414462527682403
2026-08-12 10:01:00+00:00,KXBTC15M-26AUG120615-15,2026-08-12 10:15:00+00:00,YES,14,0.56,16,8.96,0.28,0.8656126482213439,0.56,0.3056126482213438,0.8656126482213439,1,yes,1,6.759999999999999,898.6200000000013,905.3800000000012,0.010000000000000009,0.555,6.6026225299501e-05,0.00024013757478535958
2026-08-12 10:16:00+00:00,KXBTC15M-26AUG120630-30,2026-08-12 10:30:00+00:00,NO,14,0.64,14,8.96,0.23,0.8623853211009174,0.64,0.22238532110091735,0.13761467889908258,0,no,1,4.809999999999999,905.3800000000012,910.1900000000012,0.010000000000000009,0.365,0.00019898744201077347,-0.00035505849100925246
2026-08-12 10:31:00+00:00,KXBTC15M-26AUG120645-45,2026-08-12 10:45:00+00:00,YES,14,0.64,14,8.96,0.23,0.7578947368421053,0.64,0.11789473684210527,0.7578947368421053,1,yes,1,4.809999999999999,910.1900000000012,915.0000000000011,0.010000000000000009,0.635,0.00012207107501045397,0.00015402363309879874
2026-08-12 10:46:00+00:00,KXBTC15M-26AUG120700-00,2026-08-12 11:00:00+00:00,NO,14,0.6599999999999999,13,8.579999999999998,0.21,0.8623853211009174,0.6599999999999999,0.20238532110091745,0.13761467889908258,0,no,1,4.210000000000002,915.0000000000011,919.2100000000012,0.009999999999999953,0.345,0.00021430584550466452,-0.0004000652836640972
2026-08-12 11:01:00+00:00,KXBTC15M-26AUG120715-15,2026-08-12 11:15:00+00:00,YES,14,0.82,11,9.02,0.12,0.975609756097561,0.82,0.155609756097561,0.975609756097561,0,no,0,-9.139999999999999,919.2100000000012,910.0700000000012,0.009999999999999898,0.815,0.0005082503243519744,0.0009685386441768973
2026-08-12 11:16:00+00:00,KXBTC15M-26AUG120730-30,2026-08-12 11:30:00+00:00,NO,14,0.48,18,8.64,0.32,0.5728476821192052,0.48,0.09284768211920524,0.4271523178807947,1,yes,0,-8.96,910.0700000000012,901.1100000000012,0.010000000000000009,0.525,0.00021554899709372345,-8.629164391038557e-05
2026-08-12 11:31:00+00:00,KXBTC15M-26AUG120745-45,2026-08-12 11:45:00+00:00,YES,14,0.55,16,8.8,0.28,0.7424242424242424,0.55,0.1924242424242424,0.7424242424242424,0,no,0,-9.08,901.1100000000012,892.0300000000011,0.010000000000000009,0.545,0.0002410041972107917,0.00010289519002393277
2026-08-12 11:48:00+00:00,KXBTC15M-26AUG120800-00,2026-08-12 12:00:00+00:00,YES,12,0.65,13,8.450000000000001,0.21,0.8656126482213439,0.65,0.21561264822134385,0.8656126482213439,1,yes,1,4.339999999999999,892.0300000000011,896.3700000000011,0.010000000000000009,0.645,0.00015305606847752353,0.00020486876705483326
2026-08-12 12:01:00+00:00,KXBTC15M-26AUG120815-15,2026-08-12 12:15:00+00:00,YES,14,0.58,15,8.7,0.26,0.7578947368421053,0.58,0.17789473684210533,0.7578947368421053,1,yes,1,6.040000000000001,896.3700000000011,902.4100000000011,0.010000000000000009,0.575,9.512466606005659e-05,0.00015690365975062903
2026-08-12 12:16:00+00:00,KXBTC15M-26AUG120830-30,2026-08-12 12:30:00+00:00,YES,14,0.61,14,8.54,0.24,0.8656126482213439,0.61,0.2556126482213439,0.8656126482213439,1,yes,1,5.220000000000001,902.4100000000011,907.6300000000011,0.010000000000000009,0.605,0.0003415088203989701,0.0001834314099662393
2026-08-12 12:31:00+00:00,KXBTC15M-26AUG120845-45,2026-08-12 12:45:00+00:00,NO,14,0.8200000000000001,11,9.020000000000001,0.12,0.999999,0.8200000000000001,0.1799989999999999,1e-06,0,no,1,1.8599999999999985,907.6300000000011,909.4900000000011,0.010000000000000009,0.185,0.001880111506443379,-0.003122072522621533
2026-08-12 12:46:00+00:00,KXBTC15M-26AUG120900-00,2026-08-12 13:00:00+00:00,NO,14,0.6799999999999999,13,8.84,0.2,0.9186991869918699,0.6799999999999999,0.23869918699186998,0.08130081300813008,1,yes,0,-9.04,909.4900000000011,900.4500000000012,0.010000000000000009,0.325,0.0005242170828177327,-0.001044560090309954
2026-08-12 13:01:00+00:00,KXBTC15M-26AUG120915-15,2026-08-12 13:15:00+00:00,YES,14,0.51,17,8.67,0.3,0.6666666666666666,0.51,0.15666666666666662,0.6666666666666666,0,no,0,-8.97,900.4500000000012,891.4800000000012,0.010000000000000009,0.505,0.00025429456136163243,-2.9188890677045443e-05
2026-08-12 13:16:00+00:00,KXBTC15M-26AUG120930-30,2026-08-12 13:30:00+00:00,YES,14,0.74,12,8.879999999999999,0.17,0.975609756097561,0.74,0.23560975609756096,0.975609756097561,0,no,0,-9.049999999999999,891.4800000000012,882.4300000000012,0.010000000000000009,0.735,0.0008123385803485291,0.0009719001767289903
2026-08-12 13:31:00+00:00,KXBTC15M-26AUG120945-45,2026-08-12 13:45:00+00:00,YES,14,0.57,15,8.549999999999999,0.26,0.8656126482213439,0.57,0.2956126482213439,0.8656126482213439,1,yes,1,6.190000000000001,882.4300000000012,888.6200000000013,0.019999999999999907,0.56,0.00033080363514740755,0.00018096085203134216
2026-08-12 13:46:00+00:00,KXBTC15M-26AUG121000-00,2026-08-12 14:00:00+00:00,YES,14,0.68,13,8.84,0.2,0.975609756097561,0.68,0.2956097560975609,0.975609756097561,0,no,0,-9.04,888.6200000000013,879.5800000000013,0.010000000000000009,0.675,0.0006046864668478278,0.001166093530340362
2026-08-12 14:01:00+00:00,KXBTC15M-26AUG121015-15,2026-08-12 14:15:00+00:00,NO,14,0.64,13,8.32,0.21,0.9186991869918699,0.64,0.2786991869918699,0.08130081300813008,0,no,1,4.47,879.5800000000013,884.0500000000013,0.010000000000000009,0.365,0.0007775904901800552,-0.0009915752929590127
2026-08-12 14:16:00+00:00,KXBTC15M-26AUG121030-30,2026-08-12 14:30:00+00:00,YES,14,0.56,15,8.4,0.26,0.8888888888888888,0.56,0.3288888888888888,0.8888888888888888,0,no,0,-8.66,884.0500000000013,875.3900000000014,0.010000000000000009,0.555,0.0006245929536094637,0.00030654322314349614
2026-08-12 14:31:00+00:00,KXBTC15M-26AUG121045-45,2026-08-12 14:45:00+00:00,NO,14,0.5700000000000001,15,8.55,0.26,0.8623853211009174,0.5700000000000001,0.2923853211009173,0.13761467889908258,0,no,1,6.1899999999999995,875.3900000000014,881.5800000000014,0.010000000000000009,0.435,0.0008358334821821679,-0.0005382921381372752
2026-08-12 14:46:00+00:00,KXBTC15M-26AUG121100-00,2026-08-12 15:00:00+00:00,NO,14,0.53,16,8.48,0.28,0.7445255474452555,0.53,0.21452554744525543,0.25547445255474455,0,no,1,7.239999999999999,881.5800000000014,888.8200000000014,0.010000000000000009,0.475,0.00048331045603770156,-0.00028991561126323617
2026-08-12 15:01:00+00:00,KXBTC15M-26AUG121115-15,2026-08-12 15:15:00+00:00,NO,14,0.5700000000000001,15,8.55,0.26,0.8623853211009174,0.5700000000000001,0.2923853211009173,0.13761467889908258,1,yes,0,-8.81,888.8200000000014,880.0100000000015,0.010000000000000009,0.435,0.00035339164125078163,-0.0005438666438357664
2026-08-12 15:16:00+00:00,KXBTC15M-26AUG121130-30,2026-08-12 15:30:00+00:00,YES,14,0.51,17,8.67,0.3,0.5851063829787234,0.51,0.07510638297872341,0.5851063829787234,0,no,0,-8.97,880.0100000000015,871.0400000000014,0.010000000000000009,0.505,0.00034580541612239514,-4.74501308582731e-05
2026-08-12 15:31:00+00:00,KXBTC15M-26AUG121145-45,2026-08-12 15:45:00+00:00,YES,14,0.65,13,8.450000000000001,0.21,0.9196428571428571,0.65,0.2696428571428571,0.9196428571428571,1,yes,1,4.339999999999999,871.0400000000014,875.3800000000015,0.010000000000000009,0.645,0.00021264711570011667,0.000563977187312048
2026-08-12 15:46:00+00:00,KXBTC15M-26AUG121200-00,2026-08-12 16:00:00+00:00,NO,14,0.54,16,8.64,0.28,0.6829268292682926,0.54,0.1429268292682926,0.3170731707317073,0,no,1,7.079999999999999,875.3800000000015,882.4600000000015,0.009999999999999953,0.46499999999999997,0.00045454087690370375,-0.0002607259998171907
2026-08-12 16:01:00+00:00,KXBTC15M-26AUG121215-15,2026-08-12 16:15:00+00:00,YES,14,0.65,13,8.450000000000001,0.21,0.9196428571428571,0.65,0.2696428571428571,0.9196428571428571,1,yes,1,4.339999999999999,882.4600000000015,886.8000000000015,0.010000000000000009,0.645,0.0006329098639852749,0.0004413914387735307
2026-08-12 16:16:00+00:00,KXBTC15M-26AUG121230-30,2026-08-12 16:30:00+00:00,YES,14,0.63,14,8.82,0.23,0.9196428571428571,0.63,0.2896428571428571,0.9196428571428571,1,yes,1,4.949999999999999,886.8000000000015,891.7500000000016,0.010000000000000009,0.625,0.00033699778270188476,0.000625914402104355
2026-08-12 16:31:00+00:00,KXBTC15M-26AUG121245-45,2026-08-12 16:45:00+00:00,YES,14,0.6,14,8.4,0.24,0.9047619047619048,0.6,0.3047619047619048,0.9047619047619048,0,no,0,-8.64,891.7500000000016,883.1100000000016,0.010000000000000009,0.595,0.0001365983450976869,0.00045586468978275896
2026-08-12 16:46:00+00:00,KXBTC15M-26AUG121300-00,2026-08-12 17:00:00+00:00,NO,14,0.64,13,8.32,0.21,0.8623853211009174,0.64,0.22238532110091735,0.13761467889908258,0,no,1,4.47,883.1100000000016,887.5800000000016,0.010000000000000009,0.365,0.00030177317353575686,-0.0004940153234570532
2026-08-12 17:01:00+00:00,KXBTC15M-26AUG121315-15,2026-08-12 17:15:00+00:00,YES,14,0.52,17,8.84,0.3,0.6666666666666666,0.52,0.1466666666666666,0.6666666666666666,1,yes,1,7.86,887.5800000000016,895.4400000000016,0.010000000000000009,0.515,0.00016734408790816354,-1.9234935182965707e-05
2026-08-12 17:16:00+00:00,KXBTC15M-26AUG121330-30,2026-08-12 17:30:00+00:00,YES,14,0.58,15,8.7,0.26,0.8656126482213439,0.58,0.2856126482213439,0.8656126482213439,0,no,0,-8.959999999999999,895.4400000000016,886.4800000000016,0.010000000000000009,0.575,0.00015673310073649737,0.0002464483235369297
2026-08-12 17:31:00+00:00,KXBTC15M-26AUG121345-45,2026-08-12 17:45:00+00:00,NO,14,0.65,13,8.450000000000001,0.21,0.8623853211009174,0.65,0.21238532110091735,0.13761467889908258,1,yes,0,-8.660000000000002,886.4800000000016,877.8200000000016,0.010000000000000009,0.355,0.0004456789519740525,-0.0005482943155528108
2026-08-12 17:46:00+00:00,KXBTC15M-26AUG121400-00,2026-08-12 18:00:00+00:00,NO,14,0.6699999999999999,13,8.709999999999999,0.21,0.8623853211009174,0.6699999999999999,0.19238532110091744,0.13761467889908258,0,no,1,4.080000000000001,877.8200000000016,881.9000000000017,0.010000000000000009,0.335,0.0002457093019726295,-0.00047107397611989565
2026-08-12 18:01:00+00:00,KXBTC15M-26AUG121415-15,2026-08-12 18:15:00+00:00,YES,14,0.58,15,8.7,0.26,0.7424242424242424,0.58,0.16242424242424247,0.7424242424242424,1,yes,1,6.040000000000001,881.9000000000017,887.9400000000016,0.010000000000000009,0.575,0.0001661814180779567,0.00011875782157466652
2026-08-12 18:16:00+00:00,KXBTC15M-26AUG121430-30,2026-08-12 18:30:00+00:00,NO,14,0.64,13,8.32,0.21,0.8623853211009174,0.64,0.22238532110091735,0.13761467889908258,0,no,1,4.47,887.9400000000016,892.4100000000017,0.010000000000000009,0.365,0.0003975772130724226,-0.000406424439593267
2026-08-12 18:31:00+00:00,KXBTC15M-26AUG121445-45,2026-08-12 18:45:00+00:00,YES,14,0.68,13,8.84,0.2,0.9196428571428571,0.68,0.23964285714285705,0.9196428571428571,1,yes,1,3.96,892.4100000000017,896.3700000000017,0.010000000000000009,0.675,0.0002913205060136831,0.00047123412366323336
2026-08-12 18:48:00+00:00,KXBTC15M-26AUG121500-00,2026-08-12 19:00:00+00:00,NO,12,0.63,14,8.82,0.23,0.8095238095238095,0.63,0.17952380952380953,0.19047619047619047,0,no,1,4.949999999999999,896.3700000000017,901.3200000000018,0.010000000000000009,0.375,0.0001771858691250905,-0.0003249106929545942
2026-08-12 19:01:00+00:00,KXBTC15M-26AUG121515-15,2026-08-12 19:15:00+00:00,YES,14,0.65,13,8.450000000000001,0.21,0.8656126482213439,0.65,0.21561264822134385,0.8656126482213439,1,yes,1,4.339999999999999,901.3200000000018,905.6600000000018,0.010000000000000009,0.645,0.00021383312041450933,0.00026311699830583457
2026-08-12 19:16:00+00:00,KXBTC15M-26AUG121530-30,2026-08-12 19:30:00+00:00,NO,14,0.55,16,8.8,0.28,0.6209150326797386,0.55,0.07091503267973853,0.3790849673202614,0,no,1,6.919999999999999,905.6600000000018,912.5800000000017,0.010000000000000009,0.455,0.00017401342836195955,-0.00019013268229195468
2026-08-12 19:31:00+00:00,KXBTC15M-26AUG121545-45,2026-08-12 19:45:00+00:00,NO,14,0.55,16,8.8,0.28,0.7445255474452555,0.55,0.1945255474452554,0.25547445255474455,0,no,1,6.919999999999999,912.5800000000017,919.5000000000017,0.010000000000000009,0.455,0.0003254605570076833,-0.00029235369521807275
2026-08-12 19:46:00+00:00,KXBTC15M-26AUG121600-00,2026-08-12 20:00:00+00:00,NO,14,0.54,17,9.18,0.3,0.6209150326797386,0.54,0.08091503267973854,0.3790849673202614,1,yes,0,-9.48,919.5000000000017,910.0200000000017,0.009999999999999953,0.46499999999999997,0.0002009095591289481,-0.00022454496066437457
2026-08-12 20:01:00+00:00,KXBTC15M-26AUG121615-15,2026-08-12 20:15:00+00:00,YES,14,0.69,13,8.969999999999999,0.2,0.9196428571428571,0.69,0.22964285714285715,0.9196428571428571,1,yes,1,3.830000000000001,910.0200000000017,913.8500000000017,0.009999999999999898,0.685,0.00024607710518995645,0.0004871570345807985
2026-08-12 20:16:00+00:00,KXBTC15M-26AUG121630-30,2026-08-12 20:30:00+00:00,NO,14,0.61,14,8.54,0.24,0.7491534703887469,0.61,0.13915347038874692,0.2508465296112531,1,yes,0,-8.78,913.8500000000017,905.0700000000018,0.010000000000000009,0.395,0.0003703340356273045,-0.00032209919077708093
2026-08-12 20:33:00+00:00,KXBTC15M-26AUG121645-45,2026-08-12 20:45:00+00:00,YES,12,0.55,16,8.8,0.28,0.7578947368421053,0.55,0.20789473684210524,0.7578947368421053,1,yes,1,6.919999999999999,905.0700000000018,911.9900000000017,0.010000000000000009,0.545,9.064023500147763e-05,0.00013003899120644924
2026-08-12 20:46:00+00:00,KXBTC15M-26AUG121700-00,2026-08-12 21:00:00+00:00,YES,14,0.6,15,9.0,0.26,0.8656126482213439,0.6,0.2656126482213439,0.8656126482213439,1,yes,1,5.74,911.9900000000017,917.7300000000017,0.010000000000000009,0.595,0.00026892972038952576,0.00021218897263208802
2026-08-12 21:01:00+00:00,KXBTC15M-26AUG121715-15,2026-08-12 21:15:00+00:00,YES,14,0.71,12,8.52,0.18,0.9196428571428571,0.71,0.20964285714285713,0.9196428571428571,0,no,0,-8.7,917.7300000000017,909.0300000000017,0.010000000000000009,0.705,0.00018098488340535709,0.0006988126796325655
2026-08-12 21:16:00+00:00,KXBTC15M-26AUG121730-30,2026-08-12 21:30:00+00:00,YES,14,0.54,16,8.64,0.28,0.7578947368421053,0.54,0.21789473684210525,0.7578947368421053,0,no,0,-8.92,909.0300000000017,900.1100000000017,0.010000000000000009,0.535,0.0002509776809114216,0.00012436771218982123
2026-08-12 21:31:00+00:00,KXBTC15M-26AUG121745-45,2026-08-12 21:45:00+00:00,NO,14,0.5700000000000001,15,8.55,0.26,0.8623853211009174,0.5700000000000001,0.2923853211009173,0.13761467889908258,1,yes,0,-8.81,900.1100000000017,891.3000000000018,0.010000000000000009,0.435,0.0001686421148957884,-0.0005129814738646932
2026-08-12 21:46:00+00:00,KXBTC15M-26AUG121800-00,2026-08-12 22:00:00+00:00,YES,14,0.61,14,8.54,0.24,0.8656126482213439,0.61,0.2556126482213439,0.8656126482213439,0,no,0,-8.78,891.3000000000018,882.5200000000018,0.010000000000000009,0.605,0.0002614778224854708,0.0003071183381007092
2026-08-12 22:01:00+00:00,KXBTC15M-26AUG121815-15,2026-08-12 22:15:00+00:00,NO,14,0.47,18,8.459999999999999,0.32,0.5728476821192052,0.47,0.10284768211920525,0.4271523178807947,1,yes,0,-8.78,882.5200000000018,873.7400000000018,0.010000000000000009,0.535,0.00025960419385120525,-7.806568683443871e-05
2026-08-12 22:16:00+00:00,KXBTC15M-26AUG121830-30,2026-08-12 22:30:00+00:00,YES,14,0.53,16,8.48,0.28,0.7045454545454546,0.53,0.17454545454545456,0.7045454545454546,0,no,0,-8.76,873.7400000000018,864.9800000000018,0.010000000000000009,0.525,0.0003734444413860998,1.513387806895139e-05
2026-08-12 22:31:00+00:00,KXBTC15M-26AUG121845-45,2026-08-12 22:45:00+00:00,NO,14,0.6,14,8.4,0.24,0.7445255474452555,0.6,0.14452554744525548,0.25547445255474455,0,no,1,5.359999999999999,864.9800000000018,870.3400000000019,0.009999999999999953,0.405,0.0002795803643447321,-0.00026721756049752354
2026-08-12 22:46:00+00:00,KXBTC15M-26AUG121900-00,2026-08-12 23:00:00+00:00,YES,14,0.51,17,8.67,0.3,0.7045454545454546,0.51,0.19454545454545458,0.7045454545454546,1,yes,1,8.03,870.3400000000019,878.3700000000018,0.010000000000000009,0.505,0.00022963656482334458,1.9734527972214977e-05
2026-08-12 23:01:00+00:00,KXBTC15M-26AUG121915-15,2026-08-12 23:15:00+00:00,NO,14,0.53,16,8.48,0.28,0.6209150326797386,0.53,0.09091503267973855,0.3790849673202614,0,no,1,7.239999999999999,878.3700000000018,885.6100000000018,0.010000000000000009,0.475,0.0002009283602346673,-0.00015639227791430788
2026-08-12 23:16:00+00:00,KXBTC15M-26AUG121930-30,2026-08-12 23:30:00+00:00,YES,14,0.73,12,8.76,0.17,0.9196428571428571,0.73,0.1896428571428571,0.9196428571428571,0,no,0,-8.93,885.6100000000018,876.6800000000019,0.010000000000000009,0.725,0.00037277049322740024,0.0004620452772801098
2026-08-12 23:31:00+00:00,KXBTC15M-26AUG121945-45,2026-08-12 23:45:00+00:00,YES,14,0.64,13,8.32,0.21,0.8656126482213439,0.64,0.22561264822134386,0.8656126482213439,0,no,0,-8.530000000000001,876.6800000000019,868.1500000000019,0.010000000000000009,0.635,0.000350651999897644,0.0002510070275654197
2026-08-12 23:48:00+00:00,KXBTC15M-26AUG122000-00,2026-08-13 00:00:00+00:00,YES,12,0.55,15,8.25,0.26,0.6666666666666666,0.55,0.11666666666666659,0.6666666666666666,1,yes,1,6.49,868.1500000000019,874.6400000000019,0.010000000000000009,0.545,0.00024566185807136444,-2.636508795039738e-05
2026-08-13 00:01:00+00:00,KXBTC15M-26AUG122015-15,2026-08-13 00:15:00+00:00,YES,14,0.64,13,8.32,0.21,0.9047619047619048,0.64,0.26476190476190475,0.9047619047619048,1,yes,1,4.47,874.6400000000019,879.110000000002,0.010000000000000009,0.635,0.00048717980773026003,0.00041745665910397634
2026-08-13 00:16:00+00:00,KXBTC15M-26AUG122030-30,2026-08-13 00:30:00+00:00,YES,14,0.61,14,8.54,0.24,0.8656126482213439,0.61,0.2556126482213439,0.8656126482213439,1,yes,1,5.220000000000001,879.110000000002,884.330000000002,0.010000000000000009,0.605,0.00016367660886144498,0.00031559416070536805
2026-08-13 00:33:00+00:00,KXBTC15M-26AUG122045-45,2026-08-13 00:45:00+00:00,NO,12,0.75,11,8.25,0.15,0.9186991869918699,0.75,0.16869918699186992,0.08130081300813008,0,no,1,2.6,884.330000000002,886.930000000002,0.010000000000000009,0.255,0.00038674530871795156,-0.0009264317524413368
2026-08-13 00:46:00+00:00,KXBTC15M-26AUG122100-00,2026-08-13 01:00:00+00:00,NO,14,0.5800000000000001,15,8.700000000000001,0.26,0.7445255474452555,0.5800000000000001,0.16452554744525538,0.25547445255474455,1,yes,0,-8.96,886.930000000002,877.970000000002,0.010000000000000009,0.425,0.00038568493941651573,-0.0003055362089559033
2026-08-13 01:01:00+00:00,KXBTC15M-26AUG122115-15,2026-08-13 01:15:00+00:00,NO,14,0.7,12,8.399999999999999,0.18,0.9186991869918699,0.7,0.21869918699186996,0.08130081300813008,1,yes,0,-8.579999999999998,877.970000000002,869.3900000000019,0.010000000000000009,0.305,0.000263789423044905,-0.0008940027342816403
2026-08-13 01:16:00+00:00,KXBTC15M-26AUG122130-30,2026-08-13 01:30:00+00:00,YES,14,0.44,19,8.36,0.33,0.7045454545454546,0.44,0.2645454545454546,0.7045454545454546,0,no,0,-8.69,869.3900000000019,860.7000000000019,0.020000000000000018,0.43,0.0003238916437903753,-2.470482455330103e-05
2026-08-13 01:31:00+00:00,KXBTC15M-26AUG122145-45,2026-08-13 01:45:00+00:00,YES,14,0.6,14,8.4,0.24,0.7578947368421053,0.6,0.1578947368421053,0.7578947368421053,1,yes,1,5.359999999999999,860.7000000000019,866.0600000000019,0.010000000000000009,0.595,0.0005044294487764201,0.00010920719208273866
2026-08-13 01:46:00+00:00,KXBTC15M-26AUG122200-00,2026-08-13 02:00:00+00:00,NO,14,0.63,13,8.19,0.22,0.9186991869918699,0.63,0.2886991869918699,0.08130081300813008,1,yes,0,-8.41,866.0600000000019,857.6500000000019,0.010000000000000009,0.375,0.0002049673673999609,-0.000769126377215934
2026-08-13 02:03:00+00:00,KXBTC15M-26AUG122215-15,2026-08-13 02:15:00+00:00,YES,12,0.58,14,8.12,0.24,0.7578947368421053,0.58,0.17789473684210533,0.7578947368421053,1,yes,1,5.640000000000001,857.6500000000019,863.2900000000019,0.010000000000000009,0.575,0.0002444857838482035,0.00014796397313876497
2026-08-13 02:16:00+00:00,KXBTC15M-26AUG122230-30,2026-08-13 02:30:00+00:00,NO,14,0.61,14,8.54,0.24,0.7445255474452555,0.61,0.13452554744525547,0.25547445255474455,1,yes,0,-8.78,863.2900000000019,854.5100000000019,0.010000000000000009,0.395,0.00025575266733404185,-0.0002662523981249443
2026-08-13 02:31:00+00:00,KXBTC15M-26AUG122245-45,2026-08-13 02:45:00+00:00,NO,14,0.6799999999999999,12,8.16,0.19,0.926829268292683,0.6799999999999999,0.24682926829268304,0.07317073170731707,1,yes,0,-8.35,854.5100000000019,846.1600000000019,0.020000000000000018,0.33,0.00048073395753307215,-0.0011181767757049155
2026-08-13 02:48:00+00:00,KXBTC15M-26AUG122300-00,2026-08-13 03:00:00+00:00,YES,12,0.6,14,8.4,0.24,0.9196428571428571,0.6,0.3196428571428571,0.9196428571428571,1,yes,1,5.359999999999999,846.1600000000019,851.5200000000019,0.010000000000000009,0.595,0.00044437903476298753,0.0005397145898429212
2026-08-13 03:01:00+00:00,KXBTC15M-26AUG122315-15,2026-08-13 03:15:00+00:00,YES,14,0.51,16,8.16,0.28,0.8656126482213439,0.51,0.35561264822134386,0.8656126482213439,1,yes,1,7.56,851.5200000000019,859.0800000000019,0.010000000000000009,0.505,0.00020303787865064244,0.00020840382517905987
2026-08-13 03:22:00+00:00,KXBTC15M-26AUG122330-30,2026-08-13 03:30:00+00:00,YES,8,0.71,12,8.52,0.18,0.9196428571428571,0.71,0.20964285714285713,0.9196428571428571,0,no,0,-8.7,859.0800000000019,850.3800000000018,0.010000000000000009,0.705,0.000281632836509978,0.0005010079202392159
2026-08-13 03:31:00+00:00,KXBTC15M-26AUG122345-45,2026-08-13 03:45:00+00:00,YES,14,0.56,15,8.4,0.26,0.7424242424242424,0.56,0.18242424242424238,0.7424242424242424,1,yes,1,6.34,850.3800000000018,856.7200000000018,0.010000000000000009,0.555,0.0003215683547411299,9.384579435423035e-05
2026-08-13 03:46:00+00:00,KXBTC15M-26AUG130000-00,2026-08-13 04:00:00+00:00,YES,14,0.57,15,8.549999999999999,0.26,0.8656126482213439,0.57,0.2956126482213439,0.8656126482213439,1,yes,1,6.190000000000001,856.7200000000018,862.9100000000019,0.009999999999999898,0.565,0.0001983091197629886,0.00016688971109179995
2026-08-13 04:01:00+00:00,KXBTC15M-26AUG130015-15,2026-08-13 04:15:00+00:00,NO,14,0.5900000000000001,14,8.260000000000002,0.24,0.6829268292682926,0.5900000000000001,0.09292682926829254,0.3170731707317073,1,yes,0,-8.500000000000002,862.9100000000019,854.4100000000019,0.010000000000000009,0.415,0.00013338840327212906,-0.00022615617231780405
2026-08-13 04:16:00+00:00,KXBTC15M-26AUG130030-30,2026-08-13 04:30:00+00:00,NO,14,0.64,13,8.32,0.21,0.8623853211009174,0.64,0.22238532110091735,0.13761467889908258,0,no,1,4.47,854.4100000000019,858.8800000000019,0.010000000000000009,0.365,0.00036839317179853645,-0.00047055353635205854
2026-08-13 04:31:00+00:00,KXBTC15M-26AUG130045-45,2026-08-13 04:45:00+00:00,YES,14,0.66,13,8.58,0.21,0.8656126482213439,0.66,0.20561264822134384,0.8656126482213439,1,yes,1,4.21,858.8800000000019,863.090000000002,0.010000000000000009,0.655,0.0002099803975141558,0.00024051693511539796
2026-08-13 04:46:00+00:00,KXBTC15M-26AUG130100-00,2026-08-13 05:00:00+00:00,YES,14,0.73,11,8.03,0.16,0.975609756097561,0.73,0.24560975609756097,0.975609756097561,1,yes,1,2.8100000000000005,863.090000000002,865.9000000000019,0.010000000000000009,0.725,0.00047032082494970564,0.0010518856382013553
2026-08-13 05:01:00+00:00,KXBTC15M-26AUG130115-15,2026-08-13 05:15:00+00:00,NO,14,0.64,13,8.32,0.21,0.8623853211009174,0.64,0.22238532110091735,0.13761467889908258,1,yes,0,-8.530000000000001,865.9000000000019,857.3700000000019,0.010000000000000009,0.365,0.00010445244697445782,-0.00036271354995986993
2026-08-13 05:16:00+00:00,KXBTC15M-26AUG130130-30,2026-08-13 05:30:00+00:00,YES,14,0.78,10,7.800000000000001,0.13,0.999999,0.78,0.21999899999999994,0.999999,1,yes,1,2.0699999999999994,857.3700000000019,859.440000000002,0.010000000000000009,0.775,0.0008411052552752402,0.0018779713521612784
2026-08-13 05:31:00+00:00,KXBTC15M-26AUG130145-45,2026-08-13 05:45:00+00:00,NO,14,0.63,13,8.19,0.22,0.8623853211009174,0.63,0.23238532110091736,0.13761467889908258,0,no,1,4.590000000000001,859.440000000002,864.030000000002,0.010000000000000009,0.375,0.00026903239876866267,-0.0003776039526303121
2026-08-13 05:46:00+00:00,KXBTC15M-26AUG130200-00,2026-08-13 06:00:00+00:00,NO,14,0.5,17,8.5,0.3,0.5728476821192052,0.5,0.07284768211920523,0.4271523178807947,0,no,1,8.2,864.030000000002,872.2300000000021,0.010000000000000009,0.505,0.0001418096802908382,-5.9188136066978814e-05
2026-08-13 06:01:00+00:00,KXBTC15M-26AUG130215-15,2026-08-13 06:15:00+00:00,NO,14,0.61,14,8.54,0.24,0.7445255474452555,0.61,0.13452554744525547,0.25547445255474455,0,no,1,5.220000000000001,872.2300000000021,877.4500000000021,0.010000000000000009,0.395,0.0001838984528872375,-0.00028529709438773754
2026-08-13 06:16:00+00:00,KXBTC15M-26AUG130230-30,2026-08-13 06:30:00+00:00,NO,14,0.54,16,8.64,0.28,0.6,0.54,0.05999999999999994,0.4,0,no,1,7.079999999999999,877.4500000000021,884.5300000000021,0.009999999999999953,0.46499999999999997,0.00010542065124995924,-0.0001114815839792227
2026-08-13 06:31:00+00:00,KXBTC15M-26AUG130245-45,2026-08-13 06:45:00+00:00,NO,14,0.61,14,8.54,0.24,0.7445255474452555,0.61,0.13452554744525547,0.25547445255474455,0,no,1,5.220000000000001,884.5300000000021,889.7500000000022,0.010000000000000009,0.395,0.0001664257646910767,-0.0002811801411232162
2026-08-13 09:01:00+00:00,KXBTC15M-26AUG130515-15,2026-08-13 09:15:00+00:00,YES,14,0.55,16,8.8,0.28,0.7045454545454546,0.55,0.15454545454545454,0.7045454545454546,0,no,0,-9.08,889.7500000000022,880.6700000000021,0.010000000000000009,0.545,0.00011240881900517634,1.5539600867864323e-05
2026-08-13 09:16:00+00:00,KXBTC15M-26AUG130530-30,2026-08-13 09:30:00+00:00,NO,14,0.6599999999999999,13,8.579999999999998,0.21,0.8623853211009174,0.6599999999999999,0.20238532110091745,0.13761467889908258,1,yes,0,-8.79,880.6700000000021,871.8800000000022,0.009999999999999953,0.345,0.0002731511185577028,-0.0006130178058239011
2026-08-13 09:31:00+00:00,KXBTC15M-26AUG130545-45,2026-08-13 09:45:00+00:00,YES,14,0.69,12,8.28,0.18,0.8656126482213439,0.69,0.17561264822134393,0.8656126482213439,1,yes,1,3.5400000000000005,871.8800000000022,875.4200000000021,0.009999999999999898,0.685,0.00028258456806880635,0.00025203919044325396
2026-08-13 09:46:00+00:00,KXBTC15M-26AUG130600-00,2026-08-13 10:00:00+00:00,YES,14,0.58,15,8.7,0.26,0.7417218543046358,0.58,0.16172185430463581,0.7417218543046358,1,yes,1,6.040000000000001,875.4200000000021,881.4600000000021,0.010000000000000009,0.575,0.00014605533328125527,6.741013710187538e-05
2026-08-13 10:01:00+00:00,KXBTC15M-26AUG130615-15,2026-08-13 10:15:00+00:00,YES,14,0.57,15,8.549999999999999,0.26,0.7417218543046358,0.57,0.17172185430463582,0.7417218543046358,0,no,0,-8.809999999999999,881.4600000000021,872.6500000000021,0.009999999999999898,0.565,0.00012429167917184486,6.952234539214786e-05
2026-08-13 10:16:00+00:00,KXBTC15M-26AUG130630-30,2026-08-13 10:30:00+00:00,YES,14,0.6,14,8.4,0.24,0.7424242424242424,0.6,0.14242424242424245,0.7424242424242424,1,yes,1,5.359999999999999,872.6500000000021,878.0100000000022,0.010000000000000009,0.595,0.0002132045632498513,0.00010760640409146482
2026-08-13 10:31:00+00:00,KXBTC15M-26AUG130645-45,2026-08-13 10:45:00+00:00,NO,14,0.6,14,8.4,0.24,0.7445255474452555,0.6,0.14452554744525548,0.25547445255474455,1,yes,0,-8.64,878.0100000000022,869.3700000000022,0.009999999999999953,0.405,0.0001121489871125522,-0.0002874071766846287
2026-08-13 10:46:00+00:00,KXBTC15M-26AUG130700-00,2026-08-13 11:00:00+00:00,NO,14,0.5,17,8.5,0.3,0.5728476821192052,0.5,0.07284768211920523,0.4271523178807947,1,yes,0,-8.8,869.3700000000022,860.5700000000022,0.010000000000000009,0.505,0.00013493641687157824,-0.00010680455097500374
2026-08-13 11:03:00+00:00,KXBTC15M-26AUG130715-15,2026-08-13 11:15:00+00:00,NO,12,0.44999999999999996,19,8.549999999999999,0.33,0.5728476821192052,0.44999999999999996,0.12284768211920527,0.4271523178807947,0,no,1,10.120000000000001,860.5700000000022,870.6900000000022,0.010000000000000009,0.555,6.180983300459278e-05,-7.454155762609549e-05
2026-08-13 11:16:00+00:00,KXBTC15M-26AUG130730-30,2026-08-13 11:30:00+00:00,NO,14,0.56,15,8.4,0.26,0.6209150326797386,0.56,0.06091503267973852,0.3790849673202614,0,no,1,6.34,870.6900000000022,877.0300000000022,0.010000000000000009,0.445,8.291006927646865e-05,-0.0001596905244835023
2026-08-13 11:31:00+00:00,KXBTC15M-26AUG130745-45,2026-08-13 11:45:00+00:00,YES,14,0.62,14,8.68,0.24,0.7045454545454546,0.62,0.08454545454545459,0.7045454545454546,0,no,0,-8.92,877.0300000000022,868.1100000000023,0.010000000000000009,0.615,0.0001737140964898953,2.208823080662725e-06
2026-08-13 11:46:00+00:00,KXBTC15M-26AUG130800-00,2026-08-13 12:00:00+00:00,YES,14,0.7,12,8.399999999999999,0.18,0.9047619047619048,0.7,0.2047619047619048,0.9047619047619048,1,yes,1,3.4200000000000013,868.1100000000023,871.5300000000022,0.010000000000000009,0.695,0.0004046275460270253,0.0003988691554543955
2026-08-13 12:01:00+00:00,KXBTC15M-26AUG130815-15,2026-08-13 12:15:00+00:00,NO,14,0.6599999999999999,13,8.579999999999998,0.21,0.8623853211009174,0.6599999999999999,0.20238532110091745,0.13761467889908258,1,yes,0,-8.79,871.5300000000022,862.7400000000023,0.009999999999999953,0.345,0.00034248576907477127,-0.0004991013022680457
2026-08-13 12:16:00+00:00,KXBTC15M-26AUG130830-30,2026-08-13 12:30:00+00:00,YES,14,0.49,17,8.33,0.3,0.6666666666666666,0.49,0.17666666666666664,0.6666666666666666,1,yes,1,8.37,862.7400000000023,871.1100000000023,0.010000000000000009,0.485,0.00017516587788590803,-2.1420308184638692e-05
2026-08-13 12:31:00+00:00,KXBTC15M-26AUG130845-45,2026-08-13 12:45:00+00:00,NO,14,0.5700000000000001,15,8.55,0.26,0.8623853211009174,0.5700000000000001,0.2923853211009173,0.13761467889908258,1,yes,0,-8.81,871.1100000000023,862.3000000000023,0.010000000000000009,0.435,0.00018589875815349752,-0.0003506380368427653
2026-08-13 12:46:00+00:00,KXBTC15M-26AUG130900-00,2026-08-13 13:00:00+00:00,YES,14,0.54,15,8.100000000000001,0.27,0.7045454545454546,0.54,0.16454545454545455,0.7045454545454546,1,yes,1,6.629999999999999,862.3000000000023,868.9300000000023,0.010000000000000009,0.535,0.00014018136278425825,2.39312003180725e-05
2026-08-13 13:01:00+00:00,KXBTC15M-26AUG130915-15,2026-08-13 13:15:00+00:00,YES,14,0.65,13,8.450000000000001,0.21,0.9047619047619048,0.65,0.25476190476190474,0.9047619047619048,1,yes,1,4.339999999999999,868.9300000000023,873.2700000000024,0.010000000000000009,0.645,0.00030766394405433965,0.00044146432884928366
2026-08-13 13:16:00+00:00,KXBTC15M-26AUG130930-30,2026-08-13 13:30:00+00:00,NO,14,0.6599999999999999,13,8.579999999999998,0.21,0.8623853211009174,0.6599999999999999,0.20238532110091745,0.13761467889908258,0,no,1,4.210000000000002,873.2700000000024,877.4800000000024,0.009999999999999953,0.345,0.00014099143708433127,-0.0005188540799848651
2026-08-13 13:31:00+00:00,KXBTC15M-26AUG130945-45,2026-08-13 13:45:00+00:00,NO,14,0.49,17,8.33,0.3,0.5728476821192052,0.49,0.08284768211920523,0.4271523178807947,1,yes,0,-8.63,877.4800000000024,868.8500000000024,0.010000000000000009,0.515,0.00043328574962137766,-0.00011018140739116333
2026-08-13 13:46:00+00:00,KXBTC15M-26AUG131000-00,2026-08-13 14:00:00+00:00,NO,14,0.75,11,8.25,0.15,0.926829268292683,0.75,0.17682926829268297,0.07317073170731707,0,no,1,2.6,868.8500000000024,871.4500000000024,0.010000000000000009,0.255,0.0006903704489223855,-0.0012203646188401196
2026-08-13 14:01:00+00:00,KXBTC15M-26AUG131015-15,2026-08-13 14:15:00+00:00,YES,14,0.62,14,8.68,0.24,0.8888888888888888,0.62,0.26888888888888884,0.8888888888888888,1,yes,1,5.08,871.4500000000024,876.5300000000025,0.010000000000000009,0.615,0.0002895973817676713,0.0003460768039154072
2026-08-13 14:16:00+00:00,KXBTC15M-26AUG131030-30,2026-08-13 14:30:00+00:00,YES,14,0.63,13,8.19,0.22,0.9196428571428571,0.63,0.2896428571428571,0.9196428571428571,0,no,0,-8.41,876.5300000000025,868.1200000000025,0.010000000000000009,0.625,0.000566434723495725,0.0006545356670961677
2026-08-13 14:31:00+00:00,KXBTC15M-26AUG131045-45,2026-08-13 14:45:00+00:00,YES,14,0.55,15,8.25,0.26,0.7417218543046358,0.55,0.19172185430463573,0.7417218543046358,1,yes,1,6.49,868.1200000000025,874.6100000000025,0.010000000000000009,0.545,0.0004899423914169538,2.9967511138595526e-05
2026-08-13 14:46:00+00:00,KXBTC15M-26AUG131100-00,2026-08-13 15:00:00+00:00,NO,14,0.5900000000000001,14,8.260000000000002,0.24,0.7445255474452555,0.5900000000000001,0.15452554744525537,0.25547445255474455,0,no,1,5.499999999999998,874.6100000000025,880.1100000000025,0.010000000000000009,0.415,0.00026570888679821784,-0.0003114348712216497
2026-08-13 15:01:00+00:00,KXBTC15M-26AUG131115-15,2026-08-13 15:15:00+00:00,YES,14,0.64,13,8.32,0.21,0.9047619047619048,0.64,0.26476190476190475,0.9047619047619048,0,no,0,-8.530000000000001,880.1100000000025,871.5800000000025,0.010000000000000009,0.635,0.0003844824300515346,0.00038376755689562003
2026-08-13 15:16:00+00:00,KXBTC15M-26AUG131130-30,2026-08-13 15:30:00+00:00,NO,14,0.6,14,8.4,0.24,0.8623853211009174,0.6,0.2623853211009174,0.13761467889908258,0,no,1,5.359999999999999,871.5800000000025,876.9400000000026,0.009999999999999953,0.405,0.00022634298679770104,-0.00039424638642771015
2026-08-13 15:31:00+00:00,KXBTC15M-26AUG131145-45,2026-08-13 15:45:00+00:00,YES,14,0.51,17,8.67,0.3,0.7045454545454546,0.51,0.19454545454545458,0.7045454545454546,1,yes,1,8.03,876.9400000000026,884.9700000000025,0.010000000000000009,0.505,0.000677543838513896,-4.7672406550236524e-05
2026-08-13 15:46:00+00:00,KXBTC15M-26AUG131200-00,2026-08-13 16:00:00+00:00,NO,14,0.63,14,8.82,0.23,0.8623853211009174,0.63,0.23238532110091736,0.13761467889908258,0,no,1,4.949999999999999,884.9700000000025,889.9200000000026,0.010000000000000009,0.375,0.00037310393191872254,-0.0003708203784409392
2026-08-13 16:01:00+00:00,KXBTC15M-26AUG131215-15,2026-08-13 16:15:00+00:00,NO,14,0.54,16,8.64,0.28,0.8623853211009174,0.54,0.32238532110091733,0.13761467889908258,1,yes,0,-8.92,889.9200000000026,881.0000000000026,0.009999999999999953,0.46499999999999997,0.0005843056156643321,-0.0003725743038878182
2026-08-13 16:16:00+00:00,KXBTC15M-26AUG131230-30,2026-08-13 16:30:00+00:00,NO,14,0.51,17,8.67,0.3,0.6209150326797386,0.51,0.11091503267973857,0.3790849673202614,0,no,1,8.03,881.0000000000026,889.0300000000026,0.010000000000000009,0.495,9.37391931005783e-05,-0.00014810139220033935
2026-08-13 16:31:00+00:00,KXBTC15M-26AUG131245-45,2026-08-13 16:45:00+00:00,YES,14,0.73,12,8.76,0.17,0.9375,0.73,0.20750000000000002,0.9375,0,no,0,-8.93,889.0300000000026,880.1000000000026,0.010000000000000009,0.725,0.0008813204431623874,0.0007143867993069097
2026-08-13 16:46:00+00:00,KXBTC15M-26AUG131300-00,2026-08-13 17:00:00+00:00,YES,14,0.59,14,8.26,0.24,0.8656126482213439,0.59,0.2756126482213439,0.8656126482213439,1,yes,1,5.5,880.1000000000026,885.6000000000026,0.010000000000000009,0.585,0.0013090029983228613,0.00020341236569065835
2026-08-13 17:01:00+00:00,KXBTC15M-26AUG131315-15,2026-08-13 17:15:00+00:00,NO,14,0.53,16,8.48,0.28,0.6209150326797386,0.53,0.09091503267973855,0.3790849673202614,1,yes,0,-8.76,885.6000000000026,876.8400000000026,0.010000000000000009,0.475,0.0007051774026101633,-0.00021054327139846674
2026-08-13 17:16:00+00:00,KXBTC15M-26AUG131330-30,2026-08-13 17:30:00+00:00,NO,14,0.5,17,8.5,0.3,0.5728476821192052,0.5,0.07284768211920523,0.4271523178807947,1,yes,0,-8.8,876.8400000000026,868.0400000000027,0.010000000000000009,0.505,0.00024684526135565715,-9.290505056269716e-05
2026-08-13 17:31:00+00:00,KXBTC15M-26AUG131345-45,2026-08-13 17:45:00+00:00,YES,14,0.58,14,8.12,0.24,0.8656126482213439,0.58,0.2856126482213439,0.8656126482213439,1,yes,1,5.640000000000001,868.0400000000027,873.6800000000027,0.010000000000000009,0.575,0.00027568843206491115,0.000302584802955419
2026-08-13 17:46:00+00:00,KXBTC15M-26AUG131400-00,2026-08-13 18:00:00+00:00,YES,14,0.74,11,8.14,0.15,0.975609756097561,0.74,0.23560975609756096,0.975609756097561,0,no,0,-8.290000000000001,873.6800000000027,865.3900000000027,0.010000000000000009,0.735,0.0004436514539562778,0.0011786027310709546
2026-08-13 18:01:00+00:00,KXBTC15M-26AUG131415-15,2026-08-13 18:15:00+00:00,NO,14,0.63,13,8.19,0.22,0.8623853211009174,0.63,0.23238532110091736,0.13761467889908258,1,yes,0,-8.41,865.3900000000027,856.9800000000027,0.010000000000000009,0.375,0.0003490779847429976,-0.0005343491726940153
2026-08-13 18:16:00+00:00,KXBTC15M-26AUG131430-30,2026-08-13 18:30:00+00:00,YES,14,0.58,14,8.12,0.24,0.8656126482213439,0.58,0.2856126482213439,0.8656126482213439,0,no,0,-8.36,856.9800000000027,848.6200000000027,0.010000000000000009,0.575,0.00014998937659820962,0.00021871386113736513
2026-08-13 18:31:00+00:00,KXBTC15M-26AUG131445-45,2026-08-13 18:45:00+00:00,NO,14,0.55,15,8.25,0.26,0.6829268292682926,0.55,0.13292682926829258,0.3170731707317073,1,yes,0,-8.51,848.6200000000027,840.1100000000027,0.010000000000000009,0.455,0.00030578207059176615,-0.0002402582419281929
2026-08-13 18:46:00+00:00,KXBTC15M-26AUG131500-00,2026-08-13 19:00:00+00:00,YES,14,0.52,16,8.32,0.28,0.7045454545454546,0.52,0.18454545454545457,0.7045454545454546,1,yes,1,7.3999999999999995,840.1100000000027,847.5100000000027,0.010000000000000009,0.515,0.0001981522775112211,-4.118268432939942e-06
2026-08-13 19:01:00+00:00,KXBTC15M-26AUG131515-15,2026-08-13 19:15:00+00:00,YES,14,0.64,13,8.32,0.21,0.9047619047619048,0.64,0.26476190476190475,0.9047619047619048,1,yes,1,4.47,847.5100000000027,851.9800000000027,0.010000000000000009,0.635,0.0003632307141188012,0.0004473158676172595
2026-08-13 19:16:00+00:00,KXBTC15M-26AUG131530-30,2026-08-13 19:30:00+00:00,NO,14,0.61,13,7.93,0.22,0.8623853211009174,0.61,0.2523853211009174,0.13761467889908258,1,yes,0,-8.15,851.9800000000027,843.8300000000028,0.010000000000000009,0.395,0.0003723183189926021,-0.0004079454641326974
2026-08-13 19:31:00+00:00,KXBTC15M-26AUG131545-45,2026-08-13 19:45:00+00:00,YES,14,0.54,15,8.100000000000001,0.27,0.7417218543046358,0.54,0.20172185430463574,0.7417218543046358,0,no,0,-8.370000000000001,843.8300000000028,835.4600000000028,0.010000000000000009,0.535,0.00013559279328945198,5.20860543693491e-05
2026-08-13 19:46:00+00:00,KXBTC15M-26AUG131600-00,2026-08-13 20:00:00+00:00,YES,14,0.67,12,8.040000000000001,0.19,0.9196428571428571,0.67,0.24964285714285706,0.9196428571428571,1,yes,1,3.769999999999999,835.4600000000028,839.2300000000027,0.010000000000000009,0.665,0.00038250656738616254,0.0006002321360685237
2026-08-13 20:01:00+00:00,KXBTC15M-26AUG131615-15,2026-08-13 20:15:00+00:00,NO,14,0.6,13,7.8,0.22,0.8095238095238095,0.6,0.20952380952380956,0.19047619047619047,1,yes,0,-8.02,839.2300000000027,831.2100000000028,0.009999999999999953,0.405,0.00021180892004098786,-0.0003277430721650987
2026-08-13 20:16:00+00:00,KXBTC15M-26AUG131630-30,2026-08-13 20:30:00+00:00,YES,14,0.57,14,7.9799999999999995,0.25,0.7578947368421053,0.57,0.18789473684210534,0.7578947368421053,1,yes,1,5.7700000000000005,831.2100000000028,836.9800000000027,0.009999999999999898,0.565,0.0002535029322794213,0.0001589607534266957
2026-08-13 20:31:00+00:00,KXBTC15M-26AUG131645-45,2026-08-13 20:45:00+00:00,YES,14,0.52,16,8.32,0.28,0.7045454545454546,0.52,0.18454545454545457,0.7045454545454546,0,no,0,-8.6,836.9800000000027,828.3800000000027,0.010000000000000009,0.515,0.00016287144016963244,-9.780838233663935e-06
2026-08-13 20:46:00+00:00,KXBTC15M-26AUG131700-00,2026-08-13 21:00:00+00:00,NO,14,0.63,13,8.19,0.22,0.7445255474452555,0.63,0.11452554744525545,0.25547445255474455,0,no,1,4.590000000000001,828.3800000000027,832.9700000000028,0.010000000000000009,0.375,0.0001688324754303679,-0.00029847565908114326
2026-08-13 21:01:00+00:00,KXBTC15M-26AUG131715-15,2026-08-13 21:15:00+00:00,NO,14,0.55,15,8.25,0.26,0.7445255474452555,0.55,0.1945255474452554,0.25547445255474455,1,yes,0,-8.51,832.9700000000028,824.4600000000028,0.010000000000000009,0.455,0.00015280467734604534,-0.0002729285645394208
2026-08-13 21:16:00+00:00,KXBTC15M-26AUG131730-30,2026-08-13 21:30:00+00:00,NO,14,0.5700000000000001,14,7.98,0.25,0.7445255474452555,0.5700000000000001,0.1745255474452554,0.25547445255474455,1,yes,0,-8.23,824.4600000000028,816.2300000000027,0.010000000000000009,0.435,0.00019510138219664831,-0.00028670566200283965
2026-08-13 21:31:00+00:00,KXBTC15M-26AUG131745-45,2026-08-13 21:45:00+00:00,YES,14,0.7,11,7.699999999999999,0.17,0.8888888888888888,0.7,0.18888888888888888,0.8888888888888888,1,yes,1,3.130000000000001,816.2300000000027,819.3600000000027,0.010000000000000009,0.695,0.00018551579485854192,0.00035293107920231215
2026-08-13 21:46:00+00:00,KXBTC15M-26AUG131800-00,2026-08-13 22:00:00+00:00,NO,14,0.47,17,7.989999999999999,0.3,0.6209150326797386,0.47,0.1509150326797386,0.3790849673202614,1,yes,0,-8.29,819.3600000000027,811.0700000000028,0.010000000000000009,0.535,0.00019375225151535853,-0.000205395302347533
2026-08-13 22:01:00+00:00,KXBTC15M-26AUG131815-15,2026-08-13 22:15:00+00:00,YES,14,0.61,13,7.93,0.22,0.8656126482213439,0.61,0.2556126482213439,0.8656126482213439,1,yes,1,4.8500000000000005,811.0700000000028,815.9200000000028,0.010000000000000009,0.605,0.00015238091699647515,0.0002519957416189378
2026-08-13 22:16:00+00:00,KXBTC15M-26AUG131830-30,2026-08-13 22:30:00+00:00,YES,14,0.53,15,7.95,0.27,0.8656126482213439,0.53,0.33561264822134385,0.8656126482213439,1,yes,1,6.779999999999999,815.9200000000028,822.7000000000028,0.010000000000000009,0.525,0.00039590358325004827,0.0002920551096661228
2026-08-13 22:31:00+00:00,KXBTC15M-26AUG131845-45,2026-08-13 22:45:00+00:00,NO,14,0.6799999999999999,12,8.16,0.19,0.8623853211009174,0.6799999999999999,0.18238532110091743,0.13761467889908258,0,no,1,3.65,822.7000000000028,826.3500000000028,0.010000000000000009,0.325,0.0004517659971326976,-0.0004875603668643702
2026-08-13 22:46:00+00:00,KXBTC15M-26AUG131900-00,2026-08-13 23:00:00+00:00,NO,14,0.53,15,7.95,0.27,0.6,0.53,0.06999999999999995,0.4,0,no,1,6.779999999999999,826.3500000000028,833.1300000000027,0.010000000000000009,0.475,0.00016874804858597146,-0.00011307416042827256
2026-08-13 23:01:00+00:00,KXBTC15M-26AUG131915-15,2026-08-13 23:15:00+00:00,NO,14,0.48,17,8.16,0.3,0.5728476821192052,0.48,0.09284768211920524,0.4271523178807947,0,no,1,8.54,833.1300000000027,841.6700000000027,0.010000000000000009,0.525,5.2216997737751775e-05,-4.994633526256287e-05
2026-08-13 23:16:00+00:00,KXBTC15M-26AUG131930-30,2026-08-13 23:30:00+00:00,YES,14,0.54,15,8.100000000000001,0.27,0.7045454545454546,0.54,0.16454545454545455,0.7045454545454546,0,no,0,-8.370000000000001,841.6700000000027,833.3000000000027,0.010000000000000009,0.535,0.00017987565298051837,-1.7344812024755463e-05
2026-08-13 23:31:00+00:00,KXBTC15M-26AUG131945-45,2026-08-13 23:45:00+00:00,YES,14,0.64,13,8.32,0.21,0.7424242424242424,0.64,0.10242424242424242,0.7424242424242424,0,no,0,-8.530000000000001,833.3000000000027,824.7700000000027,0.010000000000000009,0.635,9.722759094911791e-05,0.00012094920685234989
2026-08-13 23:46:00+00:00,KXBTC15M-26AUG132000-00,2026-08-14 00:00:00+00:00,NO,14,0.52,15,7.800000000000001,0.27,0.6829268292682926,0.52,0.1629268292682926,0.3170731707317073,1,yes,0,-8.07,824.7700000000027,816.7000000000027,0.010000000000000009,0.485,0.0001063386757115421,-0.0002328080850652059
2026-08-14 00:01:00+00:00,KXBTC15M-26AUG132015-15,2026-08-14 00:15:00+00:00,YES,14,0.71,11,7.81,0.16,0.8888888888888888,0.71,0.17888888888888888,0.8888888888888888,1,yes,1,3.0300000000000002,816.7000000000027,819.7300000000026,0.010000000000000009,0.705,0.00021512604955556703,0.00034671953495757357
2026-08-14 00:16:00+00:00,KXBTC15M-26AUG132030-30,2026-08-14 00:30:00+00:00,YES,14,0.66,12,7.92,0.19,0.8656126482213439,0.66,0.20561264822134384,0.8656126482213439,0,no,0,-8.11,819.7300000000026,811.6200000000026,0.010000000000000009,0.655,0.00014116243215712542,0.0002061615833965913
2026-08-14 00:31:00+00:00,KXBTC15M-26AUG132045-45,2026-08-14 00:45:00+00:00,NO,14,0.6,13,7.8,0.22,0.8623853211009174,0.6,0.2623853211009174,0.13761467889908258,1,yes,0,-8.02,811.6200000000026,803.6000000000026,0.009999999999999953,0.405,0.000545164643041146,-0.0005588966310979826
2026-08-14 00:46:00+00:00,KXBTC15M-26AUG132100-00,2026-08-14 01:00:00+00:00,NO,14,0.72,11,7.92,0.16,0.8623853211009174,0.72,0.1423853211009174,0.13761467889908258,1,yes,0,-8.08,803.6000000000026,795.5200000000026,0.009999999999999953,0.28500000000000003,0.0003502369348282109,-0.0006758460955079704
2026-08-14 01:01:00+00:00,KXBTC15M-26AUG132115-15,2026-08-14 01:15:00+00:00,NO,14,0.5700000000000001,13,7.410000000000001,0.23,0.8333333333333334,0.5700000000000001,0.2633333333333333,0.16666666666666666,0,no,1,5.3599999999999985,795.5200000000026,800.8800000000026,0.010000000000000009,0.435,0.0002274186222856495,-0.00033789366384018305
2026-08-14 01:16:00+00:00,KXBTC15M-26AUG132130-30,2026-08-14 01:30:00+00:00,NO,14,0.5,16,8.0,0.29,0.6050420168067228,0.5,0.10504201680672276,0.3949579831932773,0,no,1,7.71,800.8800000000026,808.5900000000026,0.010000000000000009,0.505,0.0003222516007592794,-0.00015822034262902296
2026-08-14 01:31:00+00:00,KXBTC15M-26AUG132145-45,2026-08-14 01:45:00+00:00,NO,14,0.5,16,8.0,0.29,0.6209150326797386,0.5,0.12091503267973858,0.3790849673202614,1,yes,0,-8.29,808.5900000000026,800.3000000000027,0.010000000000000009,0.505,0.0002426327440487162,-0.00019091352515909765
2026-08-14 01:46:00+00:00,KXBTC15M-26AUG132200-00,2026-08-14 02:00:00+00:00,NO,14,0.7,11,7.699999999999999,0.17,0.8623853211009174,0.7,0.1623853211009174,0.13761467889908258,1,yes,0,-7.869999999999999,800.3000000000027,792.4300000000027,0.010000000000000009,0.305,0.0003148694887388645,-0.0006365311227025661
2026-08-14 02:01:00+00:00,KXBTC15M-26AUG132215-15,2026-08-14 02:15:00+00:00,NO,14,0.64,12,7.68,0.2,0.7445255474452555,0.64,0.10452554744525544,0.25547445255474455,0,no,1,4.12,792.4300000000027,796.5500000000027,0.010000000000000009,0.365,0.00028408689091155993,-0.0002840463121450698
2026-08-14 02:16:00+00:00,KXBTC15M-26AUG132230-30,2026-08-14 02:30:00+00:00,YES,14,0.63,12,7.5600000000000005,0.2,0.9196428571428571,0.63,0.2896428571428571,0.9196428571428571,0,no,0,-7.760000000000001,796.5500000000027,788.7900000000027,0.010000000000000009,0.625,0.0004398523093091941,0.0005566079589423012
2026-08-14 02:31:00+00:00,KXBTC15M-26AUG132245-45,2026-08-14 02:45:00+00:00,YES,14,0.64,12,7.68,0.2,0.8888888888888888,0.64,0.24888888888888883,0.8888888888888888,1,yes,1,4.12,788.7900000000027,792.9100000000027,0.010000000000000009,0.635,0.0001795974758329676,0.00035282816684967244
2026-08-14 02:46:00+00:00,KXBTC15M-26AUG132300-00,2026-08-14 03:00:00+00:00,YES,14,0.64,12,7.68,0.2,0.9047619047619048,0.64,0.26476190476190475,0.9047619047619048,0,no,0,-7.88,792.9100000000027,785.0300000000027,0.010000000000000009,0.635,0.0002507357841286357,0.0003660743186022497
2026-08-14 03:01:00+00:00,KXBTC15M-26AUG132315-15,2026-08-14 03:15:00+00:00,NO,14,0.6,13,7.8,0.22,0.7445255474452555,0.6,0.14452554744525548,0.25547445255474455,1,yes,0,-8.02,785.0300000000027,777.0100000000027,0.009999999999999953,0.405,0.00015872933974441633,-0.0003030747899330777
2026-08-14 03:16:00+00:00,KXBTC15M-26AUG132330-30,2026-08-14 03:30:00+00:00,YES,14,0.63,12,7.5600000000000005,0.2,0.7578947368421053,0.63,0.12789473684210528,0.7578947368421053,0,no,0,-7.760000000000001,777.0100000000027,769.2500000000027,0.020000000000000018,0.62,0.000145047674839893,0.000154969809264216
2026-08-14 03:31:00+00:00,KXBTC15M-26AUG132345-45,2026-08-14 03:45:00+00:00,NO,14,0.56,13,7.280000000000001,0.23,0.8623853211009174,0.56,0.3023853211009173,0.13761467889908258,0,no,1,5.489999999999998,769.2500000000027,774.7400000000027,0.010000000000000009,0.445,0.00023565736933362327,-0.0003920498101964709
2026-08-14 03:46:00+00:00,KXBTC15M-26AUG140000-00,2026-08-14 04:00:00+00:00,NO,14,0.47,16,7.52,0.28,0.6,0.47,0.13,0.4,0,no,1,8.200000000000001,774.7400000000027,782.9400000000028,0.010000000000000009,0.535,0.0002663558137397692,-0.00012350214170397944
2026-08-14 04:01:00+00:00,KXBTC15M-26AUG140015-15,2026-08-14 04:15:00+00:00,NO,14,0.5800000000000001,13,7.540000000000001,0.23,0.8623853211009174,0.5800000000000001,0.2823853211009173,0.13761467889908258,1,yes,0,-7.770000000000001,782.9400000000028,775.1700000000028,0.010000000000000009,0.425,0.00029228965673093194,-0.0006021868758675497
2026-08-14 04:16:00+00:00,KXBTC15M-26AUG140030-30,2026-08-14 04:30:00+00:00,YES,14,0.49,15,7.35,0.27,0.5851063829787234,0.49,0.09510638297872342,0.5851063829787234,1,yes,1,7.380000000000001,775.1700000000028,782.5500000000028,0.010000000000000009,0.485,6.125431506454041e-05,-2.2260129345474944e-05
2026-08-14 04:31:00+00:00,KXBTC15M-26AUG140045-45,2026-08-14 04:45:00+00:00,YES,14,0.55,14,7.700000000000001,0.25,0.7424242424242424,0.55,0.1924242424242424,0.7424242424242424,0,no,0,-7.950000000000001,782.5500000000028,774.6000000000028,0.010000000000000009,0.545,0.0002831941328639618,0.00010717492731759926
2026-08-14 04:48:00+00:00,KXBTC15M-26AUG140100-00,2026-08-14 05:00:00+00:00,YES,12,0.59,13,7.67,0.23,0.7417218543046358,0.59,0.1517218543046358,0.7417218543046358,0,no,0,-7.9,774.6000000000028,766.7000000000028,0.010000000000000009,0.585,0.00014799026882635397,6.72667513554881e-05
2026-08-14 05:01:00+00:00,KXBTC15M-26AUG140115-15,2026-08-14 05:15:00+00:00,YES,14,0.66,11,7.260000000000001,0.18,0.8656126482213439,0.66,0.20561264822134384,0.8656126482213439,0,no,0,-7.44,766.7000000000028,759.2600000000027,0.010000000000000009,0.655,0.0001941004260939423,0.00018165344440213005
2026-08-14 05:16:00+00:00,KXBTC15M-26AUG140130-30,2026-08-14 05:30:00+00:00,NO,14,0.62,12,7.4399999999999995,0.2,0.8623853211009174,0.62,0.24238532110091737,0.13761467889908258,0,no,1,4.36,759.2600000000027,763.6200000000027,0.010000000000000009,0.385,9.169656735212073e-05,-0.00038673946703926543
2026-08-14 05:33:00+00:00,KXBTC15M-26AUG140145-45,2026-08-14 05:45:00+00:00,YES,12,0.69,11,7.59,0.17,0.9047619047619048,0.69,0.21476190476190482,0.9047619047619048,1,yes,1,3.24,763.6200000000027,766.8600000000027,0.009999999999999898,0.685,0.00012920237030493572,0.00036277352451952183
2026-08-14 05:46:00+00:00,KXBTC15M-26AUG140200-00,2026-08-14 06:00:00+00:00,NO,14,0.53,14,7.42,0.25,0.6050420168067228,0.53,0.07504201680672273,0.3949579831932773,1,yes,0,-7.67,766.8600000000027,759.1900000000028,0.010000000000000009,0.475,0.00017706704199901602,-0.00015310395758727502
2026-08-14 06:03:00+00:00,KXBTC15M-26AUG140215-15,2026-08-14 06:15:00+00:00,NO,12,0.7,10,7.0,0.15,0.8623853211009174,0.7,0.1623853211009174,0.13761467889908258,0,no,1,2.85,759.1900000000028,762.0400000000028,0.010000000000000009,0.305,0.00017715579683578507,-0.0006117212616968404
2026-08-14 06:16:00+00:00,KXBTC15M-26AUG140230-30,2026-08-14 06:30:00+00:00,NO,14,0.5800000000000001,13,7.540000000000001,0.23,0.7445255474452555,0.5800000000000001,0.16452554744525538,0.25547445255474455,0,no,1,5.229999999999999,762.0400000000028,767.2700000000028,0.010000000000000009,0.425,0.00023166068497213214,-0.0002941316466833488
2026-08-14 06:31:00+00:00,KXBTC15M-26AUG140245-45,2026-08-14 06:45:00+00:00,YES,14,0.63,12,7.5600000000000005,0.2,0.8656126482213439,0.63,0.23561264822134387,0.8656126482213439,0,no,0,-7.760000000000001,767.2700000000028,759.5100000000028,0.010000000000000009,0.625,0.000288269449198995,0.00022289359611016302
2026-08-14 06:46:00+00:00,KXBTC15M-26AUG140300-00,2026-08-14 07:00:00+00:00,NO,14,0.45999999999999996,16,7.359999999999999,0.28,0.5728476821192052,0.45999999999999996,0.11284768211920526,0.4271523178807947,0,no,1,8.360000000000001,759.5100000000028,767.8700000000028,0.010000000000000009,0.545,0.0001330997171575075,-8.079917033509965e-05
2026-08-14 07:16:00+00:00,KXBTC15M-26AUG140330-30,2026-08-14 07:30:00+00:00,NO,14,0.47,16,7.52,0.28,0.5728476821192052,0.47,0.10284768211920525,0.4271523178807947,1,yes,0,-7.8,767.8700000000028,760.0700000000029,0.010000000000000009,0.535,0.00016427324240100407,-9.093566611095838e-05
2026-08-14 07:31:00+00:00,KXBTC15M-26AUG140345-45,2026-08-14 07:45:00+00:00,NO,14,0.52,14,7.28,0.25,0.5728476821192052,0.52,0.05284768211920521,0.4271523178807947,0,no,1,6.47,760.0700000000029,766.5400000000029,0.010000000000000009,0.485,6.462096012834115e-05,-4.997368845638395e-05
2026-08-14 07:46:00+00:00,KXBTC15M-26AUG140400-00,2026-08-14 08:00:00+00:00,NO,14,0.5,15,7.5,0.27,0.5728476821192052,0.5,0.07284768211920523,0.4271523178807947,0,no,1,7.23,766.5400000000029,773.7700000000029,0.020000000000000018,0.51,0.00015507032131960205,-5.368740334676936e-05
2026-08-14 08:01:00+00:00,KXBTC15M-26AUG140415-15,2026-08-14 08:15:00+00:00,YES,14,0.58,13,7.539999999999999,0.23,0.7045454545454546,0.58,0.12454545454545463,0.7045454545454546,0,no,0,-7.77,773.7700000000029,766.000000000003,0.010000000000000009,0.575,0.00023920758053061803,-1.908934289751585e-06
2026-08-14 08:16:00+00:00,KXBTC15M-26AUG140430-30,2026-08-14 08:30:00+00:00,YES,14,0.69,11,7.59,0.17,0.9047619047619048,0.69,0.21476190476190482,0.9047619047619048,0,no,0,-7.76,766.000000000003,758.240000000003,0.009999999999999898,0.685,0.00039059930063270405,0.000360556287753111
2026-08-14 08:31:00+00:00,KXBTC15M-26AUG140445-45,2026-08-14 08:45:00+00:00,NO,14,0.56,13,7.280000000000001,0.23,0.8623853211009174,0.56,0.3023853211009173,0.13761467889908258,1,yes,0,-7.510000000000002,758.240000000003,750.730000000003,0.010000000000000009,0.445,0.00027524533174697947,-0.00047799348602328706
2026-08-14 08:46:00+00:00,KXBTC15M-26AUG140500-00,2026-08-14 09:00:00+00:00,YES,14,0.57,13,7.409999999999999,0.23,0.7417218543046358,0.57,0.17172185430463582,0.7417218543046358,1,yes,1,5.36,750.730000000003,756.090000000003,0.009999999999999898,0.565,0.00023801171721558865,5.528515749664287e-05
2026-08-14 09:03:00+00:00,KXBTC15M-26AUG140515-15,2026-08-14 09:15:00+00:00,NO,12,0.72,10,7.199999999999999,0.15,0.8623853211009174,0.72,0.1423853211009174,0.13761467889908258,0,no,1,2.650000000000001,756.090000000003,758.740000000003,0.009999999999999953,0.28500000000000003,0.0002699862563097528,-0.00069108489353642
2026-08-14 09:16:00+00:00,KXBTC15M-26AUG140530-30,2026-08-14 09:30:00+00:00,NO,14,0.52,14,7.28,0.25,0.6209150326797386,0.52,0.10091503267973856,0.3790849673202614,0,no,1,6.47,758.740000000003,765.210000000003,0.010000000000000009,0.485,0.0003001148452690953,-0.00022179441393332944
2026-08-14 09:31:00+00:00,KXBTC15M-26AUG140545-45,2026-08-14 09:45:00+00:00,NO,14,0.64,11,7.04,0.18,0.8623853211009174,0.64,0.22238532110091735,0.13761467889908258,0,no,1,3.78,765.210000000003,768.990000000003,0.010000000000000009,0.365,0.000503416694835376,-0.0005312140448340275
2026-08-14 09:46:00+00:00,KXBTC15M-26AUG140600-00,2026-08-14 10:00:00+00:00,YES,14,0.63,12,7.5600000000000005,0.2,0.8656126482213439,0.63,0.23561264822134387,0.8656126482213439,1,yes,1,4.239999999999999,768.990000000003,773.230000000003,0.010000000000000009,0.625,0.00012179629669926749,0.00023875495272984715
2026-08-14 10:01:00+00:00,KXBTC15M-26AUG140615-15,2026-08-14 10:15:00+00:00,NO,14,0.63,12,7.5600000000000005,0.2,0.8623853211009174,0.63,0.23238532110091736,0.13761467889908258,1,yes,0,-7.760000000000001,773.230000000003,765.470000000003,0.010000000000000009,0.375,0.00021775390003624876,-0.0005442286181041034
2026-08-14 10:16:00+00:00,KXBTC15M-26AUG140630-30,2026-08-14 10:30:00+00:00,NO,14,0.48,15,7.199999999999999,0.27,0.5728476821192052,0.48,0.09284768211920524,0.4271523178807947,1,yes,0,-7.469999999999999,765.470000000003,758.000000000003,0.010000000000000009,0.525,0.00017550154213091137,-6.227295654315235e-05
2026-08-14 10:31:00+00:00,KXBTC15M-26AUG140645-45,2026-08-14 10:45:00+00:00,YES,14,0.74,10,7.4,0.14,0.9196428571428571,0.74,0.1796428571428571,0.9196428571428571,0,no,0,-7.54,758.000000000003,750.460000000003,0.010000000000000009,0.735,0.0004750442572002764,0.0005457783534881244
2026-08-14 10:46:00+00:00,KXBTC15M-26AUG140700-00,2026-08-14 11:00:00+00:00,YES,14,0.66,11,7.260000000000001,0.18,0.8656126482213439,0.66,0.20561264822134384,0.8656126482213439,0,no,0,-7.44,750.460000000003,743.0200000000029,0.010000000000000009,0.655,0.00022486224624936342,0.00019091508514179623
2026-08-14 11:01:00+00:00,KXBTC15M-26AUG140715-15,2026-08-14 11:15:00+00:00,YES,14,0.57,13,7.409999999999999,0.23,0.7045454545454546,0.57,0.13454545454545463,0.7045454545454546,1,yes,1,5.36,743.0200000000029,748.380000000003,0.009999999999999898,0.565,0.00017600235992814613,1.1314277646334858e-05
2026-08-14 11:16:00+00:00,KXBTC15M-26AUG140730-30,2026-08-14 11:30:00+00:00,NO,14,0.49,15,7.35,0.27,0.6209150326797386,0.49,0.13091503267973859,0.3790849673202614,1,yes,0,-7.619999999999999,748.380000000003,740.760000000003,0.010000000000000009,0.515,0.00014373009674496757,-0.00015416538792745182
2026-08-14 11:31:00+00:00,KXBTC15M-26AUG140745-45,2026-08-14 11:45:00+00:00,NO,14,0.5,14,7.0,0.25,0.6209150326797386,0.5,0.12091503267973858,0.3790849673202614,0,no,1,6.75,740.760000000003,747.510000000003,0.010000000000000009,0.505,0.00021199183906172735,-0.0001836744600981488
2026-08-14 11:46:00+00:00,KXBTC15M-26AUG140800-00,2026-08-14 12:00:00+00:00,NO,14,0.5,14,7.0,0.25,0.5728476821192052,0.5,0.07284768211920523,0.4271523178807947,0,no,1,6.75,747.510000000003,754.260000000003,0.010000000000000009,0.505,0.00022865942767232925,-9.423804402564073e-05
2026-08-14 12:01:00+00:00,KXBTC15M-26AUG140815-15,2026-08-14 12:15:00+00:00,YES,14,0.67,11,7.37,0.18,0.9047619047619048,0.67,0.23476190476190473,0.9047619047619048,0,no,0,-7.55,754.260000000003,746.710000000003,0.010000000000000009,0.665,0.0003127418045585445,0.0004194419797405313
2026-08-14 12:16:00+00:00,KXBTC15M-26AUG140830-30,2026-08-14 12:30:00+00:00,YES,14,0.79,9,7.11,0.11,0.9629629629629629,0.79,0.17296296296296287,0.9629629629629629,1,yes,1,1.7799999999999996,746.710000000003,748.490000000003,0.010000000000000009,0.785,0.00041458611098307716,0.0008498466626065682
2026-08-14 12:31:00+00:00,KXBTC15M-26AUG140845-45,2026-08-14 12:45:00+00:00,NO,14,0.61,12,7.32,0.2,0.8623853211009174,0.61,0.2523853211009174,0.13761467889908258,0,no,1,4.4799999999999995,748.490000000003,752.970000000003,0.010000000000000009,0.395,0.0003478942540471526,-0.00047549883600683795
2026-08-14 12:46:00+00:00,KXBTC15M-26AUG140900-00,2026-08-14 13:00:00+00:00,NO,14,0.45999999999999996,16,7.359999999999999,0.28,0.5728476821192052,0.45999999999999996,0.11284768211920526,0.4271523178807947,0,no,1,8.360000000000001,752.970000000003,761.330000000003,0.010000000000000009,0.545,0.00016266977025972276,-7.001387199678799e-05
2026-08-14 13:01:00+00:00,KXBTC15M-26AUG140915-15,2026-08-14 13:15:00+00:00,NO,14,0.6,12,7.199999999999999,0.21,0.8623853211009174,0.6,0.2623853211009174,0.13761467889908258,0,no,1,4.590000000000001,761.330000000003,765.920000000003,0.009999999999999953,0.405,0.0002193690815551786,-0.0003982450413227978
2026-08-14 13:16:00+00:00,KXBTC15M-26AUG140930-30,2026-08-14 13:30:00+00:00,NO,14,0.54,14,7.5600000000000005,0.25,0.8623853211009174,0.54,0.32238532110091733,0.13761467889908258,1,yes,0,-7.8100000000000005,765.920000000003,758.1100000000031,0.009999999999999953,0.46499999999999997,0.0003069139921491054,-0.00036947350504545895
2026-08-14 13:31:00+00:00,KXBTC15M-26AUG140945-45,2026-08-14 13:45:00+00:00,NO,14,0.56,13,7.280000000000001,0.23,0.7445255474452555,0.56,0.1845255474452554,0.25547445255474455,0,no,1,5.489999999999998,758.1100000000031,763.6000000000031,0.010000000000000009,0.445,0.00026997370706261924,-0.0002913311521500761
2026-08-14 13:46:00+00:00,KXBTC15M-26AUG141000-00,2026-08-14 14:00:00+00:00,YES,14,0.56,13,7.280000000000001,0.23,0.8656126482213439,0.56,0.3056126482213438,0.8656126482213439,0,no,0,-7.510000000000002,763.6000000000031,756.0900000000031,0.010000000000000009,0.555,0.0005112543281907755,0.00016079414102554423
2026-08-14 14:01:00+00:00,KXBTC15M-26AUG141015-15,2026-08-14 14:15:00+00:00,YES,14,0.64,11,7.04,0.18,0.9196428571428571,0.64,0.2796428571428571,0.9196428571428571,0,no,0,-7.22,756.0900000000031,748.8700000000031,0.010000000000000009,0.635,0.0005023009209079426,0.0006828247756249795
2026-08-14 14:16:00+00:00,KXBTC15M-26AUG141030-30,2026-08-14 14:30:00+00:00,YES,14,0.66,11,7.260000000000001,0.18,0.9196428571428571,0.66,0.25964285714285706,0.9196428571428571,1,yes,1,3.559999999999999,748.8700000000031,752.430000000003,0.010000000000000009,0.655,0.0006549419744918889,0.000612838756095746
2026-08-14 14:31:00+00:00,KXBTC15M-26AUG141045-45,2026-08-14 14:45:00+00:00,NO,14,0.5900000000000001,12,7.080000000000001,0.21,0.8623853211009174,0.5900000000000001,0.2723853211009173,0.13761467889908258,1,yes,0,-7.290000000000001,752.430000000003,745.140000000003,0.010000000000000009,0.415,0.00043212567205193776,-0.0005093517720059504
2026-08-14 14:46:00+00:00,KXBTC15M-26AUG141100-00,2026-08-14 15:00:00+00:00,YES,14,0.59,12,7.08,0.21,0.9047619047619048,0.59,0.3147619047619048,0.9047619047619048,0,no,0,-7.29,745.140000000003,737.8500000000031,0.010000000000000009,0.585,0.0003217339059059462,0.00040346549580316804
2026-08-14 15:01:00+00:00,KXBTC15M-26AUG141115-15,2026-08-14 15:15:00+00:00,YES,14,0.69,10,6.8999999999999995,0.15,0.9629629629629629,0.69,0.27296296296296296,0.9629629629629629,1,yes,1,2.9500000000000006,737.8500000000031,740.8000000000031,0.009999999999999898,0.685,0.0008213444782012569,0.0007836438206976215
2026-08-14 15:16:00+00:00,KXBTC15M-26AUG141130-30,2026-08-14 15:30:00+00:00,NO,14,0.54,13,7.0200000000000005,0.23,0.6209150326797386,0.54,0.08091503267973854,0.3790849673202614,1,yes,0,-7.250000000000001,740.8000000000031,733.5500000000031,0.009999999999999953,0.46499999999999997,0.00011231653334285668,-0.0002139415147761614
2026-08-14 15:31:00+00:00,KXBTC15M-26AUG141145-45,2026-08-14 15:45:00+00:00,YES,14,0.58,12,6.959999999999999,0.21,0.9196428571428571,0.58,0.33964285714285714,0.9196428571428571,1,yes,1,4.830000000000001,733.5500000000031,738.3800000000032,0.010000000000000009,0.575,0.0007538118050293184,0.0004836523435538531
2026-08-14 15:46:00+00:00,KXBTC15M-26AUG141200-00,2026-08-14 16:00:00+00:00,YES,14,0.59,12,7.08,0.21,0.9047619047619048,0.59,0.3147619047619048,0.9047619047619048,1,yes,1,4.71,738.3800000000032,743.0900000000032,0.010000000000000009,0.585,8.111080101868986e-05,0.00040276115500592624
2026-08-14 16:01:00+00:00,KXBTC15M-26AUG141215-15,2026-08-14 16:15:00+00:00,NO,14,0.56,13,7.280000000000001,0.23,0.6209150326797386,0.56,0.06091503267973852,0.3790849673202614,1,yes,0,-7.510000000000002,743.0900000000032,735.5800000000032,0.010000000000000009,0.445,0.0003077538828520054,-0.00019066670585932144
2026-08-14 16:16:00+00:00,KXBTC15M-26AUG141230-30,2026-08-14 16:30:00+00:00,YES,14,0.51,14,7.140000000000001,0.25,0.7417218543046358,0.51,0.23172185430463577,0.7417218543046358,1,yes,1,6.609999999999999,735.5800000000032,742.1900000000032,0.010000000000000009,0.505,0.0005259802268144983,2.7312941681678637e-05
